index,published,keyword,domain,language,valid,title,description,url,image,archive,content,quote,de,en,la,added
8afae10f28b609dc54060347deecaf73,2026-07-01T02:21:37Z,'cold spell',www.lifesciencesworld.com,en,0.3,Does the cold bother deer?,"Does the Cold Bother Deer? Understanding Deer and Winter Survival Yes, the cold does bother deer, but they possess remarkable adaptations that allow them to survive even harsh winters. Through physiological changes, behavioral strategies, and access to adequa…",https://www.lifesciencesworld.com/does-the-cold-bother-deer/,,,"Yes, the cold does bother deer, but they possess remarkable adaptations that allow them to survive even harsh winters. Through physiological changes, behavioral strategies, and access to adequate res… [+8672 chars]",,"Stört die Kälte Hirsche? Stört die Kälte Hirsche? Hirsche und das Überleben im Winter verstehen Ja, die Kälte macht Hirschen zu schaffen, aber sie verfügen über bemerkenswerte Anpassungen, die es ihnen ermöglichen, selbst strenge Winter zu überleben. Durch physiologische Veränderungen, Verhaltensstrategien und Zugang zu angemessenen…","Does the cold bother deer?. Does the Cold Bother Deer? Understanding Deer and Winter Survival Yes, the cold does bother deer, but they possess remarkable adaptations that allow them to survive even harsh winters. Through physiological changes, behavioral strategies, and access to adequa…","Frigidus cervos vexat ?. Frigidus est Bother cervi? Intellectus Cervus et Hiems Superstes Immo, frigus cervos vexat, sed adaptationes mirabiles possident, quae eas etiam duras hiemes superesse permittunt. Per mutationes physiologicas, consilia morum et accessus ad adaequationem…",2026-07-02 12:06:40+00:00
77d69518a429a45aa736e4543ca1bcde,2026-07-01T00:00:00Z,'heating system',www.nature.com,en,0.3,Moderate volcanic eruptions and extreme wildfires humidify the stratosphere,"Observations and modelling show that volcanic eruptions and extreme wildfires have systematically increased stratospheric water vapour since 2005, revealing that these episodic aerosol perturbations are a previously overlooked driver of stratospheric water va…",https://www.nature.com/articles/s41586-026-10731-0,https://media.springernature.com/m685/springer-static/image/art%3A10.1038%2Fs41586-026-10731-0/MediaObjects/41586_2026_10731_Fig1_HTML.png,,"<li>Dessler, A. E., Schoeberl, M. R., Wang, T., Davis, S. M. &amp; Rosenlof, K. H. Stratospheric water vapor feedback. Proc. Natl Acad. Sci. USA110, 1808718091 (2013).
Article 
 ADS 
 CAS 
 PubMe… [+12390 chars]",,"Moderate Vulkanausbrüche und extreme Waldbrände befeuchten die Stratosphäre. Beobachtungen und Modellierungen zeigen, dass Vulkanausbrüche und extreme Waldbrände seit 2005 den stratosphärischen Wasserdampf systematisch erhöht haben, was zeigt, dass diese episodischen Aerosolstörungen ein bisher übersehener Treiber für den stratosphärischen Wasserdampf sind.","Moderate volcanic eruptions and extreme wildfires humidify the stratosphere. Observations and modelling show that volcanic eruptions and extreme wildfires have systematically increased stratospheric water vapour since 2005, revealing that these episodic aerosol perturbations are a previously overlooked driver of stratospheric water va…","Molestae eruptiones moderatae et extremae flammae silvestres stratosphaerium humidificant. Animadversiones et exemplares ostendunt eruptiones vulcanicae et extremae flammae ignis systematice augeri vaporum aquae stratosphericae cum 2005, ostendens has perturbationes episodicas aerosolas antea neglectas esse agitator aquae stratosphaerici va…",2026-07-03 07:59:01+00:00
fde3fd547492f06c3b97bacac819a25b,2026-07-02T13:19:00Z,'cold spell',www.prnewswire.co.uk,en,0.7,Heatwave puts refrigeration resilience in the spotlight as industry rethinks design for a changing climate,"GLASGOW, Scotland, July 2, 2026 /PRNewswire/ -- As much of the UK recovers from another spell of exceptionally hot weather, recent comments from the UK Cold Chain Federation and widespread media reports of refrigeration outages have brought renewed attention …",https://www.prnewswire.co.uk/news-releases/heatwave-puts-refrigeration-resilience-in-the-spotlight-as-industry-rethinks-design-for-a-changing-climate-302816845.html,https://mma.prnewswire.com/media/3003346/Star_Refrigeration_Cascade_Ammonia_System.jpg?p=facebook,,"GLASGOW, Scotland, July 2, 2026 /PRNewswire/ -- As much of the UK recovers from another spell of exceptionally hot weather, recent comments from the UK Cold Chain Federation and widespread media repo… [+6850 chars]",,"Heatwave rückt die Widerstandsfähigkeit der Kühlung ins Rampenlicht, während die Industrie das Design für ein sich veränderndes Klima überdenkt. GLASGOW, Schottland, 2. Juli 2026 /PRNewswire/ -- Während sich ein Großteil des Vereinigten Königreichs von einer weiteren Phase außergewöhnlich heißen Wetters erholt, haben jüngste Kommentare der UK Cold Chain Federation und weit verbreitete Medienberichte über Kühlausfälle erneut für Aufmerksamkeit gesorgt …","Heatwave puts refrigeration resilience in the spotlight as industry rethinks design for a changing climate. GLASGOW, Scotland, July 2, 2026 /PRNewswire/ -- As much of the UK recovers from another spell of exceptionally hot weather, recent comments from the UK Cold Chain Federation and widespread media reports of refrigeration outages have brought renewed attention …","Heatwave refrigerationem mollitiem in arcu ponit sicut industria recogitat consilium mutationis climatis. GLASGOW, Scotia, die 2 iulii 2026 /PRNewswire/ -- Quantum in UK ab alio carmine singulari aestus recuperat, commentaria recentia de Foedero UK Frigida Chain ac pervulgata instrumentorum refrigerationis outages relationes renovatam attulerunt operam ...",2026-07-03 16:22:29+00:00
11f5c72f300b3ccecb247b7a68f602bb,2026-07-02T01:49:39Z,'cold snap',www.lifesciencesworld.com,en,0.3,Can ferrets stay outside in winter?,"Can Ferrets Safely Brave the Winter Outdoors? The answer is a qualified no. While some ferrets can tolerate short periods outside in mild winter conditions, leaving them outdoors unsupervised for extended periods during cold weather is generally unsafe and po…",https://www.lifesciencesworld.com/can-ferrets-stay-outside-in-winter/,,,"Can Ferrets Safely Brave the Winter Outdoors?
The answer is a qualified no. While some ferrets can tolerate short periods outside in mild winter conditions, leaving them outdoors unsupervised for ex… [+7756 chars]",,"Können Frettchen im Winter draußen bleiben? Können Frettchen dem Winter im Freien sicher trotzen? Die Antwort ist ein qualifiziertes Nein. Während einige Frettchen bei milden Winterbedingungen kurze Aufenthalte im Freien vertragen, ist es im Allgemeinen unsicher und gefährlich, sie bei kaltem Wetter längere Zeit unbeaufsichtigt im Freien zu lassen.","Can ferrets stay outside in winter?. Can Ferrets Safely Brave the Winter Outdoors? The answer is a qualified no. While some ferrets can tolerate short periods outside in mild winter conditions, leaving them outdoors unsupervised for extended periods during cold weather is generally unsafe and po…","Possuntne galgos foris in hieme manere ?. Potestne Ferrets Tutus Fortis hiemem foris? Dicendum est quid n. Dum ferrets aliquas breves periodos extra lenis hiemis conditiones tolerare possunt, iis foris incautus per intervalla protracta in frigoribus fere tuta et po... relinquunt.",2026-07-04 11:23:19+00:00
3eb51b2c216ba28336b4c8622b82f9ad,2026-07-02T00:00:00Z,'extreme cold',www.nature.com,en,0.8,Ultra flash cold events under global warming,"This study finds that ultra flash cold events, marked by sudden extreme temperature drops, are intensifying over North America but fading over Eurasia. Current climate models miss this divergence, posing several socioeconomical risks.",https://www.nature.com/articles/s41467-026-75094-6,,,"It is widely assumed that global warming will make winters milder and reduce extreme cold. However, this assumption is contradicted by the recurrence of flash cold (FC) eventssudden, violent temperat… [+1117 chars]",,"Ultraschnelle Kälteereignisse im Zuge der globalen Erwärmung. Diese Studie kommt zu dem Ergebnis, dass sich extreme Kälteereignisse, die durch plötzliche extreme Temperaturabfälle gekennzeichnet sind, über Nordamerika verstärken, über Eurasien jedoch nachlassen. Aktuelle Klimamodelle übersehen diese Divergenz, was mehrere sozioökonomische Risiken mit sich bringt.","Ultra flash cold events under global warming. This study finds that ultra flash cold events, marked by sudden extreme temperature drops, are intensifying over North America but fading over Eurasia. Current climate models miss this divergence, posing several socioeconomical risks.","Ultra mico frigus eventus sub calefactione globali. Hoc studium invenit quod eventus ultra fulgurare frigus, quod guttae temperatae extremae subito notatae sunt, augere super Americam septentrionalem sed evanescere super Eurasiam. Exemplaria climatis currentis hanc discrepantiam desiderant, varia pericula oeconomicae ponentes.",2026-07-04 11:23:19+00:00
526169d50782ae9814fa7f19cfad2bb4,2026-07-03T08:30:00Z,'cold front',www.autocar.co.uk,en,0.3,6 ways Renault Scenic is perfect for families,"From a boot that swallows everything to a rear armrest that holds your kid’s tablet, here’s why Renault Scenic E-Tech electric might just be the ultimate family car

Finding a family car that ticks every box is harder than it looks. It needs to be genuinely s…",https://www.autocar.co.uk/car-news/advertising-promotions-promoted-by-renault/6-ways-renault-scenic-perfect-families,https://images.cdn.autocar.co.uk/sites/autocar.co.uk/files/images/car-reviews/first-drives/legacy/main_image_1.jpg,,"Learn more about the Renault Scenic
[1] Model shown is Scenic iconic long range with up to 369 miles. 379 miles based on Scenic techno long range. WLTP figures shown are for comparability purposes o… [+1355 chars]",,"6 Gründe, warum der Renault Scenic perfekt für Familien ist. Von einem Kofferraum, der alles verschluckt, bis hin zu einer hinteren Armlehne, die das Tablet Ihres Kindes hält – hier erfahren Sie, warum der Renault Scenic E-Tech electric möglicherweise das ultimative Familienauto ist

Ein Familienauto zu finden, das alle Anforderungen erfüllt, ist schwieriger als es aussieht. Es muss wirklich so sein…","6 ways Renault Scenic is perfect for families. From a boot that swallows everything to a rear armrest that holds your kid’s tablet, here’s why Renault Scenic E-Tech electric might just be the ultimate family car

Finding a family car that ticks every box is harder than it looks. It needs to be genuinely s…","VI modis Vel Satis perfectus est pro familiis. Ex tabernus quae devorat omnia ad armillam posteriorem quae tabellam tuam tenet, hic est cur Renault Scenic E-Tech electrici modo carrus familiae ultimus esse potest.

Inveniens raedam familiarem quae ricini singulis arca durior est quam spectat. Oportet ut vere s…",2026-07-04 20:51:44+00:00
4765a8eed4cae16f4d84a5eeec85ac76,2026-07-03T10:00:00Z,'colder than usual',www.theatlantic.com,en,0.3,What I Learned from ROTC,"Military experience is, sooner or later, humbling.",https://www.theatlantic.com/ideas/2026/07/army-military-service-training-lessons/687589/,https://cdn.theatlantic.com/thumbor/G74tridMoYYY17KGXDqm67ItUGU=/4x122:2880x1620/1200x625/media/img/mt/2026/06/2026_06_22_What_I_Learned_From_ROTC/original.jpg,,"My military career was part-time, uneventful, and inglorious. I leveled out as a captain in the Army (a courtesy, really, because I got the promotion as I went on inactive status), and other than tra… [+6724 chars]",,Was ich von ROTC gelernt habe. Militärische Erfahrung macht früher oder später demütigend.,"What I Learned from ROTC. Military experience is, sooner or later, humbling.","Quod ex ROTC didici. Rei militaris est, serius vel serius, humilians.",2026-07-04 20:51:44+00:00
cb762b6b5841af3540c53c01ab97ba02,2026-07-03T11:30:45Z,'colder than usual',thefederalist.com,en,0.3,Here’s Your Movie Guide For Hosting The Ultimate America 250 Film Fest,"What better way to celebrate Independence Day than with American stories featuring the good, true, and beautiful -- and the occasional epic chase scene?",https://thefederalist.com/2026/07/03/heres-your-movie-guide-for-hosting-the-ultimate-america-250-film-fest/,https://thefederalist.com/wp-content/uploads/2026/07/Screenshot-2026-07-02-at-2.46.33-PM.png,,"Millions of Americans spanning 50 states are preparing to spend one of the best weekends in history celebrating the best country in history. And nothing goes better with freedom, good food, and blowi… [+7506 chars]",,"Hier ist Ihr Filmführer für die Ausrichtung des Ultimate America 250 Film Fest. Gibt es einen besseren Weg, den Unabhängigkeitstag zu feiern, als mit amerikanischen Geschichten über das Gute, Wahre und Schöne – und gelegentlich epische Verfolgungsjagden?","Here’s Your Movie Guide For Hosting The Ultimate America 250 Film Fest. What better way to celebrate Independence Day than with American stories featuring the good, true, and beautiful -- and the occasional epic chase scene?","Here's Your Movie Guide For Hosting The Ultimate America 250 Film Fest. Quid melius Libertatis Diem celebrare, quam cum Americanis fabulis, bonas, veras, speciosas formare, et interdum epici venandi scenam?",2026-07-04 20:51:44+00:00
54aa80bb841a26963b158913d877bcb2,2026-07-03T14:01:00Z,'colder than usual',www.addictedtoquack.com,en,0.3,Duck Dive: Michigan Football 2026 Preview,"Going deep with the Wolverines’ scheme, returning personnel, and unknowns",https://www.addictedtoquack.com/big-ten-football/61722/duck-dive-michigan-football-2026-preview,https://s.yimg.com/ny/api/res/1.2/iDFhi8NCJpg3t93hj2W2oA--/YXBwaWQ9aGlnaGxhbmRlcjt3PTEyMDA7aD04MDA7Y2Y9d2VicA--/https://media.zenfs.com/en/sb_nation_articles_115/f3ee49f3d367061cc19ebba3cf4174e5,,"Special thanks to Jake Singer of Maize n Brew for joining me to discuss Michigans roster on this weeks podcast:
View Link
In one sense, Michigans 2026 staff turnover to head coach Whittingham and t… [+42771 chars]",,"Duck Dive: Vorschau auf Michigan Football 2026. Tief in den Plan der Wolverines eintauchen, zurückkehrendes Personal und Unbekannte","Duck Dive: Michigan Football 2026 Preview. Going deep with the Wolverines’ scheme, returning personnel, and unknowns","Duck Dive: Michigan Football 2026 Preview. Altum ire cum consilio Wolverinorum, personas reddens, et incognitas",2026-07-04 20:51:44+00:00
1c695479d93e296cfec2906acfdb5a0f,2026-07-03T14:02:40Z,'colder than usual',road.cc,en,0.3,Is this the most predictable Tour de France of the decade? road.cc’s ‘expert’ panel might prove you wrong,"My name is Tadej Pogačar, king of kings: Look on my works, Ye mighty and despair.If a certain Slovenian doesn’t win this year’s Tour de France, it will be a bigger story than if he does. His are not yet vast and trunkless legs, eroded by history into a distan…",https://road.cc/feature/2026-tour-preview-and-predictions,https://cdn.road.cc/wp-content/uploads/2026/04/2025-Tour-de-France-Etape-18-VINGEGAARD-POGACAR-A.S.O.-Charly-Lopez-.jpeg,,"My name is Tadej Pogačar, king of kings: Look on my works, Ye mighty and despair.
If a certain Slovenian doesn’t win this year’s Tour de France, it will be a bigger story than if he does. His are no… [+20282 chars]",,"Ist dies die vorhersehbarste Tour de France des Jahrzehnts? Das Expertengremium von road.cc könnte Ihnen das Gegenteil beweisen. Mein Name ist Tadej Pogačar, König der Könige: Schaut auf meine Werke, ihr Mächtigen und Verzweifelten. Wenn ein gewisser Slowene die diesjährige Tour de France nicht gewinnt, wird das eine größere Geschichte sein, als wenn er sie gewinnt. Seine Beine sind noch nicht riesig und rüssellos, durch die Geschichte in die Ferne erodiert …","Is this the most predictable Tour de France of the decade? road.cc’s ‘expert’ panel might prove you wrong. My name is Tadej Pogačar, king of kings: Look on my works, Ye mighty and despair.If a certain Slovenian doesn’t win this year’s Tour de France, it will be a bigger story than if he does. His are not yet vast and trunkless legs, eroded by history into a distan…","Estne haec praevisissima Tour de Gallia decennii? road.cc's 'decuriam periti' demonstrare posset iniuriam. Meum nomen est Tadej Pogačar, rex regum: Opera mea respice, Fortis et despera. Si quidam Slovenian hoc anno in Tour de France non obtinet, maior fabula erit quam si facit. Nondum sunt eius vasti et trunci crures, historia in distans exesa.",2026-07-04 20:51:44+00:00
324ffa6f8792a79e1f4953bb99838beb,2026-07-03T16:45:37Z,'colder than usual',spacedaily.com,en,0.3,"After the Soviet Union invaded Finland in the winter of 1939 expecting an easy victory in 2 weeks, the Finns held them off for 105 days in temperatures that fell below minus 40 degrees — including a single farmer-turned-sniper named Simo Häyhä who killed more than 500 Soviet soldiers in 100 days without ever using a telescopic sight.",Stalin had expected to reach Helsinki in two weeks. He never reached it. The specific mechanism by which a country of approximately 3.7 million people successfully defended itself for 105 days against an invasion by a country of approximately 170 million peop…,https://spacedaily.com/d-after-the-soviet-union-invaded-finland-in-the-winter-of-1939-expecting-an-easy-victory-in-2-weeks-the-finns-held-them-off-for-105-days-in-temperatures-that-fell-below-minus-40-degrees-inclu/,https://spacedaily.com/wp-content/uploads/2026/07/Posts-1600840-2026-07-03T113344.865.png,,Stalin had expected to reach Helsinki in two weeks. He never reached it. The specific mechanism by which a country of approximately 3.7 million people successfully defended itself for 105 days agains… [+8914 chars],,"Nachdem die Sowjetunion im Winter 1939 in Finnland einmarschiert war und einen leichten Sieg in zwei Wochen erwartete, hielten die Finnen sie 105 Tage lang bei Temperaturen unter minus 40 Grad zurück – darunter ein einziger Landwirt, der zum Scharfschützen namens Simo Häyhä wurde und in 100 Tagen mehr als 500 sowjetische Soldaten tötete, ohne jemals ein Zielfernrohr zu benutzen. Stalin hatte damit gerechnet, Helsinki in zwei Wochen zu erreichen. Er hat es nie erreicht. Der spezifische Mechanismus, mit dem sich ein Land mit etwa 3,7 Millionen Einwohnern 105 Tage lang erfolgreich gegen eine Invasion eines Landes mit etwa 170 Millionen Einwohnern verteidigte …","After the Soviet Union invaded Finland in the winter of 1939 expecting an easy victory in 2 weeks, the Finns held them off for 105 days in temperatures that fell below minus 40 degrees — including a single farmer-turned-sniper named Simo Häyhä who killed more than 500 Soviet soldiers in 100 days without ever using a telescopic sight.. Stalin had expected to reach Helsinki in two weeks. He never reached it. The specific mechanism by which a country of approximately 3.7 million people successfully defended itself for 105 days against an invasion by a country of approximately 170 million peop…","Postquam Unione Sovietica Finniam invasit, hieme anni 1939 facilem victoriam exspectans Finni II septimanas tenuerunt eos per 105 dies in temperaturis infra minus 40 gradus cadentibus — unum agricolam-sniper nomine Simo Häyhä qui plus quam 500 milites Sovietici per 100 dies necavit sine ullo telescopio visus.. Stalin Helsinkium duabus septimanis perventurum putarat. Numquam attigit. Mechanismus specifica, qua regio circiter 3.7 miliones hominum per centum dies se feliciter defendebat contra irruptionem per fines circiter 170 miliones hominum.",2026-07-04 20:51:44+00:00
2805cedc7fa06ef2ad77d8695a9bd3ad,2026-07-03T17:10:07Z,'colder than usual',electrek.co,en,0.3,"Volkswagen’s next electric SUV is almost here, and it’s not just a rebadged ID.4 [Images]","The Volkswagen ID. Tiguan is expected to debut later this year, bringing much more than just a new look and name.",http://electrek.co/2026/07/03/volkswagens-next-ev-suv-not-just-rebadged-id-4-images/,https://i0.wp.com/electrek.co/wp-content/uploads/sites/3/2026/01/Volkswagen-ID.4-refresh.jpeg?resize=1200%2C628&quality=82&strip=all&ssl=1,,"The Volkswagen ID. Tiguan is expected to debut later this year, bringing much more than just a new look and name.
Volkswagen announced in April that it would end production of the ID.4 at its Chatta… [+3186 chars]",,"Der nächste Elektro-SUV von Volkswagen ist fast da, und es ist nicht nur ein umbenannter ID.4 [Bilder]. Der Volkswagen ID. Der Tiguan wird voraussichtlich noch in diesem Jahr auf den Markt kommen und viel mehr als nur ein neues Aussehen und einen neuen Namen mit sich bringen.","Volkswagen’s next electric SUV is almost here, and it’s not just a rebadged ID.4 [Images]. The Volkswagen ID. Tiguan is expected to debut later this year, bringing much more than just a new look and name.","Volkswagen proximus electrici SUV hic fere est, et id non modo rebaded.4 [Images]. Volkswagen ID. Tiguan expectatur serius hoc anno debutturum, multo plus quam novum aspectum et nomen ferens.",2026-07-04 20:51:44+00:00
cfaa2bb73d752bde06cd8892b285f74a,2026-07-03T19:00:00Z,'colder than usual',www.tarheelblog.com,en,0.3,Beating the Heat,It’s hotter than fish grease.,https://www.tarheelblog.com/general/57602/beating-the-heat,https://s.yimg.com/lo/mysterio/api/589f05739dee2c0bc78d5aae2858c338399a4def70c67591aefe801030d6b5a5/lightyear_networkapi/resizefill_w1200;quality_80;format_webp/https:%2F%2Fmedia.zenfs.com%2Fen%2Fsb_nation_articles_115%2Fbc284af0e44c8246222bc31988fdd55f,,"Waves of heat radiate off of expanses of concrete, folding the heavy summer air back onto itself and pooling in low-lying areas like water. Summer has arrived, quick as you like, slamming the door on… [+2542 chars]",,Der Hitze trotzen. Es ist heißer als Fischfett.,Beating the Heat. It’s hotter than fish grease.,Calorem percutere. Adipe piscium calidior est.,2026-07-04 20:51:44+00:00
26dc4df0f5c5f54504ee3af31320d04e,2026-07-03T15:30:23Z,'extreme cold',www.yahoo.com,en,0.3,Washington Post throws cold water on DC fireworks with report of 'hazardous air pollution',"Internal National Park Service documents project hazardous PM2.5 levels from 850,000 fireworks shells launched across 10 sites on the National Mall.",https://www.yahoo.com/news/us/articles/washington-post-throws-cold-water-on-dc-fireworks-with-report-of-hazardous-air-pollution-153023669.html,https://s.yimg.com/lo/mysterio/api/08b4c3cd5fc5a7f12fd99975caeff0f1064426afe9e98e165568f67e4b03a0f1/lightyear_networkapi/resizefill_w1200;quality_80;format_webp/https:%2F%2Fmedia.zenfs.com%2Fen%2Ffox_news_text_979%2F5b1b4eb771e0f378aea206092a8eedb9,,"Fireworks planned for President Donald Trump's July Fourth celebration on the National Mall are expected to cause hazardous air pollution around the Mall and ""very unhealthy"" conditions across centra… [+4342 chars]",,"Washington Post schüttet kaltes Wasser auf Feuerwerkskörper in DC mit Bericht über „gefährliche Luftverschmutzung“. Der Internal National Park Service dokumentiert, dass 850.000 Feuerwerkskörper, die an 10 Standorten in der National Mall abgefeuert wurden, gefährliche PM2,5-Werte aufweisen.","Washington Post throws cold water on DC fireworks with report of 'hazardous air pollution'. Internal National Park Service documents project hazardous PM2.5 levels from 850,000 fireworks shells launched across 10 sites on the National Mall.","Washington Post aquam frigidam in DC ignium iacit cum relatione ""aeris pollutionis ardui"". Interna National Park Service documenta ancipitia PM2.5 gradus exstent ex 850,000 ignium conchis trans 10 locis in National Mallum deductis.",2026-07-05 16:03:24+00:00
d0d05ec0c9c94800267b2ec4a459e79d,2026-07-02T02:17:55Z,'cold snap',www.lifesciencesworld.com,en,0.3,Do moles and voles come in the house?,"Do Moles and Voles Come in the House? No, generally, moles do not come into houses; their subterranean lifestyle prevents them from entering dwellings. Voles, however, are occasionally found indoors, especially during colder months or when seeking shelter. In…",https://www.lifesciencesworld.com/do-moles-and-voles-come-in-the-house/,,,"No, generally, moles do not come into houses; their subterranean lifestyle prevents them from entering dwellings.Voles, however, are occasionally found indoors, especially during colder months or whe… [+8213 chars]",,"Kommen Maulwürfe und Wühlmäuse ins Haus? Kommen Maulwürfe und Wühlmäuse ins Haus? Nein, im Allgemeinen kommen Maulwürfe nicht in Häuser; Ihr unterirdischer Lebensstil hindert sie daran, Wohnungen zu betreten. Wühlmäuse kommen jedoch gelegentlich in Innenräumen vor, insbesondere in den kälteren Monaten oder auf der Suche nach Schutz. In…","Do moles and voles come in the house?. Do Moles and Voles Come in the House? No, generally, moles do not come into houses; their subterranean lifestyle prevents them from entering dwellings. Voles, however, are occasionally found indoors, especially during colder months or when seeking shelter. In…","Num talpae et volae ingrediuntur in domo? Num Moles et Voles in Domo veniunt? Vulgo, talpae aedes non veniunt; subterraneum eorum vivendi genus vetat ut tabernacula ingrediantur. Voles autem interdum domesticas reperiuntur, praesertim mensibus frigidioribus vel cum latebra quaerunt. In…",2026-07-06 02:43:13+00:00
e11046e54f16a1cc79d3b561c47f97fe,2026-07-04T04:51:05Z,'cold snap',slickdeals.net,en,0.7,Coleman Snap 'N Go 45-Quart Collapsible Hard Cooler $153.99 + Free S&H at Amazon (2 replies),"Amazon.com has Coleman Snap 'N Go 45-Quart Collapsible Hard Cooler, Portable Hard-Sided Cooler with Waterproof Removable Liner, Spacing-Saving & Quick Set Up, 55 Hours Cold for $153.99.  Ship",https://slickdeals.net/f/19719849-coleman-snap-n-go-45-quart-collapsible-hard-cooler-153-99-free-s-h-at-amazon,https://slickdeals.net/attachment/2/9/8/1/5/7/1/1/450x450/20895804.thumb,,"This collaborative space allows users to contribute additional information, tips, and insights to enhance the original deal post. Feel free to share your knowledge and help fellow shoppers make infor… [+26 chars]",,"Coleman Snap 'N Go 45-Quart zusammenklappbarer Hartkühler 153,99 $ + kostenloser Versand und Versand bei Amazon (2 Antworten). Bei Amazon.com gibt es den zusammenklappbaren 45-Quart-Festkühler Snap 'N Go von Coleman, einen tragbaren Hartschalenkühler mit wasserdichtem herausnehmbarem Innenfutter, platzsparend und schnell aufgebaut, 55 Stunden kalt für 153,99 $.  Schiff","Coleman Snap 'N Go 45-Quart Collapsible Hard Cooler $153.99 + Free S&H at Amazon (2 replies). Amazon.com has Coleman Snap 'N Go 45-Quart Collapsible Hard Cooler, Portable Hard-Sided Cooler with Waterproof Removable Liner, Spacing-Saving & Quick Set Up, 55 Hours Cold for $153.99.  Ship","Coleman Snap 'N Go 45-Quart Collapsible Hard Cooler $153.99 + Free S&H apud Amazon (2 responsa). Amazon.com habet Coleman Snap 'N Go 45-Quart Collapsible Hard Cooler, Portable Hard- Sided Cooler with Waterproof Removable Liner, Spacing-Saving & Velox Erigite, 55 Horae Frigus for $153.99.  Navis",2026-07-06 02:43:13+00:00
ffec8c02c8a2eaa89e9062d21be3576b,2026-07-02T23:08:25Z,'cold snap',nypost.com,en,0.8,Mamdani can’t even get City Hall to stick to his 78-degree AC rule – as temps in building hit as low as 54,"Zo’s so cold. Temperatures inside City Hall plunged as low as 54 degrees Thursday during the ongoing heat wave — despite Mayor Zohran Mamdani urging New Yorkers to set their air conditioners to a balmy 78, The Post found. Sweaty Post reporters armed with an i…",https://nypost.com/2026/07/02/us-news/mamdani-cant-even-get-city-hall-to-stick-to-his-78-degree-ac-rule-as-temps-in-building-hit-as-low-as-54/,https://nypost.com/wp-content/uploads/sites/2/2026/07/133061015.jpg?quality=75&strip=all&w=1200,http://web.archive.org/web/20260702232134/https://nypost.com/2026/07/02/us-news/mamdani-cant-even-get-city-hall-to-stick-to-his-78-degree-ac-rule-as-temps-in-building-hit-as-low-as-54/,"Zo’s so cold.
Temperatures inside City Hall plunged as low as 54 degrees Thursday during the ongoing heat wave — despite Mayor Zohran Mamdani urging New Yorkers to set their air conditioners to a ba… [+4812 chars]",,"Mamdani kann das Rathaus nicht einmal dazu bringen, sich an seine 78-Grad-Wechselstromregel zu halten – da die Temperaturen im Gebäude auf bis zu 54 Grad sinken. Zo ist so kalt. Die Temperaturen im Rathaus sanken am Donnerstag während der anhaltenden Hitzewelle auf bis zu 54 Grad – obwohl Bürgermeister Zohran Mamdani die New Yorker dazu drängte, ihre Klimaanlagen auf milde 78 Grad einzustellen, wie The Post herausfand. Verschwitzte Post-Reporter bewaffnet mit einem I…","Mamdani can’t even get City Hall to stick to his 78-degree AC rule – as temps in building hit as low as 54. Zo’s so cold. Temperatures inside City Hall plunged as low as 54 degrees Thursday during the ongoing heat wave — despite Mayor Zohran Mamdani urging New Yorkers to set their air conditioners to a balmy 78, The Post found. Sweaty Post reporters armed with an i…","Mamdani etiam City Hall nequeunt, ut 78-gradum AC regulae eius adhaereant — sicut temps in aedificando tam demissa quam 54. Zo's tam frigida est. Temperaturae intus City Hall demissae sicut 54 gradus Iovis per undam caloris permanenti — non obstante Major Zohran Mamdani New Yorkers hortatus est ut suas aeris conditioners ad balsamum 78, Post inventum inveniatur. Sudor Post notarios armatus cum i…",2026-07-06 02:43:13+00:00
f165f654561c4b9f0bece59908c18008,2026-07-01T06:00:00Z,'cold snap',www.naturalnews.com,en,0.9,Intermittency of Wind and Solar Power Raises Grid Reliability Concerns,"Grid operators face increased risks during prolonged periods of low wind and solar generation, a phenomenon known as “Dunkelflaute,” according to multiple reports and officials. A recent cold snap in Europe and a heatwave in Texas highlighted the vulnerabilit…",https://www.naturalnews.com/2026-07-01-intermittency-wind-solar-raises-grid-reliability-concerns.html,https://www.naturalnews.com/wp-content/uploads/sites/91/2026/07/intermittency-wind-power-solar-power-2402-original.jpg,http://web.archive.org/web/20260702032036/https://www.naturalnews.com/2026-07-01-intermittency-wind-solar-raises-grid-reliability-concerns.html,"Grid operators face increased risks during prolonged periods of low wind and solar generation, a phenomenon known as ""Dunkelflaute,"" according to multiple reports and officials.
A recent cold snap i… [+6704 chars]",,"Die Unterbrechung von Wind- und Solarenergie wirft Bedenken hinsichtlich der Netzzuverlässigkeit auf. Mehreren Berichten und Beamten zufolge sind Netzbetreiber während längerer Perioden geringer Wind- und Solarstromerzeugung, einem Phänomen, das als „Dunkelflaute“ bekannt ist, erhöhten Risiken ausgesetzt. Ein jüngster Kälteeinbruch in Europa und eine Hitzewelle in Texas haben die Verwundbarkeit deutlich gemacht …","Intermittency of Wind and Solar Power Raises Grid Reliability Concerns. Grid operators face increased risks during prolonged periods of low wind and solar generation, a phenomenon known as “Dunkelflaute,” according to multiple reports and officials. A recent cold snap in Europe and a heatwave in Texas highlighted the vulnerabilit…","Intermittency of Wind and Solar Power Raises Grid Reliability Curas. Grid operariorum pericula in longum tempus venti gravis et generationis solaris augebant, phaenomenon ""Dunkelflaute"" secundum multiplices relationes et magistratus. Recens frigus frangeretur in Europa et aestuarium in Texas illustravit vulnerabilem…",2026-07-06 02:43:13+00:00
166f6c9a32031d139db732aa078dd087,2026-07-02T03:01:28Z,'cold front',www.dailymail.com,en,0.9,Bitter polar blast to freeze millions of Aussies with snow dumps finally expected on our barren ski fields,A strong cold front lurking over the Great Australian Bight is surging towards Tasmania and the south-east mainland,https://www.dailymail.com/news/article-15946411/winter-blast-australia-cold-tasmania-snow-temperatures-sydney-melbourne.html,https://i.dailymail.com/1s/2026/07/02/02/109736145-0-image-a-13_1782956394054.jpg,,"Millions of Aussies are urged to rug up as a chilly winter blast sweeps across the nation this weekend, bringing freezing temperatures and snow.
Australia's south-east will feel the brunt of the con… [+5258 chars]",,"Eine bittere Polarexplosion wird Millionen Australier erfrieren lassen, und endlich werden Schneehaufen auf unseren kargen Skigebieten erwartet. Eine starke Kaltfront, die über der Großen Australischen Bucht lauert, drängt auf Tasmanien und das südöstliche Festland zu",Bitter polar blast to freeze millions of Aussies with snow dumps finally expected on our barren ski fields. A strong cold front lurking over the Great Australian Bight is surging towards Tasmania and the south-east mainland,Aussiae decies centena millia nivibus eri ad durandum amarum polarium exspectatur tandem in campis nostris sterilibus ski. Frons frigoris fortis latens in Magno Australiae Bight surgit ad Tasmaniam et continentem meridiem-orientalem.,2026-07-06 02:43:13+00:00
98038198ccc5d70c659bf0acf4ff797e,2026-07-03T20:21:07Z,'heating system',bringatrailer.com,en,0.3,Modified 2001 BMW M3 Coupe 6-Speed,"This 2001 BMW M3 is a Canadian-market coupe that has been fitted with a CSL-style carbon-fiber intake system for the 3.2-liter inline-six, which is linked with a six-speed manual transmission and a limited-slip differential. Finished in Laguna Seca Blue over …",https://bringatrailer.com/listing/2001-bmw-m3-coupe-45/,https://bringatrailer.com/wp-content/uploads/2026/06/T2A6724-63013-1-copy-2026-06-29-2va-54758.jpg,,"This 2001 BMW M3 is a Canadian-market coupe that has been fitted with a CSL-style carbon-fiber intake system for the 3.2-liter inline-six, which is linked with a six-speed manual transmission and a l… [+3355 chars]",,"Modifiziertes BMW M3 Coupé 2001 mit 6 Gängen. Bei diesem BMW M3 aus dem Jahr 2001 handelt es sich um ein Coupé für den kanadischen Markt, das mit einem Kohlefaser-Ansaugsystem im CSL-Stil für den 3,2-Liter-Reihensechszylinder ausgestattet ist, der mit einem Sechsgang-Schaltgetriebe und einem Sperrdifferenzial verbunden ist. Lackiert in Laguna Seca Blue über …","Modified 2001 BMW M3 Coupe 6-Speed. This 2001 BMW M3 is a Canadian-market coupe that has been fitted with a CSL-style carbon-fiber intake system for the 3.2-liter inline-six, which is linked with a six-speed manual transmission and a limited-slip differential. Finished in Laguna Seca Blue over …","Modified 2001 BMW M3 Tempo 6-Speed. Hoc 2001 BMW M3 est coufa Canadian-fori quae attractio systematis CSL-styli carbonis fibrarum accommodata est pro 3.2 sex-trina inline-sex, quae coniungitur cum transmissione manuali sex velocitate et differentiali limitata. Consummatum est in Laguna Seca Blue super ...",2026-07-06 17:40:07+00:00
472cd3f4e84fc5ad3f4f9f93ad384456,2026-07-04T09:00:10Z,'cold front',sports.yahoo.com,en,0.3,"World Cup 2026 power rankings: undisputed No 1, co-hosts surge and giants fall",We assess the standing of the nations who played in the tournament’s last 32 before the next round of games begins,https://sports.yahoo.com/articles/world-cup-2026-power-rankings-090010602.html,https://s.yimg.com/lo/mysterio/api/0dc9b0a91491e15a715a2c01c9356da6f5829ddd7ae261c90022311098a68414/lightyear_networkapi/resizefill_w1000_h800;quality_80;format_webp/https:%2F%2Fmedia.zenfs.com%2Fen%2Fthe_guardian_765%2Fa88aee34212d77c6941c6bf9b0c07efa,http://web.archive.org/web/20260705063446/https://sports.yahoo.com/articles/world-cup-2026-power-rankings-090010602.html,Les Bleus look unstoppable all six of our judges ranked them No 1. Sweden did their best to cope with the French front four but were blown away by the slickest operation in town. Even when an opponen… [+10310 chars],,"Power-Rangliste der Weltmeisterschaft 2026: unangefochtene Nr. 1, Co-Gastgeber steigen und Giganten fallen. Wir bewerten die Platzierung der Nationen, die in den letzten 32 des Turniers gespielt haben, bevor die nächste Spielrunde beginnt","World Cup 2026 power rankings: undisputed No 1, co-hosts surge and giants fall. We assess the standing of the nations who played in the tournament’s last 32 before the next round of games begins","World Cup 2026 power rankings: I undisputed No, co-milites assurgunt et gigantes cadunt. Nos aestimamus stantem nationum quae ultimo in torneamento luserunt 32 ante proximum circum ludos incipit .",2026-07-07 02:38:56+00:00
0173d9d2e5dca74f462c952938b37d72,2026-07-04T12:45:59Z,'cold front',www.dealnews.com,en,0.3,IZOD Men's Fleece Jacket for $8 + free shipping,"This IZOD fleece jacket now just costs $7.88 at Walmart. It's a drop of $3 from it's already-cheap price of $11. It comes in sizes up to 2XL and features a zip front, attached hood, and two side pockets for a lightweight layer. Buy Now at Walmart
 Features
…",https://www.dealnews.com/IZOD-Mens-Fleece-Jacket-for-8-free-shipping-w-35/21875115.html,https://d.dlnws.com/64599/1783169151-product-trimmed.jpg?h=1024&w=587,http://web.archive.org/web/20260705052053/https://www.dealnews.com/IZOD-Mens-Fleece-Jacket-for-8-free-shipping-w-35/21875115.html,"moreREI's 4th of July Sale includes lots of deals on Arc'teryx jackets, shoes, sweaters, and other activewear, with discounts as high as 70%. The Arc'teryx Women's Patera Down Parka drops to $400, do… [+566 chars]",,"IZOD Herren-Fleecejacke für 8 $ + kostenloser Versand. Diese IZOD-Fleecejacke kostet jetzt bei Walmart nur noch 7,88 $. Das ist ein Preisnachlass von 3 US-Dollar gegenüber dem ohnehin schon günstigen Preis von 11 US-Dollar. Es ist in Größen bis 2XL erhältlich und verfügt über einen Reißverschluss vorne, eine angenähte Kapuze und zwei Seitentaschen für eine leichte Schicht. Jetzt bei Walmart kaufen
 Funktionen
…","IZOD Men's Fleece Jacket for $8 + free shipping. This IZOD fleece jacket now just costs $7.88 at Walmart. It's a drop of $3 from it's already-cheap price of $11. It comes in sizes up to 2XL and features a zip front, attached hood, and two side pockets for a lightweight layer. Buy Now at Walmart
 Features
…","IZOD Hominum vellus Jacket $8 + free shipping. Hoc iaccam vellus IZOD modo $7.88 apud Walmart constat. Gutta est $3 inde iam vilis pretii $11. Venit in magnitudinum usque ad 2XL et lineamenta frontis avi, cucullo affixa, et duo loculi lateris pro strato leve. Buy nunc apud Walmart
 Features
...",2026-07-07 02:38:56+00:00
3247d49f762d5ac3c065ec92302d3d2e,2026-07-04T14:45:00Z,'cold front',brobible.com,en,0.3,California Tourist Visits Legendary Montana Dive Bar. What Happens When He Uses The Front Door?,"What happens when a California man uses the front door to enter the legendary Moose’s Saloon in Kalispell, Montana? Stephan Negherbon recently found out the hard way. Everybody looks at you with squinted eyes as if they have seen an alien, which, they might a…",https://brobible.com/culture/article/mooses-saloon-kalispell-montana-back-door-bar/,https://brobible.com/wp-content/uploads/2026/07/mooses-saloon-kalispell-montana-back-door-bar.jpg,http://web.archive.org/web/20260705014600/https://brobible.com/culture/article/mooses-saloon-kalispell-montana-back-door-bar/,"iStockphoto / @stephan.negherbon / TikTok
What happens when a California man uses the front door to enter the legendary Moose’s Saloon in Kalispell, Montana? Stephan Negherbon recently found out the… [+3175 chars]",,"Kalifornien-Tourist besucht legendäre Montana-Kneipe. Was passiert, wenn er die Haustür benutzt? Was passiert, wenn ein Mann aus Kalifornien die Haustür benutzt, um den legendären Moose’s Saloon in Kalispell, Montana, zu betreten? Stephan Negherbon hat es kürzlich auf die harte Tour erfahren. Jeder schaut dich mit zusammengekniffenen Augen an, als hätte er einen Außerirdischen gesehen, was für ihn vielleicht ein … ist.","California Tourist Visits Legendary Montana Dive Bar. What Happens When He Uses The Front Door?. What happens when a California man uses the front door to enter the legendary Moose’s Saloon in Kalispell, Montana? Stephan Negherbon recently found out the hard way. Everybody looks at you with squinted eyes as if they have seen an alien, which, they might a…","California VIATOR Visitationes Legendary Montana Dive Bar. Quid accidit cum utitur ante ianuam?. Quid accidit cum homo ante ianuam Californiae utitur ut Saloon in Kalispell, Montana fabulosus ingrediatur? Stephanus Negherbon nuper adinvenit viam duram. Te omnes oculis caesis intuentur quasi alienam, quam possent.",2026-07-07 02:38:56+00:00
1e2c5c1adaf9e5074bc819f290abef27,2026-07-04T15:20:07Z,'cold front',bringatrailer.com,en,0.3,1970 Toyota Land Cruiser FJ40 at No Reserve,"This 1970 Toyota Land Cruiser FJ40 wears a repaint in gray and features a winch, a suspension lift, Pro Comp shocks, front disc brakes, air conditioning, and tan upholstery on the seats. Power is provided by a 3.9-liter F inline-six linked with a three-speed …",https://bringatrailer.com/listing/1970-toyota-land-cruiser-fj40-105/,https://bringatrailer.com/wp-content/uploads/2026/06/1970_toyota_land-cruiser-fj40_img_0960-09171-scaled-11088.jpeg,,"This 1970 Toyota Land Cruiser FJ40 wears a repaint in gray and features a winch, a suspension lift, Pro Comp shocks, front disc brakes, air conditioning, and tan upholstery on the seats. Power is pro… [+1510 chars]",,"1970 Toyota Land Cruiser FJ40 ohne Reserve. Dieser Toyota Land Cruiser FJ40 aus dem Jahr 1970 trägt eine Neulackierung in Grau und verfügt über eine Seilwinde, eine Höherlegung der Federung, Pro Comp-Stoßdämpfer, Scheibenbremsen vorne, eine Klimaanlage und hellbraune Polsterung der Sitze. Für die Leistung sorgt ein 3,9-Liter-F-Reihensechszylinder, der mit einem Dreiganggetriebe verbunden ist …","1970 Toyota Land Cruiser FJ40 at No Reserve. This 1970 Toyota Land Cruiser FJ40 wears a repaint in gray and features a winch, a suspension lift, Pro Comp shocks, front disc brakes, air conditioning, and tan upholstery on the seats. Power is provided by a 3.9-liter F inline-six linked with a three-speed …","1970 Toyota Land Yaria FJ40 ad No Subsidium. Hoc 1970 Toyota Land Yaria FJ40 gerit repactum in griseo et in lineamentis PREHENSIO, Suspensio vitae, Pro Comp impulsus, discus frontis scopuli, condiciones aeris, et upholstery tan in sedibus. Potestas providetur a 3.9-sextario F inline-sex annexo cum velocitate trium ...",2026-07-07 02:38:56+00:00
9918513dc69f8b323d6d42086d56bd87,2026-07-04T21:30:00Z,'cold front',www.behindthesteelcurtain.com,en,0.3,"Saturday Night Open Thread: Happy 250th Birthday, America!","Come and join this merry band of Steelers’ faithful for some lively debate about our Steelers, good food, music, and the merits of the odd cold beverage.",https://www.behindthesteelcurtain.com/pittsburgh-steelers-discussion/172161/saturday-night-open-thread-happy-250th-birthday-america,https://s.yimg.com/lo/mysterio/api/9eaf1fca70a493285193874be67cd79f8057a0581ced1ce951b85c525f8a2ac1/lightyear_networkapi/resizefill_w1200;quality_80;format_webp/https:%2F%2Fmedia.zenfs.com%2Fen%2Fsb_nation_articles_115%2F9e49e8e35ff47f1a9d60273408e9ea44,,"Live from Delaware, it's Saturday Night! I, NAS204PSU, am here at BTSC to bring you this Saturday Night Open Thread (aka SNOT).
The United States of America celebrates 250 years today! This old girl… [+2024 chars]",,"Offener Thread am Samstagabend: Alles Gute zum 250. Geburtstag, Amerika!. Kommen Sie und schließen Sie sich dieser fröhlichen Truppe von Steelers-Gläubigen an, um eine lebhafte Debatte über unsere Steelers, gutes Essen, Musik und die Vorzüge des einen oder anderen kalten Getränks zu führen.","Saturday Night Open Thread: Happy 250th Birthday, America!. Come and join this merry band of Steelers’ faithful for some lively debate about our Steelers, good food, music, and the merits of the odd cold beverage.","Nocte Diei Saturni Open Thread: Felix 250th Natalis, America!. Age et iunge hanc laetam catervam Steelers fidelis pro vivida aliqua disceptatione de nostris Steelers, bonis cibis, musica, meritis frigoris imparis potus.",2026-07-07 02:38:56+00:00
f5451c403b7f2c611987a30fd8a8bd63,2026-07-05T04:00:00Z,'cold front',www.americanthinker.com,en,0.3,Mamdomino Theory: Democrats Struggle to Contain the Spread of Communism in Their Party,"Photo Credit:Zohran Mamdani in front of a city
 
 Karamccurdy via wikim cc4By William SullivanUgandan-born, socialism-loving New York City Mayor Zohran Mamdani has emerged as a “kingmaker” in the Democrat party, says one pundit.",https://www.americanthinker.com/articles/2026/07/mamdomino-theory-democrats-struggle-to-contain-the-spread-of-communism-in-their-party/,https://images.americanthinker.com/3m/3m9ha7hvbgc1kgebfrf0_1200.jpg,,"Ugandan-born, socialism-loving New York City Mayor Zohran Mamdani has emerged as a “kingmaker” in the Democrat party, says Phillip Elliot of TIME. 
Two prominent House Democrats lost their primaries… [+7767 chars]",,"Mamdomino-Theorie: Demokraten kämpfen darum, die Ausbreitung des Kommunismus in ihrer Partei einzudämmen. Bildquelle: Zohran Mamdani vor einer Stadt
 
 Karamccurdy über Wikim cc4 Von William Sullivan Der in Uganda geborene, sozialismusliebende New Yorker Bürgermeister Zohran Mamdani hat sich laut einem Experten als „Königsmacher“ in der Demokratischen Partei herausgestellt.","Mamdomino Theory: Democrats Struggle to Contain the Spread of Communism in Their Party. Photo Credit:Zohran Mamdani in front of a city
 
 Karamccurdy via wikim cc4By William SullivanUgandan-born, socialism-loving New York City Mayor Zohran Mamdani has emerged as a “kingmaker” in the Democrat party, says one pundit.","Mamdomino Theoria Democratae contendunt dilatationem communismi in Factione continere. Photo Credit: Zohran Mamdani in conspectu urbis
 
 Karamccurdy per wikim cc4 By William SullivanUgandan primogenitus, socialismus-amans New York City Major Zohran Mamdani emersit ""rex"" in factione Democratica, dicit unum pundit.",2026-07-07 02:38:56+00:00
dd148a8ccaddf68116ea36c0867428f3,2026-07-01T23:23:31Z,'cold impacts',themomedit.com,en,0.3,Your Favorites This Month: June 2026,"From Frēda Salvador flats to the Crocs sandals we keep raving about — June's 20 best sellers, straight from your carts to this list.",https://themomedit.com/june-2026-best-sellers/,https://themomedit.com/wp-content/uploads/2026/07/Top-Sellers-FI3.jpg,,"Happy official July! I hope you guys have been enjoying summer so far (although, the heat in Philly today was actually ridiculous, so consider me ready for winter). 
While I dream about colder days,… [+9540 chars]",,"Ihre Favoriten in diesem Monat: Juni 2026. Von Frēda Salvador Flats bis hin zu den Crocs-Sandalen, von denen wir immer wieder schwärmen – die 20 Bestseller im Juni, direkt aus Ihrem Einkaufswagen zu dieser Liste.","Your Favorites This Month: June 2026. From Frēda Salvador flats to the Crocs sandals we keep raving about — June's 20 best sellers, straight from your carts to this list.","Favores Tui Hoc mense: Iunii 2026. A Frēda Salvador ad Crocs soleas blanditias deliramus circiter - XX Iunii venditores optimi, recta a carris tuis ad hunc album.",2026-07-07 08:18:43+00:00
e1dcc459d17ee23c56e1a5989670ac27,2026-07-02T11:54:20Z,'cold impacts',economictimes.indiatimes.com,en,0.3,The cooler mistake most people make can push picnic food past 40°F in just hours,"Packing your cooler the wrong way can lead to foodborne illness. Contrary to popular belief, placing ice at the bottom traps cold air there, leaving food at the top dangerously warm. Experts advise layering ice packs above your food to allow chill to circulat…",https://economictimes.indiatimes.com/news/international/us/the-cooler-mistake-most-people-make-can-push-picnic-food-past-40f-in-just-hours/articleshow/132137963.cms,"https://img.etimg.com/thumb/msid-132138042,width-1200,height-630,imgsize-1267774,overlay-economictimes/articleshow.jpg",http://web.archive.org/web/20260706085318/https://economictimes.indiatimes.com/news/international/us/the-cooler-mistake-most-people-make-can-push-picnic-food-past-40f-in-just-hours/articleshow/132137963.cms,"Summer means heading outdoors; backyard hangouts, beach trips, road trip snack stops, picnics, and a cooler are always part of the plan. The problem is that most people pack their coolers the same wa… [+4678 chars]",,"Der coolere Fehler, den die meisten Leute machen, besteht darin, das Picknick-Essen in nur wenigen Stunden auf über 40 °F zu erhitzen. Wenn Sie Ihre Kühlbox falsch verpacken, kann dies zu lebensmittelbedingten Krankheiten führen. Entgegen der landläufigen Meinung wird durch das Platzieren von Eis am Boden dort kalte Luft eingeschlossen, sodass das Essen oben gefährlich warm bleibt. Experten empfehlen, Eisbeutel über Ihr Essen zu legen, damit die Kälte zirkulieren kann …","The cooler mistake most people make can push picnic food past 40°F in just hours. Packing your cooler the wrong way can lead to foodborne illness. Contrary to popular belief, placing ice at the bottom traps cold air there, leaving food at the top dangerously warm. Experts advise layering ice packs above your food to allow chill to circulat…","Frigidiorem errorem plerique facere possunt urnam picnic cibum praeteritum 40°F in iustis horis. Stipare tua frigidior Thracam perversa via potest ad morbum edendum ducere. Contra opinionem vulgi, in imo pedicas frigidam aerem positam glaciem ibi relinquens, in summo cibo periculose calefactus est. Periti monent stratis sarcinas glaciem super cibum tuum ut frigus patitur ut circulat...",2026-07-07 08:18:43+00:00
d4ff100840d9989a007f358a48bd2302,2026-07-05T18:30:09Z,'cold impacts',spacedaily.com,en,0.3,"Titan’s atmosphere is so dense and its gravity so weak that a person with the right winged suit could plausibly glide through its sky — and those same conditions make Titan one of the most forgiving large worlds in the solar system for a spacecraft to descend onto, even if the surface itself is colder than Antarctica by almost 100 degrees Celsius.","Titan’s air is so thick, and its gravity so gentle, that a person wearing the right pair of wings could plausibly push off the ground and glide through its sky. It is one of the strangest and most charming facts in the solar system, and it comes straight out …",https://spacedaily.com/t-titans-atmosphere-is-so-dense-and-its-gravity-so-weak-that-a-person-with-the-right-winged-suit-could-plausibly-glide-through-its-sky-and-those-same-conditions-make-titan-one-of-the/,https://spacedaily.com/wp-content/uploads/2026/07/newimagesize-2026-07-05T220030.101.png,http://web.archive.org/web/20260705225248/https://spacedaily.com/t-titans-atmosphere-is-so-dense-and-its-gravity-so-weak-that-a-person-with-the-right-winged-suit-could-plausibly-glide-through-its-sky-and-those-same-conditions-make-titan-one-of-the/,"Titan’s air is so thick, and its gravity so gentle, that a person wearing the right pair of wings could plausibly push off the ground and glide through its sky. It is one of the strangest and most ch… [+4714 chars]",,"Titans Atmosphäre ist so dicht und seine Schwerkraft so schwach, dass eine Person mit dem rechten Flügelanzug durchaus durch seinen Himmel gleiten könnte – und dieselben Bedingungen machen Titan zu einem der tolerantesten großen Welten im Sonnensystem für den Abstieg eines Raumschiffs, selbst wenn die Oberfläche selbst fast 100 Grad Celsius kälter als die Antarktis ist sein Himmel. Es ist eine der seltsamsten und bezauberndsten Tatsachen im Sonnensystem, und sie kommt direkt ans Licht …","Titan’s atmosphere is so dense and its gravity so weak that a person with the right winged suit could plausibly glide through its sky — and those same conditions make Titan one of the most forgiving large worlds in the solar system for a spacecraft to descend onto, even if the surface itself is colder than Antarctica by almost 100 degrees Celsius.. Titan’s air is so thick, and its gravity so gentle, that a person wearing the right pair of wings could plausibly push off the ground and glide through its sky. It is one of the strangest and most charming facts in the solar system, and it comes straight out …","Titan atmosphaera tam densa est et gravitas tam debilis ut quis cum dextra lis alata verisimiliter per caelum labatur — et easdem condiciones faciunt Titan unam ex maxime ignoscentibus mundo in solari ratione spatii ad descendendum, etsi superficies ipsa frigidior est quam Antarctica prope 100 gradus Celsi.. Titan aer tam crassus est, et eius gravitas tam lenis alarum, ut alarum saxum depellere possit. Est unum mirabiles et venustissimas res in mundo solari, et recta exit ...",2026-07-07 08:18:43+00:00
63d17a28554813ed6776d2df77ee94d4,2026-07-06T06:08:26Z,'cold spell',www.lifesciencesworld.com,en,0.3,Where do bats go in winter?,"Where Do Bats Go in Winter? The answer to “Where do bats go in winter?” is complex: it depends on the species and location, but generally, bats either hibernate in cool, dark places or migrate to warmer climates to survive the cold months. Introduction: Unrav…",https://www.lifesciencesworld.com/where-do-bats-go-in-winter/,,,"The answer to “Where do bats go in winter?” is complex: it depends on the species and location, but generally, bats either hibernate in cool, dark places or migrate to warmer climates to survive the … [+9950 chars]",,"Wohin gehen Fledermäuse im Winter? Wohin gehen Fledermäuse im Winter? Die Antwort auf „Wohin gehen Fledermäuse im Winter?“ ist komplex: Es hängt von der Art und dem Standort ab, aber im Allgemeinen überwintern Fledermäuse entweder an kühlen, dunklen Orten oder ziehen in wärmere Klimazonen, um die kalten Monate zu überleben. Einleitung: Unrav…","Where do bats go in winter?. Where Do Bats Go in Winter? The answer to “Where do bats go in winter?” is complex: it depends on the species and location, but generally, bats either hibernate in cool, dark places or migrate to warmer climates to survive the cold months. Introduction: Unrav…","Ubi eunt vespertiliones in hieme ?. Ubi Ite in hyeme vespertiliones? Respondetur ""Ubi vespertiliones hieme?"" complexus est: pendet ex speciebus et situ, sed plerumque, vespertiliones vel in locis frigidis, obscuris, vel in calidioribus locis, ut mensibus frigidis superessent, migrare. Introduction: Unrav…",2026-07-07 21:19:38+00:00
c262749dfbd4824da0d1898492f33d5c,2026-07-01T14:55:20Z,'cold wave',www.powerlineblog.com,en,0.8,Everything Is Political,"Western Europe has been sweltering under a heat wave, and quite a few people have died as a result. The heat wave is unusual, but the phenomenon isn’t: every year, lots of Europeans die from extremes of heat and cold, far more than in the United States. And E…",http://www.powerlineblog.com/archives/2026/07/everything-is-political.php,https://www.powerlineblog.com/wp-content/themes/powerline/images/icon.png,http://web.archive.org/web/20260702033717/https://www.powerlineblog.com/archives/2026/07/everything-is-political.php,"Western Europe has been sweltering under a heat wave, and quite a few people have died as a result. The heat wave is unusual, but the phenomenon isn’t: every year, lots of Europeans die from extremes… [+2933 chars]",,"Alles ist politisch. Westeuropa litt unter einer Hitzewelle, in deren Folge zahlreiche Menschen gestorben sind. Die Hitzewelle ist ungewöhnlich, das Phänomen jedoch nicht: Jedes Jahr sterben viele Europäer an extremer Hitze und Kälte, weit mehr als in den Vereinigten Staaten. Und E…","Everything Is Political. Western Europe has been sweltering under a heat wave, and quite a few people have died as a result. The heat wave is unusual, but the phenomenon isn’t: every year, lots of Europeans die from extremes of heat and cold, far more than in the United States. And E…","Omnia Politica est. Europa occidentali sub undis aestus aestuosa est, et satis pauci homines consecuti mortui sunt. Fluctus aestus insolitus est, sed phaenomenon non est: quotannis, multi Europaei ex extremis caloris et frigoris, multo plus quam in Civitatibus Foederatis moriuntur. Et E…",2026-07-07 21:19:38+00:00
4cd639ef96b833539f1dd9ba97dea76b,2026-07-06T09:00:00Z,'cold front',www.npr.org,en,0.3,Hate food waste? 7 creative ways to turn your leftovers into a new meal,We asked our audience to share their favorite go-to recipes for leftovers. Here are seven dishes — like stuffed peppers and a biryani casserole — that can help you use up all your fridge scraps.,https://www.npr.org/2026/07/06/nx-s1-5879248/hate-food-waste-7-creative-ways-to-turn-your-leftovers-into-a-new-meal,https://npr.brightspotcdn.com/dims3/default/strip/false/crop/5000x2813+0+260/resize/1400/quality/85/format/jpeg/?url=http%3A%2F%2Fnpr-brightspot.s3.amazonaws.com%2F95%2F4d%2F4a4a4c7e4c7eb168f6d60b3be0a6%2F260702-lk-leftoversdig-3x2.jpg,http://web.archive.org/web/20260706202227/https://www.npr.org/2026/07/06/nx-s1-5879248/hate-food-waste-7-creative-ways-to-turn-your-leftovers-into-a-new-meal,Leftovers are a strangely controversial topic. Some people love them (eating cold pizza while standing in front of the fridge is a treasured pastime of mine). And some people can't stand the idea of … [+4648 chars],,"Hassen Sie Lebensmittelverschwendung? 7 kreative Möglichkeiten, Ihre Reste in eine neue Mahlzeit zu verwandeln. Wir haben unser Publikum gebeten, seine Lieblingsrezepte für Reste mitzuteilen. Hier sind sieben Gerichte – wie gefüllte Paprikaschoten und ein Biryani-Auflauf –, mit denen Sie alle Ihre Kühlschrankabfälle aufbrauchen können.",Hate food waste? 7 creative ways to turn your leftovers into a new meal. We asked our audience to share their favorite go-to recipes for leftovers. Here are seven dishes — like stuffed peppers and a biryani casserole — that can help you use up all your fridge scraps.,Odi cibum perdere? 7 vias creandi tuas reliquias in novam prandium converte. Auditores nostros rogavimus ut gratissimum ite-recipes pro reliquiis communicarent. Hic sunt septem acetabula - sicut piperis saginati et thunni biryani - quae omnia frusta tua fridge uti possunt.,2026-07-10 02:33:02+00:00
8a8ca4d139e1d81d33aa01cdbddac121,2026-07-07T18:16:18Z,'cold spell',timesofindia.indiatimes.com,en,0.3,"After 1st intense monsoon spell, rain to continue","Delhi saw its most intense monsoon spell since July 2, causing waterlogging and flight delays; IMD issues yellow alert as rain likely till Saturday.",https://timesofindia.indiatimes.com/city/delhi/after-1st-intense-monsoon-spell-rain-to-continue/articleshow/132245766.cms,https://static.toiimg.com/photo/msid-47529300/47529300.jpg,,"<ul><li>News</li>
<li>After 1st intense monsoon spell, rain to continue</li></ul>
Follow Us On Social Media
Tyler Robinsons Bizarre Chat With Cop Minutes Before Charlie Kirk Shooting Goes Viral | … [+2859 chars]",,"Nach der ersten intensiven Monsunperiode regnet es weiterhin. Delhi erlebte die intensivste Monsunperiode seit dem 2. Juli, die zu Staunässe und Flugverspätungen führte; IMD gibt Alarmstufe Gelb aus, da bis Samstag mit Regen zu rechnen ist.","After 1st intense monsoon spell, rain to continue. Delhi saw its most intense monsoon spell since July 2, causing waterlogging and flight delays; IMD issues yellow alert as rain likely till Saturday.","Post 1st intensum ETESIA incantatores, pluviam pergere. Delhi vidit suum acerrimum incantamentum cum Iulio II ETESIA, umoris et fugae moras causans; IMD exit flavum erectum ut pluviam probabile usque ad Sabbatum.",2026-07-10 08:17:54+00:00
aaacb7a035321bcf577363388fc72e61,2026-07-03T09:28:38Z,'insulation house',cryptobriefing.com,en,0.2,Trump and allies push to reshape Federal Reserve after Supreme Court ruling,"Trump's efforts to influence the Fed could impact its independence, affecting monetary policy and potentially altering financial regulations.
The post Trump and allies push to reshape Federal Reserve after Supreme Court ruling appeared first on Crypto Briefin…",https://cryptobriefing.com/trump-reshape-federal-reserve-supreme-court/,https://static.cryptobriefing.com/wp-content/uploads/2026/07/03052831/trump-allies-double-down-on-efforts-to-reshape-federal-reser-800x420.jpeg,,"The Supreme Court blocked the president from firing Fed Governor Lisa Cook, but the White House isn't done trying to bend the central bank to its will The Supreme Court just told President Trump he c… [+2859 chars]",,"Trump und seine Verbündeten drängen nach dem Urteil des Obersten Gerichtshofs auf eine Umgestaltung der Federal Reserve. Trumps Bemühungen, Einfluss auf die Fed zu nehmen, könnten deren Unabhängigkeit beeinträchtigen, die Geldpolitik beeinflussen und möglicherweise die Finanzvorschriften ändern.
Der Beitrag Trump und seine Verbündeten drängen auf eine Umgestaltung der Federal Reserve, nachdem das Urteil des Obersten Gerichtshofs erstmals auf Crypto Briefin erschien …","Trump and allies push to reshape Federal Reserve after Supreme Court ruling. Trump's efforts to influence the Fed could impact its independence, affecting monetary policy and potentially altering financial regulations.
The post Trump and allies push to reshape Federal Reserve after Supreme Court ruling appeared first on Crypto Briefin…","Trump et socii dis ad reshare Subsidium Foederatum postquam Summi Court regnaverunt. Trump conatus ad H influere potuit suam independentiam labefactare, afficiens consilium nummarium et potentias normas oeconomicas mutans.
Post BUCINUM et sociis dis reshare Subsidium Foederatum post Summi Court regnantis apparuit primum in Crypto Briefin…",2026-07-11 20:42:26+00:00
bf3bb4820c94ae2c9bb363255216080e,2026-07-03T16:39:03Z,'insulation house',cryptobriefing.com,en,0.2,Supreme Court shields Fed independence while expanding presidential power over other agencies,"The Supreme Court's decision reinforces Fed independence, potentially stabilizing markets, while increasing presidential influence over other agencies.
The post Supreme Court shields Fed independence while expanding presidential power over other agencies appe…",https://cryptobriefing.com/supreme-court-fed-independence-ruling/,https://static.cryptobriefing.com/wp-content/uploads/2026/07/03123856/photo-united-states-supreme-court-building-in-washington-dc-3-800x420.jpeg,,"A split decision preserves the central bank's autonomy from White House removal power, a ruling with direct implications for crypto and traditional markets alike. The Supreme Court just handed down a… [+3091 chars]",,"Der Oberste Gerichtshof schützt die Unabhängigkeit der Fed und weitet gleichzeitig die Macht des Präsidenten über andere Behörden aus. Die Entscheidung des Obersten Gerichtshofs stärkt die Unabhängigkeit der Fed, stabilisiert möglicherweise die Märkte und erhöht gleichzeitig den Einfluss des Präsidenten auf andere Behörden.
Der Oberste Gerichtshof schützt die Unabhängigkeit der Fed und weitet gleichzeitig die Macht des Präsidenten über andere Behörden aus.","Supreme Court shields Fed independence while expanding presidential power over other agencies. The Supreme Court's decision reinforces Fed independence, potentially stabilizing markets, while increasing presidential influence over other agencies.
The post Supreme Court shields Fed independence while expanding presidential power over other agencies appe…","Summi Court scuta libertatem H sunt dum potestatem praesidentialem in alia agentia dilatant. Iudicium Summi Court confirmat H independentiam, potentia stabilientem mercatus, dum auctoritas praesidentialis super alias agenciones augetur.
Post Summum Curiam scuta libertatem H sunt dum potentia praesidentialis dilatatur in alias agencies appe…",2026-07-11 20:42:26+00:00
9480aa2c77d3d16138b009eeb1362a36,2026-07-04T16:19:06Z,'insulation house',www.theverge.com,en,0.2,White House deletes thousands of web pages about energy conservation as heatwave slams US,"The US Department of Energy reportedly deleted about 6,000 pages related to energy conservation as a historic heatwave tears across the country. The deletion was suspiciously timed, following Republican outrage over Mayor Zohran Mamdani asking New Yorkers to …",https://www.theverge.com/policy/961449/white-house-mamdani-heatwave-deletion,https://platform.theverge.com/wp-content/uploads/sites/2/chorus/uploads/chorus_asset/file/25739860/1998630585.jpg?quality=90&strip=all&crop=0%2C21.573074875549%2C100.51963048499%2C78.946585612932&w=1200,http://web.archive.org/web/20260705010024/https://www.theverge.com/policy/961449/white-house-mamdani-heatwave-deletion,"<ul><li></li><li></li><li></li></ul>
It follows Republican outrage over Mamdani offering the same heatwave advice as everyone else.
It follows Republican outrage over Mamdani offering the same heat… [+2897 chars]",,"Das Weiße Haus löscht Tausende Webseiten zum Thema Energieeinsparung, während die Hitzewelle die USA hart trifft. Berichten zufolge hat das US-Energieministerium etwa 6.000 Seiten zum Thema Energieeinsparung gelöscht, als eine historische Hitzewelle das Land heimgesucht hat. Die Löschung erfolgte zu einem verdächtigen Zeitpunkt, nachdem sich die Republikaner darüber empört hatten, dass Bürgermeister Zohran Mamdani die New Yorker aufgefordert hatte, …","White House deletes thousands of web pages about energy conservation as heatwave slams US. The US Department of Energy reportedly deleted about 6,000 pages related to energy conservation as a historic heatwave tears across the country. The deletion was suspiciously timed, following Republican outrage over Mayor Zohran Mamdani asking New Yorkers to …","Domus Alba milia paginarum interretialium delet de industria conservationis sicut in aquis heatwave slams US. US Department of Energy circiter 6.000 paginas referens ad conservationem industriae conservationem tamquam lacrimas historicas per patriam relatas Energy delevit. Deletio erat suspiciose intempestiva, sequens iniuriam republicanam in Majorem Zohran Mamdani Novi Eboraci ad ...",2026-07-11 20:42:26+00:00
2b4b5218568bbd0c68ad340d8f16af40,2026-07-02T13:01:03Z,'insulation house',www.cnet.com,en,0.3,10 Smart Home Tricks That Keep Your House Cool Without Spiking Your Energy Bill,These ten smart home cooling tricks can keep your house comfortable during a heat wave without sending your energy bill through the roof.,https://www.cnet.com/home/security/10-smart-home-tricks-that-keep-your-house-cool-without-spiking-your-energy-bill/,https://www.cnet.com/a/img/resize/df53d278c0909beaf0092a6ec7a5a9dbd9ffc93e/hub/2026/06/26/0bcc74bb-9c04-4392-8120-05eeb52f4d1e/gettyimages-1498386235.jpg?auto=webp&fit=crop&height=675&width=1200,,"Heat waves have gotten harder to ignore, and not just because they're more frequent. The combination of extreme outdoor temperatures, pets and vulnerable family members inside and an energy bill that… [+8631 chars]",,"10 Smart-Home-Tricks, die Ihr Haus kühl halten, ohne Ihre Stromrechnung in die Höhe zu treiben. Mit diesen zehn Smart-Home-Kühltricks können Sie Ihr Zuhause während einer Hitzewelle behaglich halten, ohne dass Ihre Stromrechnung in die Höhe schießt.",10 Smart Home Tricks That Keep Your House Cool Without Spiking Your Energy Bill. These ten smart home cooling tricks can keep your house comfortable during a heat wave without sending your energy bill through the roof.,10 Smart Home Tricks that Keep Your House Cool Without Spiking Your Energy Bill. Hi decem callidi domum refrigerationem technae domum tuam consolatoriam possunt servare in aestu unda sine tua industria libellum per tectum mittendo.,2026-07-11 20:42:26+00:00
12b148fafdc1050646e5d0d04fa99660,2026-07-02T17:01:21Z,'insulation house',www.brownstoner.com,en,0.3,The Insider: Ridgewood Reno Yields a Healthy House With Bespoke Details,"Concerned about water and air quality and looking to move to a healthier home, a pair of musicians fell in love with an early 20th century two-story plus cellar row house on the Brooklyn-Queens border. It had plenty of space for their needs, a driveway and ga…",http://www.brownstoner.com/interiors-renovation/ridgewood-renovation-studio-otto-solar-cellar-laminated-glass/,https://www.brownstoner.com/wp-content/uploads/2029/08/interior-design-ideas-brooklyn-ridgewood-studio-otto-012.jpg,,"A design rethink preserved the exterior of the early 20th century house while adding green technology and extending its arched details to the interior. Photo by Devon Banks
Concerned about water and… [+9174 chars]",,"Der Insider: Ridgewood Reno schafft ein gesundes Haus mit maßgeschneiderten Details. Aus Sorge um die Wasser- und Luftqualität und auf der Suche nach einem Umzug in ein gesünderes Zuhause verliebten sich zwei Musiker in ein zweistöckiges und unterkellertes Reihenhaus aus dem frühen 20. Jahrhundert an der Grenze zwischen Brooklyn und Queens. Es gab viel Platz für ihre Bedürfnisse, eine Auffahrt und einen Garten.","The Insider: Ridgewood Reno Yields a Healthy House With Bespoke Details. Concerned about water and air quality and looking to move to a healthier home, a pair of musicians fell in love with an early 20th century two-story plus cellar row house on the Brooklyn-Queens border. It had plenty of space for their needs, a driveway and ga…","Insider: Ridgewood Reno sanum reddit domum cum Bespoke Details. Sollicitudo circa aquam et aeris qualitatem et ad domum salubriorem spectantes, par musici amavit cum primo saeculo XX duo historia plus cellarii domus in finibus Brooklyn-Reginae. Satis spatii pro necessitatibus suis habebat, gestationem et ga…",2026-07-11 20:42:26+00:00
9c19e41ac65fe6e2c6a1f6b7c578bd41,2026-07-02T19:11:12Z,'insulation house',www.vox.com,en,0.3,The fatal flaw in how America handles heat waves,"It was not the postcard-worthy aesthetics that prompted Greek islanders to first drench their cliffside-carved homes, churches, and pathways in a thick layer of pearly white paint.  Much like wearing a white tunic on a hot sunny day, painting your house a sha…",https://www.vox.com/future-perfect/494126/heat-wave-ac-passive-homes,https://platform.vox.com/wp-content/uploads/sites/2/2026/07/gettyimages-2161142803.jpg?quality=90&strip=all&crop=0%2C10.706012542635%2C100%2C78.587974914731&w=1200,http://web.archive.org/web/20260703105935/https://www.vox.com/future-perfect/494126/heat-wave-ac-passive-homes,"It was not the postcard-worthy aesthetics that prompted Greek islanders to first drench their cliffside-carved homes, churches, and pathways in a thick layer of pearly white paint.
Much like wearing… [+14814 chars]",,"Der fatale Fehler im Umgang Amerikas mit Hitzewellen. Es war nicht die postkartenwürdige Ästhetik, die die griechischen Inselbewohner dazu veranlasste, ihre in Klippen gehauenen Häuser, Kirchen und Wege zunächst mit einer dicken Schicht perlweißer Farbe zu übergießen.  Es ist so, als würde man an einem heißen, sonnigen Tag eine weiße Tunika tragen und sein Haus streichen …","The fatal flaw in how America handles heat waves. It was not the postcard-worthy aesthetics that prompted Greek islanders to first drench their cliffside-carved homes, churches, and pathways in a thick layer of pearly white paint.  Much like wearing a white tunic on a hot sunny day, painting your house a sha…","Exitiale vitium est in quo America fluctus aestus tractat. Non aesthetica postcardorum digna fuit, quae insulanos Graeciae admoverunt ut domos, ecclesias, et meatus in densissima margaritis rubigine densa perfundant.  Multum ut tunicam albam gerens in aprico calido die, pingens domum tuam sha…",2026-07-11 20:42:26+00:00
a9f3a8eda7e2e6f7002c20c59a649bff,2026-07-03T10:45:51Z,'insulation house',www.the-independent.com,en,0.3,How to keep your house cool without air conditioning during a heatwave,"Experts say that relying heavily on AC might seem like a natural adaptation, but it comes with hidden costs",https://www.the-independent.com/life-style/health-and-families/house-cooling-how-heatwave-air-conditioning-b3008291.html,"https://static.the-independent.com/2026/06/25/8/00/iStock-1505823853.jpeg?trim=9,0,9,0&width=1200&height=800&crop=1200:800",http://web.archive.org/web/20260703230835/https://www.the-independent.com/life-style/health-and-families/house-cooling-how-heatwave-air-conditioning-b3008291.html,"Your support helps us to tell the story
From reproductive rights to climate change to Big Tech, The Independent is on the ground when the story is developing. Whether it's investigating the financia… [+4954 chars]",,"So halten Sie Ihr Haus während einer Hitzewelle ohne Klimaanlage kühl. Experten sagen, dass eine starke Abhängigkeit von der Klimaanlage wie eine natürliche Anpassung erscheinen mag, aber mit versteckten Kosten verbunden ist","How to keep your house cool without air conditioning during a heatwave. Experts say that relying heavily on AC might seem like a natural adaptation, but it comes with hidden costs","Quam domum tuam refrigescant sine condicione aeris in aestu aestu. Periti dicunt quod in AC graviter freti quasi aptatio naturalis videri posset, sed fit cum sumptibus occultis",2026-07-11 20:42:26+00:00
3cbadf0676319e19767740b70a69ed05,2026-07-04T06:37:39Z,'insulation house',www.lifesciencesworld.com,en,0.3,What materials do you need for a hedgehog house?,"What Materials Do You Need for a Hedgehog House? Building a safe and cozy hedgehog house involves selecting appropriate materials that offer protection from the elements and predators. You’ll primarily need untreated wood, waterproof roofing, and insulating b…",https://www.lifesciencesworld.com/what-materials-do-you-need-for-a-hedgehog-house/,,,"What Materials Do You Need for a Hedgehog House?
Building a safe and cozy hedgehog house involves selecting appropriate materials that offer protection from the elements and predators. You’ll primar… [+8801 chars]",,"Welche Materialien benötigt man für ein Igelhaus? Welche Materialien benötigen Sie für ein Igelhaus? Um ein sicheres und gemütliches Igelhaus zu bauen, müssen geeignete Materialien ausgewählt werden, die Schutz vor Witterungseinflüssen und Raubtieren bieten. Sie benötigen in erster Linie unbehandeltes Holz, wasserdichte Dächer und isolierende Dämmstoffe.","What materials do you need for a hedgehog house?. What Materials Do You Need for a Hedgehog House? Building a safe and cozy hedgehog house involves selecting appropriate materials that offer protection from the elements and predators. You’ll primarily need untreated wood, waterproof roofing, and insulating b…","Quid opus est materiae domo erinaceo? Quid Materias eges pro domo ericius? Aedificium tutum et fovere ericius domum involvit materias aptas eligendo quae praesidium ab elementis et predonibus praebent. Praesertim ligno increato, aquae probatione texit, et insulante b…",2026-07-11 20:42:26+00:00
f8a6238aa835dd4be21f27e001cc04ee,2026-07-04T17:03:00Z,'insulation house',newatlas.com,en,0.3,Park model tiny house provides apartment-style living on a single floor,"Some tiny houses seem to prioritize portability over comfort, but the Apex takes the opposite approach. It trades mobility for a spacious single-floor layout that's closer to an apartment than a traditional tiny house.Continue ReadingCategory: Tiny Houses, Ou…",https://newatlas.com/tiny-houses/apex-rover-tiny-homes/,https://assets.newatlas.com/dims4/default/e488c59/2147483647/strip/true/crop/1533x805+0+42/resize/1200x630!/quality/85/?url=https%3A%2F%2Fnewatlas-brightspot.s3.amazonaws.com%2Fe2%2Fe0%2Fe95814fc4032840a069009e185c8%2Fapex-tiny-house-8.png&na.image_optimisation=0,http://web.archive.org/web/20260705053608/https://newatlas.com/tiny-houses/apex-rover-tiny-homes/,"Some tiny houses seem to prioritize portability over comfort, but the Apex takes the opposite approach. It trades mobility for a spacious single-floor layout that's closer to an apartment than a trad… [+2280 chars]",,"Das Tiny House im Park-Modell bietet Wohnen im Apartment-Stil auf einer Etage. Einige Tiny Houses scheinen der Tragbarkeit Vorrang vor dem Komfort zu geben, aber das Apex verfolgt den gegenteiligen Ansatz. Es tauscht Mobilität gegen einen geräumigen, einstöckigen Grundriss, der näher an einer Wohnung ist als an einem traditionellen Tiny House.WeiterlesenKategorie: Tiny Houses, Ou…","Park model tiny house provides apartment-style living on a single floor. Some tiny houses seem to prioritize portability over comfort, but the Apex takes the opposite approach. It trades mobility for a spacious single-floor layout that's closer to an apartment than a traditional tiny house.Continue ReadingCategory: Tiny Houses, Ou…","Exemplar Park parvae domus in una pavimento diaetam stilum vivum praebet. Quaedam domunculae parvae portabilitatem super consolatione prioritizare videntur, sed Apex oppositum aditum accipit. Mobilitatem exercet pro spatioso unius tabulati extensione quod propius ad diaetam quam ad domum parvam traditam. Continue ReadingCategory: Domorum parvarum, Ou…",2026-07-11 20:42:26+00:00
ec06b3651b013bc2c4b43ef21350a0ef,2026-07-05T03:34:55Z,'insulation house',www.lifesciencesworld.com,en,0.3,What kind of houses do squirrels like?,"What Kind of Houses Do Squirrels Like? The Ultimate Guide Squirrels prefer safe, dry, and easily accessible nesting sites, whether it’s a natural cavity in a tree or a human-provided squirrel house that mimics these ideal conditions. Understanding what kind o…",https://www.lifesciencesworld.com/what-kind-of-houses-do-squirrels-like/,,,"Squirrels prefer safe, dry, and easily accessible nesting sites, whether it’s a natural cavity in a tree or a human-provided squirrel house that mimics these ideal conditions. Understanding what kind… [+8714 chars]",,"Welche Häuser mögen Eichhörnchen? Welche Art von Häusern mögen Eichhörnchen? Der ultimative Leitfaden Eichhörnchen bevorzugen sichere, trockene und leicht zugängliche Nistplätze, sei es eine natürliche Höhle in einem Baum oder ein von Menschen geschaffenes Eichhörnchenhaus, das diese idealen Bedingungen nachahmt. Verstehen, welche Art von …","What kind of houses do squirrels like?. What Kind of Houses Do Squirrels Like? The Ultimate Guide Squirrels prefer safe, dry, and easily accessible nesting sites, whether it’s a natural cavity in a tree or a human-provided squirrel house that mimics these ideal conditions. Understanding what kind o…","Quales domos sciuri simile ?. Qualis domus sciuri placet? The Ultimate Guide Squirrels prefer tutam, aridam, et situs nidificandi facile pervia, sive cavitatis naturalis est in arbore vel in domo humana sciurus quae imitatur has condiciones ideales. Intellectus qualis o...",2026-07-11 20:42:26+00:00
05235fd6f064e42b976d918af53061b8,2026-07-05T19:37:26Z,'insulation house',theconversation.com,en,0.3,‘A giant blanket’: how better insulation lowers energy costs for you and the grid,An expert explains how insulation works and why it matters.,https://theconversation.com/a-giant-blanket-how-better-insulation-lowers-energy-costs-for-you-and-the-grid-285342,https://images.theconversation.com/files/743174/original/file-20260622-57-t75304.jpg?ixlib=rb-4.1.0&rect=0%2C215%2C2121%2C1060&q=45&auto=format&w=1356&h=668&fit=crop,http://web.archive.org/web/20260705204909/https://theconversation.com/a-giant-blanket-how-better-insulation-lowers-energy-costs-for-you-and-the-grid-285342,"BrianAJackson/Getty
Australian households are under immense financial pressure – and rising energy costs are a major reason why.

While policy makers and system planners have focused on ways to prod… [+5994 chars]",,"„Eine riesige Decke“: Wie eine bessere Isolierung die Energiekosten für Sie und das Netz senkt. Ein Experte erklärt, wie Isolierung funktioniert und warum sie wichtig ist.",‘A giant blanket’: how better insulation lowers energy costs for you and the grid. An expert explains how insulation works and why it matters.,'Gans stragulum': quo melius insulatio industriam demittit tibi et malesuada euismod. Nulla volutpat et quam ob rem refert peritus exponit.,2026-07-11 20:42:26+00:00
b565262301485fe68f1e119f708af779,2026-07-06T20:26:02Z,'insulation house',www.cbc.ca,en,0.3,N.B. working on deal to join federal home-retrofit program,"New Brunswick is working out a deal with the federal government to join its Canada Greener Homes Affordability Program so that eligible residents can make upgrades, including adding insulation and heat pumps, at no cost.",https://www.cbc.ca/news/canada/new-brunswick/nb-joining-federal-greener-homes-program-9.7260274,"https://i.cbc.ca/ais/1.6629287,1755704772000/full/max/0/default.jpg?im=Crop%2Crect%3D%280%2C0%2C1919%2C1079%29%3BResize%3D620",,"New Brunswick is working on a deal to join Canadas greener homes retrofit program, a government spokesperson says.
The federal Canada Greener Homes Affordability Program provides low- to median-inco… [+4126 chars]",,"Hinweis: Ich arbeite an einer Vereinbarung zur Teilnahme am bundesstaatlichen Haussanierungsprogramm. New Brunswick arbeitet derzeit an einer Vereinbarung mit der Bundesregierung über die Teilnahme am Canada Greener Homes Affordability Program, sodass berechtigte Bewohner kostenlos Modernisierungen vornehmen können, einschließlich des Einbaus von Isolierung und Wärmepumpen.","N.B. working on deal to join federal home-retrofit program. New Brunswick is working out a deal with the federal government to join its Canada Greener Homes Affordability Program so that eligible residents can make upgrades, including adding insulation and heat pumps, at no cost.","N.B. multum opus est ad programmatum domesticum-retrofiti foederati iungere. Novum Brunsvicum paciscendum cum imperio foederati laborat ut suum Canada viridiores Homes Affordability Programma coniungat, ut habiles incolas upgrades facere possint, inclusas velit et calor soleatus nullo pretio addito.",2026-07-11 20:42:26+00:00
7cd3ed00fba5aacb72af489ec8b487d5,2026-07-10T15:51:58Z,'extreme cold',www.psychologytoday.com,en,0.2,Got Heat? Cold? Wildfires? Droughts? Hurricanes?,"Despite the cascading and escalating threats of climate change, many people still avoid talking about it, or struggle to pay attention long enough to act.",https://www.psychologytoday.com/us/blog/the-anti-doomer-mindset/202607/got-heat-cold-wildfires-droughts-hurricanes,https://cdn2.psychologytoday.com/assets/styles/manual_crop_1_91_1_1528x800/public/teaser_image/blog_entry/2026-07/bibi-oirvesprbtm-unsplash.jpg?itok=-4njGlpn,,"This summer, England's temperatures reached 99.9 degrees Fahrenheit, the highest June temperature on record in the UK. A heat wave triggered a ""red heat health alert"" at exactly the same time the cit… [+9983 chars]",,"Hast du Hitze? Kalt? Waldbrände? Dürren? Hurrikane?. Trotz der kaskadenartigen und eskalierenden Bedrohungen durch den Klimawandel reden viele Menschen immer noch nicht darüber oder haben Schwierigkeiten, lange genug darauf zu achten, um zu handeln.","Got Heat? Cold? Wildfires? Droughts? Hurricanes?. Despite the cascading and escalating threats of climate change, many people still avoid talking about it, or struggle to pay attention long enough to act.","Surrexit Calor? Frigida? Wildfires? Siccitates? Turbinum ?. Quamvis minas climatis mutationis lapsus et evadendi, multi tamen de ea loquentes vitant vel contendunt attendere ad agendum satis longum.",2026-07-12 02:13:55+00:00
2cca89066a386c6b1fbaf14a40e49c4a,2026-07-07T10:59:47Z,'extreme cold',www.nakedcapitalism.com,en,0.3,Links 7/7/2026,"Our blue dailly links: shop cats, moar extreme weather, NATO freakout as Russia pounds Ukraine, EU LNG shortage? Germany v. AfD, India typhoid, Cuba grid fail, EU digitgal passport, JD Vance Trump diss, AI debt worries, BNPL as crisis trigger? Saylor sells Bi…",https://www.nakedcapitalism.com/2026/07/links-7-7-2026.html,https://www.nakedcapitalism.com/wp-content/uploads/2026/07/Screenshot-2026-07-07-at-1.13.50 PM.png,http://web.archive.org/web/20260707232233/https://www.nakedcapitalism.com/2026/07/links-7-7-2026.html,"Through the Eyes of Shop Cats Sixth Tone (guurst)
I Thought This Was a Literary Myth Until I Checked Classical Literature (Micael T)
Sciencing With a Primate Brain: Reflections on the Nature of Sci… [+11355 chars]",,"Links 07.07.2026. Unsere blauen täglichen Links: Shop Cats, Moar-Extremwetter, NATO-Freakout, während Russland die Ukraine attackiert, EU-LNG-Mangel? Deutschland gegen AfD, Typhus in Indien, Netzausfall in Kuba, digitaler EU-Pass, JD Vance Trump-Diss, Sorgen um die KI-Schulden, BNPL als Krisenauslöser? Saylor verkauft Bi…","Links 7/7/2026. Our blue dailly links: shop cats, moar extreme weather, NATO freakout as Russia pounds Ukraine, EU LNG shortage? Germany v. AfD, India typhoid, Cuba grid fail, EU digitgal passport, JD Vance Trump diss, AI debt worries, BNPL as crisis trigger? Saylor sells Bi…","Vincula 7/7/2026. Nostri cotidiani caerulei nexus: taberna felium, moar tempestatis extremae, NATO lusus naturae sicut Russia libras Ucrainae, EU LNG penuriam? Germania v. AfD, India typhoideum, Cuba grid deficiunt, digitgal EU passport, JD Vance Trump diss, AI curarum debitum, BNPL sicut discrimen felis? Nauta vendit Bi ...",2026-07-12 02:13:55+00:00
a3e4ffd0fcf8460322507040e01d5d01,2026-07-09T18:01:45Z,'extreme cold',grist.org,en,0.3,Why heat is so deadly and how to stay safe,Understand the risks associated with extreme heat and what to do when you’re facing down a heat wave with this guide based on years of Grist reporting.,https://grist.org/extreme-weather/why-heat-is-so-deadly-and-how-to-stay-safe/,https://grist.org/wp-content/uploads/2026/07/paris-heat-2026.jpg?quality=75&strip=all,http://web.archive.org/web/20260710064732/https://grist.org/extreme-weather/why-heat-is-so-deadly-and-how-to-stay-safe/,"Don’t underestimate heat. While less visible than other extreme weather events like hurricanes or floods, heat consistently accounts for more U.S. fatalities than any other type of weather disaster. … [+6809 chars]",,"Warum Hitze so tödlich ist und wie man auf der sicheren Seite bleibt. Verstehen Sie mit diesem Leitfaden, der auf jahrelanger Grist-Berichterstattung basiert, die mit extremer Hitze verbundenen Risiken und was Sie tun sollten, wenn Sie mit einer Hitzewelle konfrontiert sind.",Why heat is so deadly and how to stay safe. Understand the risks associated with extreme heat and what to do when you’re facing down a heat wave with this guide based on years of Grist reporting.,"Quare calor tam mortifera est, quam tutus manere. Pericula quae cum nimio calore cognosce et quid agere debeas cum fluctum aestum respicis cum hoc duce in annis de Grist renuntiatione.",2026-07-12 02:13:55+00:00
dd4326a7537e8d7de0c2682ba41ccf85,2026-07-08T07:00:02Z,'cold spell',www.newscientist.com,en,0.3,How extreme heat affects the body – and the best ways to cope,A short spell in a heat chamber at the University of Brighton showed Alec Luhn that his body is not adapted to high temperatures – but regular exposure can train the body to respond more effectively,https://www.newscientist.com/article/2533216-how-extreme-heat-affects-the-body-and-the-best-ways-to-cope/,https://images.newscientist.com/wp-content/uploads/2026/07/07134843/SEI_304374726.jpg,http://web.archive.org/web/20260709063920/https://www.newscientist.com/article/2533216-how-extreme-heat-affects-the-body-and-the-best-ways-to-cope/,"Passengers on the London Underground during the heatwave on 26 June
Guy Bell / Alamy
The heatwave that hit Europe at the end of June was the hottest ever and came less than a month after another re… [+4237 chars]",,"Wie sich extreme Hitze auf den Körper auswirkt – und wie man damit am besten umgeht. Ein kurzer Aufenthalt in einer Wärmekammer an der Universität von Brighton zeigte Alec Luhn, dass sein Körper nicht an hohe Temperaturen angepasst ist – aber regelmäßige Einwirkung kann den Körper trainieren, effektiver zu reagieren",How extreme heat affects the body – and the best ways to cope. A short spell in a heat chamber at the University of Brighton showed Alec Luhn that his body is not adapted to high temperatures – but regular exposure can train the body to respond more effectively,Quam calor extremus corpus afficit – et optimas vias tolerare. Brevis incantatio in camera caloris in Universitate Brighton Alec Luhn ostendit corpus suum non ad altas temperaturas accommodatum esse - sed regularis detectio instituere potest corpus ut efficacius respondeat.,2026-07-12 07:26:54+00:00
e19ed251997bbb26454cea5074b6ecb9,2026-07-09T18:00:00Z,'heating system',www.cbc.ca,en,0.3,Canadians design bubbly floating solar for icy lakes,"In this issue of our environmental newsletter, we check out a new design for a floating solar system designed for Canadian winters, see how Toronto boosted cycling to cut traffic during the World Cup and learn how cities could recycle heat produced by data ce…",https://www.cbc.ca/news/climate/what-on-earth-floating-solar-9.7264020,"https://i.cbc.ca/ais/c5a2db87-338d-4f6f-9cf3-4155badb02d1,1783613180989/full/max/0/default.jpg?im=Crop%2Crect%3D%280%2C176%2C4000%2C2250%29%3BResize%3D620",,"Welcome to our weekly newsletter where we highlight environmental trends and solutions that are moving us to a more sustainable world.
Hi, it's Emily. I've been interested in the idea of floating so… [+15509 chars]",,"Kanadier entwerfen sprudelnde schwimmende Solaranlage für eisige Seen. In dieser Ausgabe unseres Umwelt-Newsletters sehen wir uns ein neues Design für ein schwimmendes Solarsystem für kanadische Winter an, sehen, wie Toronto während der Weltmeisterschaft das Radfahren verstärkte, um den Verkehr zu reduzieren, und erfahren, wie Städte die von Datenzentren erzeugte Wärme recyceln könnten …","Canadians design bubbly floating solar for icy lakes. In this issue of our environmental newsletter, we check out a new design for a floating solar system designed for Canadian winters, see how Toronto boosted cycling to cut traffic during the World Cup and learn how cities could recycle heat produced by data ce…","Canadenses designant bubbly nare propter lacus glaciales solares. In hac re nostri environmentalis tabellarii novum consilium inspicimus pro fluitantia systematis solaris ad Canadiensis hiemes destinato, vide quomodo Toronto vehitur revolutio ad mercaturam Mundi inter Secandum et discendum quomodo civitates calor redivivus a data ce…",2026-07-12 11:08:18+00:00
6a88025d053384867a01420f74a1bba9,2026-07-01T06:46:49Z,'cold impacts',www.lifesciencesworld.com,en,0.3,Do dogs feel the cold like humans?,"Do Dogs Feel The Cold Like Humans? Understanding Canine Cold Tolerance Dogs absolutely feel the cold, but not exactly like humans. Their sensitivity to cold weather varies greatly depending on factors such as breed, size, age, and coat thickness. Introduction…",https://www.lifesciencesworld.com/do-dogs-feel-the-cold-like-humans/,,,"Dogs absolutely feel the cold, but not exactly like humans.Their sensitivity to cold weather varies greatly depending on factors such as breed, size, age, and coat thickness.
Introduction: A Chillin… [+9424 chars]",,"Spüren Hunde die Kälte wie Menschen? Fühlen Hunde die Kälte wie Menschen? Die Kältetoleranz von Hunden verstehen Hunde spüren die Kälte durchaus, aber nicht genau wie Menschen. Ihre Empfindlichkeit gegenüber Kälte variiert stark und hängt von Faktoren wie Rasse, Größe, Alter und Felldicke ab. Einführung…","Do dogs feel the cold like humans?. Do Dogs Feel The Cold Like Humans? Understanding Canine Cold Tolerance Dogs absolutely feel the cold, but not exactly like humans. Their sensitivity to cold weather varies greatly depending on factors such as breed, size, age, and coat thickness. Introduction…","Canes sentiunt ut homines frigora? Canes sentire frigus sicut homines? Intellectus Canini Frigidi Tolerantiae Canes omnino frigus sentiunt, sed homines non prorsus sicut. Sensus eorum frigoris valde variat secundum causas, quales sunt genera, magnitudo, aetas, crassitudo tunicae. Introductio…",2026-07-12 15:55:43+00:00
9b56e25139f78fcfcf7e4e57f0e8bd39,2026-07-04T16:00:45Z,'colder than usual',www.salon.com,en,0.3,Super easy summer corn and dumplings,"Frozen dumplings, sweet corn, coconut milk and miso turn into the kind of shortcut dinner worth bragging about",https://www.salon.com/2026/07/04/super-easy-summer-corn-and-dumplings/,https://www.salon.com/app/uploads/2026/07/FrozenDumplings-2273523610-scaled.jpg,http://web.archive.org/web/20260705052222/https://www.salon.com/2026/07/04/super-easy-summer-corn-and-dumplings/,"This chowder isnt chic.
I mean that specifically, because this is less a recipe than a small conspiracy of shortcuts the kind of thing assembled from the freezer, the pantry, and the part of the bra… [+7254 chars]",,"Super einfacher Sommermais und Knödel. Gefrorene Knödel, Zuckermais, Kokosmilch und Miso ergeben ein schnelles Abendessen, mit dem man prahlen kann","Super easy summer corn and dumplings. Frozen dumplings, sweet corn, coconut milk and miso turn into the kind of shortcut dinner worth bragging about","Eximius facile aestatis frumentum et dumplings. Congelata glomerationes, frumentum dulce, lac Cocoes et miso in genus breves cenae dignae iactandae.",2026-07-12 20:39:44+00:00
ed782a480727631cb78ff1eeaa3bbfa9,2026-07-11T13:45:39Z,'colder than usual',www.windowscentral.com,en,0.3,"Razer’s Soma Chroma is the wireless RGB gaming chair your setup didn’t know it needed, and it’s way better than the joke writes itself","Razer’s Soma Chroma is a wireless RGB gaming chair powered by a simple USB‑C power bank, keeping your setup clean while adding reactive lighting to your entire battlestation. The real surprise is the comfort. Dual‑density foam, an ergonomic lumbar arch, and a…",https://www.windowscentral.com/gaming/gaming-chairs/razer-soma-chroma-review-2026,https://cdn.mos.cms.futurecdn.net/izpVyosgcr9Dg74Wv5iiMd-2560-80.jpg,http://web.archive.org/web/20260711162241/https://www.windowscentral.com/gaming/gaming-chairs/razer-soma-chroma-review-2026,"Why you can trust Windows Central
Our expert reviewers spend hours testing and comparing products and services so you can choose the best for you. Find out more about how we test.We all knew this da… [+9606 chars]",,"Der Soma Chroma von Razer ist der kabellose RGB-Gaming-Stuhl, von dem Ihr Setup nicht wusste, dass er ihn braucht, und er ist viel besser, als der Witz verspricht. Der Soma Chroma von Razer ist ein kabelloser RGB-Gaming-Stuhl, der über eine einfache USB-C-Powerbank betrieben wird und Ihr Setup aufgeräumt hält und gleichzeitig Ihrer gesamten Kampfstation reaktive Beleuchtung verleiht. Die wahre Überraschung ist der Komfort. Dual-Density-Schaum, ein ergonomischer Lendenbogen und ein…","Razer’s Soma Chroma is the wireless RGB gaming chair your setup didn’t know it needed, and it’s way better than the joke writes itself. Razer’s Soma Chroma is a wireless RGB gaming chair powered by a simple USB‑C power bank, keeping your setup clean while adding reactive lighting to your entire battlestation. The real surprise is the comfort. Dual‑density foam, an ergonomic lumbar arch, and a…","Razer Soma Chroma est RGB gaming sella wireless vestri setup quod opus non cognovit, et melius modus est quam iocus ipse scribit. Razer Soma Chroma est a wireless RGB sella aleae lusoriae a simplici USB‑C potentiae patrimonio, habendo mundam habendo, addito reactivo lumine toti praeliorum tuorum. Vera admiratio solacium est. Spuma dual‑densitas, ergonomic arcus lumborum, et a…",2026-07-12 20:39:44+00:00
5ebf3d6a874b799fb82363af0003d3d6,2026-07-07T01:29:07Z,'cold snap',nypost.com,en,0.2,EBT fraud? Oh SNAP! No surprise in state awash in welfare cash,"SNAP’s EBT cards are supposed to help low-income families buy food, not fund side hustles. But at LA’s Escamex Party Supplies bodega, these benefits allegedly fueled a brisk backroom business. Jesse Cervantes-Gomez is accused of ringing up big fake purchases …",https://nypost.com/2026/07/06/opinion/ebt-fraud-oh-snap-no-surprise-in-state-awash-in-welfare-cash/,https://nypost.com/wp-content/uploads/sites/2/2026/07/newspress-collage-vapbodydd-1783387485050.jpg?quality=75&strip=all&1783373136&w=1200,http://web.archive.org/web/20260707181704/https://nypost.com/2026/07/06/opinion/ebt-fraud-oh-snap-no-surprise-in-state-awash-in-welfare-cash/,"SNAPs EBT cards are supposed to help low-income families buy food, not fund side hustles. But at LA’s Escamex Party Supplies bodega, these benefits allegedly fueled a brisk backroom business. 
Jesse… [+3766 chars]",,"EBT-Betrug? Oh SCHNAPP! Kein Wunder, dass der Staat mit Sozialhilfegeldern überschwemmt ist. Die EBT-Karten von SNAP sollen einkommensschwachen Familien beim Kauf von Lebensmitteln helfen und nicht zur Finanzierung von Nebenbeschäftigungen dienen. Aber in der Bodega Escamex Party Supplies in Los Angeles haben diese Vorteile angeblich ein reges Hinterzimmergeschäft befeuert. Jesse Cervantes-Gomez wird vorgeworfen, große Scheinkäufe getätigt zu haben …","EBT fraud? Oh SNAP! No surprise in state awash in welfare cash. SNAP’s EBT cards are supposed to help low-income families buy food, not fund side hustles. But at LA’s Escamex Party Supplies bodega, these benefits allegedly fueled a brisk backroom business. Jesse Cervantes-Gomez is accused of ringing up big fake purchases …","fraus eBt? O SNAP! Nec mirum in re publica flueret Salmasius in nummis. SCANDULAE EBT schedulae adiuvandae sunt familias low-reditus auxilium ementes cibum, non fiscus parte hustles. Sed in LA's Escamex Party Supplies bodega, haec beneficia asserta negotium alacer cubiculi fuderunt. Iesse Cervantes-Gomez accusatur de magnis falsis emptionibus...",2026-07-13 12:28:31+00:00
5d5655a5251f865ce59b7c8882e9565c,2026-07-11T16:00:47Z,'cold spell',kotaku.com,en,0.2,Obsidian Game Director Hits Back At ‘Cold Take Artists’ ‘Running Their Mouths’ About The Studio In The Wake Of Layoffs,Obsidian is reportedly still working on Avowed 2 as it spins up a new Fallout,https://kotaku.com/obsidian-game-director-hits-back-at-cold-take-artists-making-up-stuff-about-the-studio-in-the-wake-of-layoffs-2000714963,https://kotaku.com/app/uploads/2026/07/AVowed-1.jpg,,"Obsidian Entertainment, which just released Avowed, Grounded 2 (Early Access), and The Outer Worlds 2 all in the same calendar year, was hit hard in the first wave of 1,600 mass layoffs across Micros… [+3738 chars]",,"Der Game Director von Obsidian wehrt sich gegen „Cold Take Artists“, die nach den Entlassungen „ihre Mundpropaganda über das Studio machen“. Berichten zufolge arbeitet Obsidian immer noch an Avowed 2, da es ein neues Fallout auf den Markt bringt",Obsidian Game Director Hits Back At ‘Cold Take Artists’ ‘Running Their Mouths’ About The Studio In The Wake Of Layoffs. Obsidian is reportedly still working on Avowed 2 as it spins up a new Fallout,Obsidian Ludus Director Hits Back At 'Cold Take Artists' De Cursu Oris' De Studio in Vigilia Laiofforum. Obsidian parem adhuc opus in Avowed 2 ut deducit novum Fallout,2026-07-13 17:10:44+00:00
22d6dddaed1205a24419763ed7bddb68,2026-07-12T16:53:09Z,'cold spell',bleedingcool.com,en,0.2,Embrace the Cold with Hot Toys New Deluxe Spider-Man 1/6th Scale,"Hot Toys is getting ready for Spider-Man: Brand New Day with a brand-new sixth-scale Spider-Man figure. While fans have already seen the standard version of the iconic wall-crawler, it looks like a Deluxe Edition is also on the way. The updated release featur…",https://bleedingcool.com/collectibles/embrace-the-cold-with-hot-toys-new-deluxe-spider-man-1-6th-scale/,https://bleedingcool.com/wp-content/uploads/2026/07/Hot-Toys-BND-Spider-Man-featured-2000x1125.jpg,,"Posted in: Collectibles, Hot Toys | Tagged: hot toys, spider-man
Hot Toys is delivering a brand-new 1/6th scale Spider-Man (Deluxe Version) figure that captures his chilly, winter-ready look
Articl… [+2798 chars]",,"Umfassen Sie die Kälte mit Hot Toys New Deluxe Spider-Man im Maßstab 1:6. Hot Toys bereitet sich mit einer brandneuen Spider-Man-Figur im sechsten Maßstab auf Spider-Man: Brand New Day vor. Während Fans bereits die Standardversion des legendären Wall-Crawlers gesehen haben, sieht es so aus, als ob auch eine Deluxe Edition auf dem Weg ist. Die aktualisierte Release-Funktion…","Embrace the Cold with Hot Toys New Deluxe Spider-Man 1/6th Scale. Hot Toys is getting ready for Spider-Man: Brand New Day with a brand-new sixth-scale Spider-Man figure. While fans have already seen the standard version of the iconic wall-crawler, it looks like a Deluxe Edition is also on the way. The updated release featur…","Frigidum amplectere cum Hot Toys New Deluxe Spider-Man 1/6th Scala. Hot Toys procinctu est Spider-Man: Brand New Day with a notam sextam-scalae Spider Hominis figuram. Dum fans iam vidisti vexillum versionis muri iconici-crawler, spectat sicut editiones Deluxe etiam in via est. Renovata emissio pluma…",2026-07-13 17:10:44+00:00
d862e13f6a6d38fb64a1047e0aaa12f3,2026-07-10T11:00:00Z,'cold spell',athlonsports.com,en,0.3,What Happens After You Go 0-12? UMass Coach Joe Harasymiak is About to Find Out,The Minutemen were the only team in the FBS to go winless in 2025. Where do they go from here?,https://athlonsports.com/college-football/umass-winless-joe-harasymiak-mac-rebuild,https://s.yimg.com/ny/api/res/1.2/hu4lQvU0XWoTWvvuld8KDg--/YXBwaWQ9aGlnaGxhbmRlcjt3PTEyMDA7aD04MDA7Y2Y9d2VicA--/https://media.zenfs.com/en/athlon_sports_articles_610/ee2c20240ae894bc14e47be9a63ebd4f,,The stands at Warren McGuirk Alumni Stadium were sparse on a November night. Who could blame Massachusetts football fans for not braving the cold to support a team that had gone more than a year with… [+9812 chars],,"Was passiert, nachdem Sie 0-12 erreicht haben? UMass-Trainer Joe Harasymiak ist dabei, es herauszufinden. Die Minutemen waren das einzige Team der FBS, das im Jahr 2025 sieglos blieb. Wie geht es weiter?",What Happens After You Go 0-12? UMass Coach Joe Harasymiak is About to Find Out. The Minutemen were the only team in the FBS to go winless in 2025. Where do they go from here?,Quid post te 0-12? UMass PETORITUM Joe Harasymiak est cognoscere. Minutemen solae turmae in FBS erant ut winless in 2025. Quo hinc eunt?,2026-07-13 17:10:44+00:00
8433c9a0b5dc1816540ff948b90c00f2,2026-07-10T11:03:00Z,'heating system',www.prnewswire.com,en,0.2,"Petri Plumbing, Heating, Cooling & Drain Cleaning says preventative maintenance provides peace of mind in summer heat","The local home service company shares tips to help New York City homeowners avoid costly breakdowns during the hottest months BROOKLYN, N.Y., July 10, 2026 /PRNewswire/ -- Petri Plumbing, Heating, Cooling & Drain Cleaning, a family-owned home service provider…",https://www.prnewswire.com/news-releases/petri-plumbing-heating-cooling--drain-cleaning-says-preventative-maintenance-provides-peace-of-mind-in-summer-heat-302822399.html,https://mma.prnewswire.com/media/3005234/pph_share_tips.jpg?p=facebook,,"The local home service company shares tips to help New York City homeowners avoid costly breakdowns during the hottest months
BROOKLYN, N.Y., July 10, 2026 /PRNewswire/ -- Petri Plumbing, Heating, C… [+3041 chars]",,"Laut Petri Plumbing, Heating, Cooling & Drain Cleaning sorgt vorbeugende Wartung für Sicherheit bei Sommerhitze. Das örtliche Hauswartungsunternehmen gibt Tipps, um Hausbesitzern in New York City dabei zu helfen, kostspielige Ausfälle in den heißesten Monaten zu vermeiden. BROOKLYN, N.Y., 10. Juli 2026 /PRNewswire/ – Petri Plumbing, Heating, Cooling & Drain Cleaning, ein familiengeführter Hausdienstleistungsanbieter…","Petri Plumbing, Heating, Cooling & Drain Cleaning says preventative maintenance provides peace of mind in summer heat. The local home service company shares tips to help New York City homeowners avoid costly breakdowns during the hottest months BROOKLYN, N.Y., July 10, 2026 /PRNewswire/ -- Petri Plumbing, Heating, Cooling & Drain Cleaning, a family-owned home service provider…","Petri Plumbing, Heating, Refrigerium & Exhaurire Purgatio dicit preventative sustentationem praebet tranquillitatem mentis in calore aestivo. Loci domestici muneris societas apicibus communicat ad adiuvandum possessores civitatis Novi Eboraci possessores pretiosi naufragii vitant in mensibus calidissimis BROOKLYN, N.Y., die X mensis Iulii / PRNewswire/ Petri Plumbing, Calefacientis, Refrigerii & Exhauriendi Purgatio, familiae domesticae servitii provisor…",2026-07-14 11:23:55+00:00
8474e2dbb5d79850de4b1261fc73acb0,2026-07-11T10:00:00Z,'heating system',newrepublic.com,en,0.2,The Race to Replace Graham Platner Is Heating Up,"With Graham Platner bowing out of the race for U.S. Senate in Maine following allegations that he raped his former partner, the scramble to replace him is well underway—and the field of possible alternatives is starting to get considerably crowded. Since the …",https://newrepublic.com/post/212978/democrats-replace-graham-platner-senate,https://images.newrepublic.com/a303324fbde0ae9e813b847619216d5c9290470e.jpeg?w=1200&h=630&crop=faces&fit=crop&fm=jpg,http://web.archive.org/web/20260712005224/https://newrepublic.com/post/212978/democrats-replace-graham-platner-senate,"El-Sayeds policy proposal, which he shared exclusively with The New Republic ahead of its release, has three key components: democratic governance of AI, public ownership of AI companies, and safety … [+1932 chars]",,"Der Wettlauf um die Nachfolge von Graham Platner verschärft sich. Da Graham Platner aus dem Rennen um den Sitz im US-Senat in Maine ausschied, nachdem ihm vorgeworfen wurde, seine frühere Partnerin vergewaltigt zu haben, ist der Kampf um seine Nachfolge in vollem Gange – und das Feld möglicher Alternativen wird zunehmend überfüllt. Da die …","The Race to Replace Graham Platner Is Heating Up. With Graham Platner bowing out of the race for U.S. Senate in Maine following allegations that he raped his former partner, the scramble to replace him is well underway—and the field of possible alternatives is starting to get considerably crowded. Since the …","Genus reponere Graham Platner calet. Cum Graham Platner e stadio inclinato in Senatu Americae Cenomannicae sequentia allegata quod priorem socium rapuerat, tumultuariam restituendi ei bene comparatum est, et campus optiorum possibilium multum confertus incepit. Cum in...",2026-07-14 11:23:55+00:00
75b9553922d69b7cf1667190debcc5b7,2026-07-10T13:00:00Z,'heating system',soldiersystems.net,en,0.3,Thermal Comfort as a Tactical Advantage,"Expert interview with Martin Bentz, CEO of Outlast Technologies Modern soldier systems are becoming more advanced, more protective and more complex. But with every additional layer of equipment, the microclimate close to the body becomes more critical. Heat b…",https://soldiersystems.net/2026/07/10/thermal-comfort-as-a-tactical-advantage/,https://soldiersystems.net/wp-content/uploads/2026/07/img_4528.jpeg,,"Expert interview with Martin Bentz, CEO of Outlast Technologies
Modern soldier systems are becoming more advanced, more protective and more complex. But with every additional layer of equipment, the… [+10403 chars]",,"Thermischer Komfort als taktischer Vorteil. Experteninterview mit Martin Bentz, CEO von Outlast Technologies Moderne Soldatensysteme werden immer fortschrittlicher, schützender und komplexer. Doch mit jeder weiteren Ausrüstungsschicht wird das körpernahe Mikroklima kritischer. Wärmeb…","Thermal Comfort as a Tactical Advantage. Expert interview with Martin Bentz, CEO of Outlast Technologies Modern soldier systems are becoming more advanced, more protective and more complex. But with every additional layer of equipment, the microclimate close to the body becomes more critical. Heat b…","Ut scelerisque commodo commodo. Periti colloquium cum Martin Bentz, CEO de Outlast technologiae modernae militis systemata magis provectioris, tutelae magisque complexae fiunt. Sed cum omni strato addito apparatu, microclimate prope corpus magis criticum fit. Caloris b…",2026-07-14 11:23:55+00:00
bb03fcc08f2d3d7af864c851c4a67903,2026-07-10T14:11:38Z,'heating system',gbdmagazine.com,en,0.3,Rethinking How Buildings Breathe with High-Performance Ventilation,"Story at a glance: As buildings become tighter and more energy-efficient, ventilation systems are playing a larger role in occupant health, comfort, and long-term building performance. Growing concerns around energy costs, increased pollutants, and indoor air…",https://gbdmagazine.com/high-performance-ventilation/,https://gbdmagazine.com/wp-content/uploads/2026/07/web-Lifebreath-METRO-XTR-Installation-Kinsley-Residential-Townhomes.jpg,,"Story at a glance:
<ul><li>As buildings become tighter and more energy-efficient, ventilation systems are playing a larger role in occupant health, comfort, and long-term building performance.</li><… [+13694 chars]",,"Überdenken Sie die Atmung von Gebäuden mit Hochleistungslüftung. Die Geschichte auf einen Blick: Da Gebäude immer dichter und energieeffizienter werden, spielen Lüftungssysteme eine immer größere Rolle für die Gesundheit, den Komfort und die langfristige Gebäudeleistung der Bewohner. Wachsende Bedenken hinsichtlich Energiekosten, erhöhter Schadstoffbelastung und Raumluft …","Rethinking How Buildings Breathe with High-Performance Ventilation. Story at a glance: As buildings become tighter and more energy-efficient, ventilation systems are playing a larger role in occupant health, comfort, and long-term building performance. Growing concerns around energy costs, increased pollutants, and indoor air…","Recogitando quomodo Aedificia Spirant cum High-Perficiendi evacuatione. Narratio in aspectu: Cum aedificia arctius et magis efficacia efficiant, systemata ventilationis maius munus in valetudine occupantis, solatii et diuturnae operationis aedificatione funguntur. Crescens cura circa energiae gratuita, aucta scelerisque, et aer sub tectis.",2026-07-14 11:23:55+00:00
4ec3c093a64ba2dc86a5f8f4af9b8b8a,2026-07-10T15:02:52Z,'heating system',www.irishtimes.com,en,0.3,"Dispute over alleged overheating in €6m Dublin penthouse goes to mediation, court told","Court hears that temperatures in apartment have reached ‘unbearable, highs",https://www.irishtimes.com/crime-law/courts/2026/07/10/dispute-over-alleged-overheating-in-6m-dublin-penthouse-goes-to-mediation-court-told/,https://www.irishtimes.com/resizer/v2/JXZ2TPTTZLOAEHMERV45BRYL6I.jpg?smart=true&auth=3cf25d9523bdf4c511c190e0acecbdb0ab614b5059e53af67a51d6e08eb581da&width=1200&height=630,http://web.archive.org/web/20260711152605/https://www.irishtimes.com/crime-law/courts/2026/07/10/dispute-over-alleged-overheating-in-6m-dublin-penthouse-goes-to-mediation-court-told/,"A High Court dispute over alleged overheating of a 6 million penthouse apartment in Dublin is to go to mediation, a judge has been told.
Aideen OByrne bought the Lansdowne Place, Ballsbridge, apartm… [+1173 chars]",,"Streit um angebliche Überhitzung in 6-Millionen-Euro-Penthouse in Dublin geht zur Schlichtung, teilte das Gericht mit. Das Gericht erfährt, dass die Temperaturen in der Wohnung „unerträgliche Höchstwerte“ erreicht haben","Dispute over alleged overheating in €6m Dublin penthouse goes to mediation, court told. Court hears that temperatures in apartment have reached ‘unbearable, highs","Lites de asserto overheating in €6m penthouse Dublin ad mediationem accedit, atrium nuntiavit. Iudicium audit temperaturas in diaetam pervenisse 'intollerabiles, graves'",2026-07-14 11:23:55+00:00
dd5fd18bc4dc63c1936ef91138c64c7d,2026-07-10T19:00:00Z,'heating system',oilprice.com,en,0.3,Summer Heatwaves Are Rewriting the Rules for Britain's Power Grid,"The energy grid operator has warned that the “extreme temperatures” from this week’s heatwave could hit power supplies on Thursday night, as households’ use of fans and air conditioner place a record strain on our electricity system. The National Energy Syste…",https://oilprice.com/Energy/Energy-General/Summer-Heatwaves-Are-Rewriting-the-Rules-for-Britains-Power-Grid.html,https://d32r1sh890xpii.cloudfront.net/article/1200x675/2026-07-10_7ckchlexnr.jpg,http://web.archive.org/web/20260710221540/https://oilprice.com/Energy/Energy-General/Summer-Heatwaves-Are-Rewriting-the-Rules-for-Britains-Power-Grid.html,"Electricity is emerging as the…
Communities across the U.S. blocked…
Colombia's declining natural gas production,…
Set us as your preferred Google source
By City A.M - Jul 10, 2026, 2:00 PM CDTTh… [+2891 chars]",,"Hitzewellen im Sommer verändern die Regeln für das britische Stromnetz. Der Energienetzbetreiber hat gewarnt, dass die „extremen Temperaturen“ der Hitzewelle dieser Woche am Donnerstagabend die Stromversorgung beeinträchtigen könnten, da die Nutzung von Ventilatoren und Klimaanlagen durch die Haushalte eine Rekordbelastung für unser Stromsystem darstellt. Das nationale Energiesystem…","Summer Heatwaves Are Rewriting the Rules for Britain's Power Grid. The energy grid operator has warned that the “extreme temperatures” from this week’s heatwave could hit power supplies on Thursday night, as households’ use of fans and air conditioner place a record strain on our electricity system. The National Energy Syste…","Aestas Heatwaves Rescribo Regulas pro Britanniae Potestate Grid. Operator energiae operantis admonuit ""extremae temperaturae"" ex hac hebdomade aestus potentiae commeatus die Iovis nocte ferire posse, ut familiae usus fans et aer conditionator poneret recordum contentionem in systemate nostro electricitatis. In National Energy Syste…",2026-07-14 11:23:55+00:00
6c82846401f472567cace4f7e7b7b9fd,2026-07-10T21:09:02Z,'heating system',bringatrailer.com,en,0.3,33k-Mile 2017 Porsche 911 Targa 4 GTS,"This 2017 Porsche 911 is a triple-Black Targa 4 GTS equipped with the Premium Plus and Sport Chrono packages as well as a leather interior, TechArt lowering springs, 20"" Turbo S center-lock wheels, heated and ventilated front seats, a Bose sound system, and P…",https://bringatrailer.com/listing/2017-porsche-911-targa-4-gts-16/,https://bringatrailer.com/wp-content/uploads/2026/06/2017_porsche_911-targa-4-gts_2017_991_Targa_GTS_002-52143-scaled-1-scaled-copy-2026-07-09-pul-21912.jpg,,"This 2017 Porsche 911 is a triple-Black Targa 4 GTS equipped with the Premium Plus and Sport Chrono packages as well as a leather interior, TechArt lowering springs, 20″ Turbo S center-lock wheels, h… [+3530 chars]",,"33.000 Meilen 2017 Porsche 911 Targa 4 GTS. Dieser Porsche 911 aus dem Jahr 2017 ist ein dreifach schwarzer Targa 4 GTS, der mit den Paketen Premium Plus und Sport Chrono sowie einer Lederausstattung, TechArt-Tieferlegungsfedern, 20-Zoll-Turbo-S-Rädern mit Zentralverschluss, beheizten und belüfteten Vordersitzen, einem Bose-Soundsystem und P… ausgestattet ist.","33k-Mile 2017 Porsche 911 Targa 4 GTS. This 2017 Porsche 911 is a triple-Black Targa 4 GTS equipped with the Premium Plus and Sport Chrono packages as well as a leather interior, TechArt lowering springs, 20"" Turbo S center-lock wheels, heated and ventilated front seats, a Bose sound system, and P…","33k-Mile 2017 Porsche 911 Targa 4 GTS. Hoc 2017 Ruerat 911 est triplex Niger Targa 4 GTS instructus fasciculis Premium Plus et Lusum Chrono necnon corium interius, fontes demissis TechArt, 20"" Turbo S rotae centri-cincinnis, calefacta et ventilata ante sedilia, systema sana Bose et P…",2026-07-14 11:23:55+00:00
cb1ac15957106bf132de76869eda0ec6,2026-07-10T23:06:06Z,'heating system',cryptobriefing.com,en,0.3,Google’s new quantum calibration breakthrough brings post-quantum crypto timeline into sharper focus,"Google's quantum calibration advance accelerates the need for post-quantum cryptography, impacting future encryption security strategies.
The post Google’s new quantum calibration breakthrough brings post-quantum crypto timeline into sharper focus appeared fi…",https://cryptobriefing.com/google-quantum-calibration-crypto-implications/,https://static.cryptobriefing.com/wp-content/uploads/2026/07/10190602/google-quantum-computer-2-800x420.jpeg,,"A reinforcement learning system that calibrates quantum processors in real time delivered a 3.5x improvement in error stability, moving the industry closer to fault-tolerant machines that could event… [+2846 chars]",,"Googles neuer Durchbruch bei der Quantenkalibrierung rückt die Post-Quanten-Krypto-Zeitleiste in den Fokus. Der Fortschritt von Google bei der Quantenkalibrierung erhöht den Bedarf an Post-Quanten-Kryptographie und wirkt sich auf zukünftige Verschlüsselungssicherheitsstrategien aus.
Der Beitrag Googles neuer Durchbruch bei der Quantenkalibrierung rückt die Post-Quantum-Krypto-Zeitleiste in den Fokus, erschien vor …","Google’s new quantum calibration breakthrough brings post-quantum crypto timeline into sharper focus. Google's quantum calibration advance accelerates the need for post-quantum cryptography, impacting future encryption security strategies.
The post Google’s new quantum calibration breakthrough brings post-quantum crypto timeline into sharper focus appeared fi…","Nova Google quanta calibratio breakthrough inducit post-quantum crypto timeline in umbilicum acutiorem. Quantum calibrationis Google progressus necessitatem cryptographiae post-quantum accelerat, futurae encryptionis securitatem consilia impacta.
Novus post-quantum calibrationis perrumpitur Google post-quantum crypto timeline in focum acutiorem apparuit fi…",2026-07-14 11:23:55+00:00
ef635b6afb704580469780d9dbe5160e,2026-07-11T06:47:04Z,'heating system',www.theverge.com,en,0.3,Are you filthy enough for a $700 portable shower?,"Hot showers, like electricity, are a luxury that's easy to take for granted. That all changes after a few nights camping at a music festival, a week toiling at a backcountry job site, or overlanding all summer in the great unknown. An itchy scalp and the vagu…",https://www.theverge.com/reviews/963814/joolca-hottap-portable-shower-review,https://platform.theverge.com/wp-content/uploads/sites/2/2026/07/IMG_2100.jpeg?quality=90&strip=all&crop=0%2C15.095986038394%2C100%2C69.808027923211&w=1200,http://web.archive.org/web/20260712001514/https://www.theverge.com/reviews/963814/joolca-hottap-portable-shower-review,"<ul><li></li><li></li><li></li></ul>
The Hottap Go is an all-in-one hot water system that justifies its high price.
by
Thomas RickerClose
Posts from this author will be added to your daily email … [+6411 chars]",,"Sind Sie dreckig genug für eine tragbare Dusche im Wert von 700 US-Dollar? Warme Duschen sind ebenso wie Strom ein Luxus, der leicht als selbstverständlich angesehen wird. Das ändert sich alles, nachdem man ein paar Nächte auf einem Musikfestival gezeltet hat, eine Woche lang auf einer Baustelle im Hinterland gearbeitet hat oder den ganzen Sommer über in der großen Unbekannten gelandet ist. Eine juckende Kopfhaut und vagu…","Are you filthy enough for a $700 portable shower?. Hot showers, like electricity, are a luxury that's easy to take for granted. That all changes after a few nights camping at a music festival, a week toiling at a backcountry job site, or overlanding all summer in the great unknown. An itchy scalp and the vagu…","Esne satis spurca pro $700 imber portatilis?. Imbres calidae, sicut electricitatis, deliciae sunt quae facile supponunt. Omnes mutationes post paucas noctes in castra musicae festivitatis, hebdomadae laboranti ad officium longinquitatis situm, vel totam aestatem in magnis ignotis exonerare. SCABROSUS cutis et vaga ...",2026-07-14 11:23:55+00:00
9d8f9d38f927dee620a6d6d78f423f2e,2026-07-11T09:14:31Z,'heating system',ahouseinthehills.com,en,0.3,Why European Windows Are Becoming Popular in the United States,"For decades, traditional double-hung windows dominated the American housing market. But today, more homeowners, architects, and builders are turning their attention to European windows, and for good reason. These modern window systems combine energy efficienc…",https://ahouseinthehills.com/why-european-windows-are-becoming-popular-in-the-united-states/,https://ahouseinthehills.com/wp-content/uploads/2026/07/1-3.jpeg,,"For decades, traditional double-hung windows dominated the American housing market. But today, more homeowners, architects, and builders are turning their attention to European windows, and for good … [+4335 chars]",,"Warum europäische Fenster in den Vereinigten Staaten immer beliebter werden. Jahrzehntelang dominierten traditionelle Doppelflügelfenster den amerikanischen Wohnungsmarkt. Aber heute richten immer mehr Hausbesitzer, Architekten und Bauherren ihre Aufmerksamkeit auf europäische Fenster, und das aus gutem Grund. Diese modernen Fenstersysteme vereinen Energieeffi…","Why European Windows Are Becoming Popular in the United States. For decades, traditional double-hung windows dominated the American housing market. But today, more homeowners, architects, and builders are turning their attention to European windows, and for good reason. These modern window systems combine energy efficienc…","Cur Windows Europaeae Populares fiunt in Civitatibus Foederatis. Pro decenniis traditum fenestris duplices suspensis mercatum habitationi Americanae dominatus est. Sed hodie magis possessores, architecti et structores operam suam ad fenestras Europaeae convertunt, certa ratione. Haec moderna systemata fenestrae industriam efficienc coniungunt…",2026-07-14 11:23:55+00:00
cdceb9f92073de1ab8ee5f5ff641b65d,2026-07-11T09:24:00Z,'heating system',www.prnewswire.com,en,0.3,BEAR NutriEase Baby Food Maker Stands Out With a Stainless Steel Design in a Plastic-Dominated Category,"Designed with a stainless steel steaming and blending system, NutriEase gives parents a more reassuring option for homemade baby food prep. NEW YORK, July 11, 2026 /PRNewswire/ -- As more parents look closely at what touches their baby's food, BEAR is putting…",https://www.prnewswire.com/news-releases/bear-nutriease-baby-food-maker-stands-out-with-a-stainless-steel-design-in-a-plastic-dominated-category-302823215.html,https://mmx.prnewswire.com/media/MS1880897/90f2b7fe2dc24a01a8937a1bde0c82b8.jpg?id=OA2758307&p=facebook,http://web.archive.org/web/20260712075059/https://www.prnewswire.com/news-releases/bear-nutriease-baby-food-maker-stands-out-with-a-stainless-steel-design-in-a-plastic-dominated-category-302823215.html,"Designed with a stainless steel steaming and blending system, NutriEase gives parents a more reassuring option for homemade baby food prep.
NEW YORK, July 11, 2026 /PRNewswire/ -- As more parents lo… [+2404 chars]",,"Der BEAR NutriEase Babynahrungszubereiter sticht mit seinem Edelstahldesign in einer von Kunststoffen dominierten Kategorie hervor. NutriEase ist mit einem Dampf- und Mixsystem aus Edelstahl ausgestattet und bietet Eltern eine sicherere Option für die hausgemachte Babynahrungszubereitung. NEW YORK, 11. Juli 2026 /PRNewswire/ -- Da immer mehr Eltern genau darauf achten, was mit der Nahrung ihres Babys in Berührung kommt, stellt BEAR…","BEAR NutriEase Baby Food Maker Stands Out With a Stainless Steel Design in a Plastic-Dominated Category. Designed with a stainless steel steaming and blending system, NutriEase gives parents a more reassuring option for homemade baby food prep. NEW YORK, July 11, 2026 /PRNewswire/ -- As more parents look closely at what touches their baby's food, BEAR is putting…","URSUS NutriEase Baby Food Maker stands Out With a Steel Design in a Plastic-Dominated Category. Designatum cum ferro incorrupta vaporis et mixtionis systematis, NutriEase parentibus dat magis Benigne optionem ad cibum infantem homemade prep. NEW EBORACUM, die 11 Iulii 2026 / PRNewswire/ -- Cum plures parentes inspiciant quid infantem suum cibum attingat, URSUS ponens…",2026-07-14 11:23:55+00:00
f379c528e155521929a2ef8671ff6525,2026-07-11T15:00:00Z,'heating system',oilprice.com,en,0.3,Can Europe Beat the Heat Without More Air Conditioners?,"With Europe facing more frequent and hotter heatwaves, the uptake of air conditioning systems has soared across the region in recent years. This trend is driving energy demand and making it more difficult for countries to reduce reliance on fossil fuels in fa…",https://oilprice.com/Energy/Energy-General/Can-Europe-Beat-the-Heat-Without-More-Air-Conditioners.html,https://d32r1sh890xpii.cloudfront.net/article/1200x675/2026-07-10_l4yxwv0vcr.jpg,,"Communities across the U.S. blocked…
The U.S. power grid was…
Trump declared the Iran agreement…
Set us as your preferred Google source
By Felicity Bradstock - Jul 11, 2026, 10:00 AM CDTWith Euro… [+5757 chars]",,"Kann Europa der Hitze ohne mehr Klimaanlagen trotzen? Da Europa häufiger und heißeren Hitzewellen ausgesetzt ist, hat der Einsatz von Klimaanlagen in der gesamten Region in den letzten Jahren stark zugenommen. Dieser Trend treibt die Energienachfrage voran und erschwert es den Ländern, ihre Abhängigkeit von fossilen Brennstoffen in Zukunft zu reduzieren.","Can Europe Beat the Heat Without More Air Conditioners?. With Europe facing more frequent and hotter heatwaves, the uptake of air conditioning systems has soared across the region in recent years. This trend is driving energy demand and making it more difficult for countries to reduce reliance on fossil fuels in fa…","Potestne Europa Calorem Beat Sine More Aeris Conditioners? Cum Europa contra aestus frequentiores et calidiores, susceptio systematum caeli condicionum his annis per regionem volavit. Haec inclinatio energiam exigit ac difficiliorem reddit nationes ut fiducia fossilium fossilium in fa…",2026-07-14 11:23:55+00:00
d0ff1efcec576bad900fc379a53a5644,2026-07-10T11:03:00Z,'heating system',www.prnewswire.com,en,0.7,Cardinal Plumbing Heating & Air shares ways to prevent mid-summer AC breakdowns,"Peak heat puts extra strain on cooling systems, making maintenance more important than ever STERLING, Va., July 10, 2026 /PRNewswire/ -- Cardinal Plumbing Heating & Air, a trusted home service provider based in Northern Virginia, is encouraging homeowners to …",https://www.prnewswire.com/news-releases/cardinal-plumbing-heating--air-shares-ways-to-prevent-mid-summer-ac-breakdowns-302822406.html,https://mma.prnewswire.com/media/3005285/HVAC_Install_2.jpg?p=facebook,http://web.archive.org/web/20260710202343/https://www.prnewswire.com/news-releases/cardinal-plumbing-heating--air-shares-ways-to-prevent-mid-summer-ac-breakdowns-302822406.html,"Peak heat puts extra strain on cooling systems, making maintenance more important than ever
STERLING, Va., July 10, 2026 /PRNewswire/ -- Cardinal Plumbing Heating &amp; Air, a trusted home service p… [+2402 chars]",,"Cardinal Plumbing Heating & Air zeigt Möglichkeiten zur Vermeidung von Klimaanlagenausfällen im Hochsommer. Spitzenhitze stellt eine zusätzliche Belastung für die Kühlsysteme dar und macht Wartung wichtiger denn je. STERLING, Virginia, 10. Juli 2026 /PRNewswire/ – Cardinal Plumbing Heating & Air, ein vertrauenswürdiger Hausdienstleister mit Sitz in Nord-Virginia, ermutigt Hausbesitzer, …","Cardinal Plumbing Heating & Air shares ways to prevent mid-summer AC breakdowns. Peak heat puts extra strain on cooling systems, making maintenance more important than ever STERLING, Va., July 10, 2026 /PRNewswire/ -- Cardinal Plumbing Heating & Air, a trusted home service provider based in Northern Virginia, is encouraging homeowners to …","Cardinalis Plumbing Caloris & Aeris modi communicat ne media aestate AC naufragiis. Apicem calor extra contentionem in systematibus refrigerandis ponit, sustentationem faciens graviorem quam umquam STERLING, Va., die 10 iulii 2026 / PRNewswire/ -- Cardinalis Plumbing Heating & Air, provisor servitii crediti domus in Septentrionali Virginia fundatae, ad possessores suos hortatur ...",2026-07-14 11:23:55+00:00
1b56a59a52e1313c9587d943b78e3378,2026-07-12T01:59:51Z,'cold impacts',www.lifesciencesworld.com,en,0.2,Do Oscars need a heater?,"Do Oscars Need a Heater? The Cold Truth About Award Show Climate Control Do Oscars need a heater? The answer, surprisingly, is a resounding yes, primarily to maintain optimal conditions for the delicate celluloid film reels historically used, and to ensure pr…",https://www.lifesciencesworld.com/do-oscars-need-a-heater/,,,"Do Oscars need a heater? The answer, surprisingly, is a resounding yes, primarily to maintain optimal conditions for the delicate celluloid film reels historically used, and to ensure presenter and a… [+8589 chars]",,"Brauchen Oscars eine Heizung? Brauchen Oscars eine Heizung? Die kalte Wahrheit über die Klimatisierung von Preisverleihungen Brauchen Oscars eine Heizung? Überraschenderweise lautet die Antwort ein klares Ja, in erster Linie, um optimale Bedingungen für die empfindlichen Zelluloidfilmrollen aufrechtzuerhalten, die früher verwendet wurden, und um den Druck sicherzustellen.","Do Oscars need a heater?. Do Oscars Need a Heater? The Cold Truth About Award Show Climate Control Do Oscars need a heater? The answer, surprisingly, is a resounding yes, primarily to maintain optimal conditions for the delicate celluloid film reels historically used, and to ensure pr…","Num Oscars calefaciente opus est?. Do Oscars Opus calefaciente? De Veritate Frigida De Award Monstra Clima Imperium An Oscars egent calefaciente? Responsio, mirum, resonans est ita, imprimis ad optimas condiciones servandas pro cinematographico celluloideo historico adhibito, et ut pr…",2026-07-14 16:11:01+00:00
fdab59f76e189b76dc51bcfb2481df74,2026-07-11T06:19:31Z,'cold impacts',www.lifesciencesworld.com,en,0.3,Can ferrets live outside in winter?,"Can Ferrets Truly Thrive Outdoors in Winter? Assessing Winter Habitation for Ferrets No, generally, ferrets should not live outside in winter without extensive precautions; they are highly susceptible to the cold and can suffer from hypothermia. They require …",https://www.lifesciencesworld.com/can-ferrets-live-outside-in-winter/,,,"No, generally, ferrets should not live outside in winter without extensive precautions; they are highly susceptible to the cold and can suffer from hypothermia. They require significant protection to… [+8037 chars]",,"Können Frettchen im Winter draußen leben? Können Frettchen im Winter wirklich im Freien gedeihen? Bewertung des Winterlebensraums für Frettchen Nein, im Allgemeinen sollten Frettchen im Winter nicht ohne umfangreiche Vorsichtsmaßnahmen draußen leben; Sie sind sehr anfällig für Kälte und können unter Unterkühlung leiden. Sie erfordern …","Can ferrets live outside in winter?. Can Ferrets Truly Thrive Outdoors in Winter? Assessing Winter Habitation for Ferrets No, generally, ferrets should not live outside in winter without extensive precautions; they are highly susceptible to the cold and can suffer from hypothermia. They require …","Possuntne galgos extra hiemem vivere? Can Ferrets Vere vigere foris in hyeme? Habitationem hiemalem perpendendis pro Ferrets No, generaliter, ferrets extra hiemem sine magna cautela non vivere debent; valde obnoxii sunt frigori et hypothermia pati possunt. Requirunt ...",2026-07-14 16:11:01+00:00
a5d54471100960037e7386cb5abd3fa7,2026-07-11T17:00:00Z,'cold impacts',soldiersystems.net,en,0.3,Dressed to Survive: How an Army Decision Aid Is Improving Cold-Weather Readiness,"NATICK SOLDIER SYSTEMS CENTER, Mass. – Where there is little rest, comfort, or compromise in the world’s most austere cold-weather environments, a soldier’s clothing is more than just a uniform – it is survival. For leaders, clothing decisions are tactical de…",https://soldiersystems.net/2026/07/11/dressed-to-survive-how-an-army-decision-aid-is-improving-cold-weather-readiness/,https://soldiersystems.net/wp-content/uploads/2026/07/img_4485.jpeg,,"NATICK SOLDIER SYSTEMS CENTER, Mass. Where there is little rest, comfort, or compromise in the world’s most austere cold-weather environments, a soldier’s clothing is more than just a uniform it is s… [+7420 chars]",,"Zum Überleben gekleidet: Wie eine Entscheidungshilfe der Armee die Kältebereitschaft verbessert. NATICK SOLDIER SYSTEMS CENTER, Mass. – Wo es in den rauesten Kaltwetterumgebungen der Welt wenig Ruhe, Komfort oder Kompromisse gibt, ist die Kleidung eines Soldaten mehr als nur eine Uniform – sie ist Überlebenskampf. Für Führungskräfte sind Kleidungsentscheidungen taktische Entscheidungen …","Dressed to Survive: How an Army Decision Aid Is Improving Cold-Weather Readiness. NATICK SOLDIER SYSTEMS CENTER, Mass. – Where there is little rest, comfort, or compromise in the world’s most austere cold-weather environments, a soldier’s clothing is more than just a uniform – it is survival. For leaders, clothing decisions are tactical de…","Vestitus superstes: Quomodo Exercitus Decision auxilium emendans frigoris-Weather promptitudinem. NATIK MILITIS SYSTEMA CENTER, MISSA. – Ubi requies, consolatio vel transactio in mundi ambitu austerissimo frigoris est, vestis militis plusquam aequabilis est – superstes est. Pro ducibus, de vestimentis decisiones imperatoriae sunt de…",2026-07-14 16:11:01+00:00
f4fe624fa319bfa408b13f215be76fbe,2026-07-11T11:04:00Z,'extreme cold',www.notebookcheck.net,en,0.9,EV50: DJI's new high-tech drone defies extreme cold and thin air,"Breaking away from consumer entertainment, DJI has deployed its new EV50 drone at unprecedented heights to gather critical environmental data.",https://www.notebookcheck.net/EV50-DJI-s-new-high-tech-drone-defies-extreme-cold-and-thin-air.1340215.0.html,https://www.notebookcheck.net/fileadmin/Notebooks/News/_nc5/djiev50.jpg,http://web.archive.org/web/20260711114624/https://www.notebookcheck.net/EV50-DJI-s-new-high-tech-drone-defies-extreme-cold-and-thin-air.1340215.0.html,"Our readers are likely already aware that DJIs portfolio extends far beyond consumer camera drones. In addition to the quadcopters we have previously reviewed, the company actively develops advanced … [+1583 chars]",,"EV50: Die neue Hightech-Drohne von DJI trotzt extremer Kälte und dünner Luft. DJI hat sich von der Unterhaltungselektronik gelöst und seine neue EV50-Drohne in beispielloser Höhe eingesetzt, um wichtige Umweltdaten zu sammeln.","EV50: DJI's new high-tech drone defies extreme cold and thin air. Breaking away from consumer entertainment, DJI has deployed its new EV50 drone at unprecedented heights to gather critical environmental data.","EV50: DJI summus novus fucus technicae frigus et tenuem aerem contempnit. DJI abrumpens a delectatione consumendi, DJI novum EV50 fucum suum inusitata altitudine explicavit ad notitias criticas environmental colligendas.",2026-07-14 16:11:01+00:00
0a4f2964528ff1d92c71335672d35836,2026-07-03T03:56:36Z,'colder than usual',www.sciencedaily.com,en,0.3,A strange LIGO signal could reveal the missing link behind dark matter,"An unusual gravitational wave signal has renewed hopes that primordial black holes, long considered purely theoretical, may finally be within reach of discovery. If confirmed, they could solve one of astronomy&apos;s greatest mysteries by explaining the natur…",https://www.sciencedaily.com/releases/2026/06/260626125703.htm,https://www.sciencedaily.com/images/1920/binary-black-hole-merger-illustration.webp,http://web.archive.org/web/20260704091301/https://www.sciencedaily.com/releases/2026/06/260626125703.htm,"Primordial black holes have remained one of astronomy's most intriguing ideas for decades. Now, researchers at the University of Miami believe a recent gravitational wave detection may bring scientis… [+6040 chars]",,"Ein seltsames LIGO-Signal könnte das fehlende Glied hinter der Dunklen Materie enthüllen. Ein ungewöhnliches Gravitationswellensignal weckt neue Hoffnungen, dass urzeitliche Schwarze Löcher, die lange als rein theoretisch galten, endlich in Reichweite der Entdeckung sein könnten. Sollten sie bestätigt werden, könnten sie eines der größten Rätsel der Astronomie lösen, indem sie die Natur erklären …","A strange LIGO signal could reveal the missing link behind dark matter. An unusual gravitational wave signal has renewed hopes that primordial black holes, long considered purely theoretical, may finally be within reach of discovery. If confirmed, they could solve one of astronomy&apos;s greatest mysteries by explaining the natur…","Mirum LIGO signum absentis nexus post obscuram materiam revelare potuit. Insolitum signum gravitatis undae spem renovavit ut primordiales nigrae foramina, diu pure theorica considerata, tandem in indaginem inveniantur. Si confirmati, unum astronomiae & praedicationis solvere possent, mysteria maxima explicando natur.",2026-07-14 20:56:02+00:00
e73bfb751939d060ca330a4f7ad5fcad,2026-07-10T21:30:00Z,'colder than usual',www.indiewire.com,en,0.3,Physical Media Matters More Than Ever,"From Sony's new removals to Netflix's old originals, here's why physical media, Blu-rays, DVDs, and film preservation matter more than ever.",https://www.indiewire.com/features/commentary/physical-media-matters-opinion-1235204272/,https://www.indiewire.com/wp-content/uploads/2026/07/Screenshot-2026-07-08-at-6.42.21-PM.png?w=650,http://web.archive.org/web/20260710231848/https://www.indiewire.com/features/commentary/physical-media-matters-opinion-1235204272/,"No one expects a corporation to walk into their living room and start taking things off the shelves. Of course, when it comes to movies and TV shows in the streaming age, you don’t have to.
For the … [+17292 chars]",,"Physische Medien sind wichtiger denn je. Von den neuen Umzügen von Sony bis zu den alten Originalen von Netflix: Hier erfahren Sie, warum physische Medien, Blu-rays, DVDs und die Filmkonservierung wichtiger denn je sind.","Physical Media Matters More Than Ever. From Sony's new removals to Netflix's old originals, here's why physical media, Blu-rays, DVDs, and film preservation matter more than ever.","Physical Media Matters More than ever. Ex novis remotis Sony ad antiquas origines Netflix, hic cur media physica, Blu-radii, DVDs, et cinematographici conservationis materia plusquam umquam.",2026-07-14 20:56:02+00:00
a925f3c334ca4eddd10e04e7b78319e9,2026-07-07T12:37:37Z,'cold front',www.salon.com,en,0.2,Trump resurrects oldest GOP scare tactic over democratic socialist wins,Recent wins by democratic socialists have Trump reviving Cold War-era fears,https://www.salon.com/2026/07/07/trump-resurrects-oldest-gop-scare-tactic-over-democratic-socialist-wins/,https://www.salon.com/app/uploads/2026/04/GettyImages-2268834278.jpg,http://web.archive.org/web/20260708015134/https://www.salon.com/2026/07/07/trump-resurrects-oldest-gop-scare-tactic-over-democratic-socialist-wins/,"It was only a matter of time before Donald Trump went full Joe McCarthy. Since the president first entered politics, hes been using many of the classic Red Scare tactics: enemies lists, purges, denat… [+6876 chars]",,Trump lässt die älteste Panikmache der Republikaner wegen demokratischer sozialistischer Siege wieder aufleben. Die jüngsten Siege demokratischer Sozialisten lassen Trump die Ängste aus der Zeit des Kalten Krieges wieder aufleben lassen,Trump resurrects oldest GOP scare tactic over democratic socialist wins. Recent wins by democratic socialists have Trump reviving Cold War-era fears,BUCINUM vetustissima resurrecit GOP terrent artem socialisticam democraticam superat. Recent vincit per Sociales Democraticae Bellum Frigidum-era metus BUCINUM vivificando,2026-07-15 01:58:14+00:00
f30135d2ef8a0d701f77ee0e04d61d6f,2026-07-08T03:10:44Z,'cold spell',www.rt.com,en,0.3,"Europe’s bellicose posturing risks direct war with Russia, foreign policy analyst warns","European NATO members’ plans to inflict a “strategic defeat” on Russia could lead to an all-out war, a Russian policy expert has warned Read Full Article at RT.com",https://www.rt.com/news/642709-europe-aggressive-posture-conflict-russia/,https://mf.b37mrtl.ru/files/2026.07/article/6a4d7d4085f5401545498c78.jpg,http://web.archive.org/web/20260708194713/https://www.rt.com/news/642709-europe-aggressive-posture-conflict-russia/,"The belligerent stance of European NATO members risks triggering an all-out war with Russia that could spell the end of the bloc, Dmitry Trenin, president of the Russian International Affairs Council… [+1623 chars]",,"Außenpolitischer Analyst warnt: Europas kriegerische Haltung birgt die Gefahr eines direkten Krieges mit Russland. Die Pläne europäischer NATO-Mitglieder, Russland eine „strategische Niederlage“ zuzufügen, könnten zu einem umfassenden Krieg führen, warnte ein russischer Politikexperte. Lesen Sie den vollständigen Artikel auf RT.com","Europe’s bellicose posturing risks direct war with Russia, foreign policy analyst warns. European NATO members’ plans to inflict a “strategic defeat” on Russia could lead to an all-out war, a Russian policy expert has warned Read Full Article at RT.com","Europae periculum bellicosum cum Russia bellum direxerunt, consilium alienum analyticum monet. Sodales NATO Europaeae consilia in Russia ""strategicam cladem"" in Russia in omnia bella inferre posse, peritus consilium Russicum monuit Read Full Article at RT.com",2026-07-15 11:26:34+00:00
ff3d0338b2682aac85c2ed3babc9c24f,2026-07-08T07:12:27Z,'cold wave',www.dailymail.com,en,0.3,Hottest since 1976! Britain braces for longest heatwave in 50 years with 35C temperatures and scorching weather to continue for 14 days as rail bosses say: 'Essential travel only',Hot weather is expected to last throughout this week and next in England with meteorologists saying the heatwave threshold could be met for as many as 14 days in some areas.,https://www.dailymail.com/news/article-15961391/UK-weather-heatwave-longest-1976-35C-temperatures.html,https://i.dailymail.com/1s/2026/07/08/07/109872753-0-image-a-11_1783493660161.jpg,http://web.archive.org/web/20260709002245/https://www.dailymail.com/news/article-15961391/UK-weather-heatwave-longest-1976-35C-temperatures.html,"Britain is facing one of the longest heatwaves since 1976 with temperatures set to hit 35C later this week and rail passengers warned to only make 'essential' journeys.
Parts of south-east England o… [+11009 chars]",,"Am heißesten seit 1976! Großbritannien bereitet sich auf die längste Hitzewelle seit 50 Jahren mit Temperaturen von 35 °C und sengender Hitze vor, die 14 Tage andauern wird, da die Bahnchefs sagen: „Nur unbedingt notwendige Reisen“. Es wird erwartet, dass das heiße Wetter diese und die nächste Woche in England anhält. Meteorologen gehen davon aus, dass die Hitzewellenschwelle in einigen Gebieten bis zu 14 Tage lang erreicht werden könnte.",Hottest since 1976! Britain braces for longest heatwave in 50 years with 35C temperatures and scorching weather to continue for 14 days as rail bosses say: 'Essential travel only'. Hot weather is expected to last throughout this week and next in England with meteorologists saying the heatwave threshold could be met for as many as 14 days in some areas.,"calidissimus cum 1976! Britannia longissimas aestus in 50 annis cum 35C temperaturis et tempestates aestus per 14 dies continuare adstringit sicut bullae rail dicunt: ""Iter Essentiale solum"". Tempestas aestus expectatur per totam hanc septimanam et deinde in Anglia cum meteorologis duraturam dicens limen calorum quotquot XIV dies in aliquibus locis occurrere posse.",2026-07-15 16:17:19+00:00
88c60a299b5ea62dbbb91fb57656d93d,2026-07-08T23:00:58Z,'cold wave',legalinsurrection.com,en,0.3,The North Atlantic “Cold Blob” and Atlantic Meridional Overturning Circulation Collapse Hype,"The latest hype underscores the need for measured analysis grounded in evidence rather than headline-driven conclusions presented by people whose funding and power are linked to narrative outcomes.
The post The North Atlantic “Cold Blob” and Atlantic Meridion…",https://legalinsurrection.com/2026/07/the-north-atlantic-cold-blob-and-atlantic-meridional-overturning-circulation-collapse-hype/,https://legalinsurrection.com/wp-content/uploads/2026/07/LI-158-Cold-Blob.png,http://web.archive.org/web/20260709062525/https://legalinsurrection.com/2026/07/the-north-atlantic-cold-blob-and-atlantic-meridional-overturning-circulation-collapse-hype/,"Just when climate alarmists had you convinced the planet was incinerating, scientists are now pivoting their doomsday narrative to a mysterious “cold blob” lurking in the North Atlantic and this time… [+6856 chars]",,"Der „Cold Blob“ im Nordatlantik und der Hype um den Zusammenbruch der meridionalen Umwälzzirkulation im Atlantik. Der jüngste Hype unterstreicht die Notwendigkeit einer maßvollen Analyse, die auf Beweisen basiert, und nicht auf schlagzeilengetriebenen Schlussfolgerungen, die von Menschen präsentiert werden, deren Finanzierung und Macht mit narrativen Ergebnissen verknüpft sind.
Der Beitrag Der „Cold Blob“ im Nordatlantik und das Atlantische Meridion…","The North Atlantic “Cold Blob” and Atlantic Meridional Overturning Circulation Collapse Hype. The latest hype underscores the need for measured analysis grounded in evidence rather than headline-driven conclusions presented by people whose funding and power are linked to narrative outcomes.
The post The North Atlantic “Cold Blob” and Atlantic Meridion…","Atlanticus Septentrionalis ""Cold Blob"" et Atlanticus Circulationis Meridionalis Collapse Hype. Ultima hype postulat necessitatem analyseos mensuratae in evidentia fundatae quam conclusiones praeceptivas ab hominibus, quarum fundus et potestas coniunguntur ad eventum narrationis.
Post Atlanticum Septentrionalem ""Cold Blob"" et Meridion Atlanticum.",2026-07-15 16:17:19+00:00
957bdb993e79e1321e74dd988a67f102,2026-07-09T08:01:08Z,'cold wave',www.dailymail.com,en,0.3,Britain's longest-ever heatwave? Hot weather could surpass 16-day record in 1976 as temperatures intensify to 36C today and spread across country amid 'essential rail travel only' alert,Parts of south-east England have now officially been in a heatwave since Saturday and forecasters believe the threshold will continue to be met well into next week.,https://www.dailymail.com/news/article-15964571/UK-heatwave-temperatures-intensify-Met-Office-forecast.html,https://i.dailymail.com/1s/2026/07/09/08/109900361-0-image-a-28_1783583161463.jpg,http://web.archive.org/web/20260709182241/https://www.dailymail.com/news/article-15964571/UK-heatwave-temperatures-intensify-Met-Office-forecast.html,"Britain's third heatwave of the year could be its longest on record as temperatures intensify to 36C today and rail passengers were urged not to travel unless 'essential'.
Parts of south-east Englan… [+9165 chars]",,"Großbritanniens längste Hitzewelle aller Zeiten? Das heiße Wetter könnte den 16-Tage-Rekord von 1976 übertreffen, da die Temperaturen heute auf 36 °C ansteigen und sich aufgrund der Warnung „nur unbedingt notwendige Bahnreisen“ über das ganze Land ausbreiten. Teile des Südostens Englands befinden sich seit Samstag offiziell in einer Hitzewelle, und Prognostiker gehen davon aus, dass die Schwelle bis weit in die nächste Woche hinein erreicht wird.",Britain's longest-ever heatwave? Hot weather could surpass 16-day record in 1976 as temperatures intensify to 36C today and spread across country amid 'essential rail travel only' alert. Parts of south-east England have now officially been in a heatwave since Saturday and forecasters believe the threshold will continue to be met well into next week.,"Britannia longissima-semper heatwave? Calor tempestatum superare potuit XVI dierum recordum anno 1976 sicut temperaturas ad 36C hodie intendere et per patriam inter 'essentialis iter raili tantum' vigilare potuit. Partes Angliae meridionalis-orientales nunc publice in heatwave ex quo Saturni et forecasters credunt, limen in altera septimana bene convenit fore.",2026-07-15 16:17:19+00:00
b1704a44a705cbe4074baffb3bbf8264,2026-07-14T23:01:49Z,'cold impacts',www.dailymail.com,en,0.3,"Britain's climate is on the MOVE: Warming is shifting north and uphill, scientists warn Northerners - with extreme heatwaves the 'new normal'","Britain's climate is on the move, a new report by the Met Office has revealed.",https://www.dailymail.com/sciencetech/article-15976391/Britain-climate-shifting-north-uphill-study.html,https://i.dailymail.com/1s/2026/07/14/14/110007405-0-image-a-108_1784035762957.jpg,,"Britain's climate is on the move, a new report has revealed. 
Historically, the north of the UK has been cold, while the south has been warmer. 
However, the new State of the UK Climate report warn… [+3891 chars]",,"Das britische Klima ist in Bewegung: Die Erwärmung verlagert sich nach Norden und bergauf, warnen Wissenschaftler die Nordländer – extreme Hitzewellen sind die „neue Normalität“. Das britische Klima ist im Wandel, wie ein neuer Bericht des Met Office zeigt.","Britain's climate is on the MOVE: Warming is shifting north and uphill, scientists warn Northerners - with extreme heatwaves the 'new normal'. Britain's climate is on the move, a new report by the Met Office has revealed.","Clima Britanniae in AGO est: Calefaciens septentrionem et arduum vagatur, phisici septentrionales monent - in calidis caloribus ""novam normalem"". Clima Britanniae in motu est, nova fama a Met Office revelavit.",2026-07-16 02:08:19+00:00
f7b1239e3b184e6b8268261558af9291,2026-07-13T09:42:17Z,'cold spell',www.the-independent.com,en,0.9,Vegetables bolting in the summer heat? Expert gardener shares seven tips to stop this from happening,"Bolting is caused either by hot spells, sudden cold spells or by the changes in day length through the seasons",https://www.the-independent.com/life-style/vegetables-bolting-summer-heat-garden-b3013718.html,"https://static.the-independent.com/2026/07/13/07/08134924-00247e0f-4056-47ff-a7b5-db173d115d89.jpg?trim=105,0,1007,0&width=1200&height=800&crop=1200:800",,"Your support helps us to tell the story
From reproductive rights to climate change to Big Tech, The Independent is on the ground when the story is developing. Whether it's investigating the financia… [+5440 chars]",,"Gemüse verrottet in der Sommerhitze? Ein erfahrener Gärtner gibt sieben Tipps, um dies zu verhindern. Schoten werden entweder durch Hitzeperioden, plötzliche Kälteperioden oder durch die Veränderungen der Tageslänge im Laufe der Jahreszeiten verursacht","Vegetables bolting in the summer heat? Expert gardener shares seven tips to stop this from happening. Bolting is caused either by hot spells, sudden cold spells or by the changes in day length through the seasons","Olera aestatis obseratis calore? Peritus hortulanus septem apicibus communicat ne hoc fiat. Pessura fit vel ex cantibus, et subitis frigidis incantationibus, vel per mutationes in die longitudinis per tempora",2026-07-16 02:08:19+00:00
68432c606ec3fb812f06ec12b75bacd7,2026-07-15T01:09:58Z,'extreme cold',www.lifesciencesworld.com,en,0.9,How cold can possums tolerate?,"How Cold Can Possums Tolerate? Understanding Possum Cold Hardiness How cold can possums tolerate? While opportunistic survivalists, possums aren’t built for extreme cold; typically, they can withstand temperatures down to about 20°F (-7°C) for short periods, …",https://www.lifesciencesworld.com/how-cold-can-possums-tolerate/,,,"How Cold Can Possums Tolerate? Understanding Possum Cold Hardiness
How cold can possums tolerate? While opportunistic survivalists, possums aren’t built for extreme cold; typically, they can withsta… [+10326 chars]",,"Wie kalt vertragen Opossums? Wie kalt können Opossums sein? Die Kältehärte von Opossums verstehen Wie kalt können Opossums sein? Opossums sind zwar opportunistische Überlebenskünstler, aber nicht für extreme Kälte geeignet; Normalerweise können sie für kurze Zeit Temperaturen von bis zu -7 °C standhalten, …","How cold can possums tolerate?. How Cold Can Possums Tolerate? Understanding Possum Cold Hardiness How cold can possums tolerate? While opportunistic survivalists, possums aren’t built for extreme cold; typically, they can withstand temperatures down to about 20°F (-7°C) for short periods, …","Quam frigus possums tolerare? Quomodo Possums Tolerare frigidum? Possum frigus intelligere Quam frigus possums tolerare? Dum opportunistici superstites sunt, non possums propter frigus extremum aedificatum; typice, temperaturae fere 20°F (-7°C) sustinere possunt per breves periodos, …",2026-07-16 02:08:19+00:00
e05b481c1450020863fad6109ace6890,2026-07-07T20:00:01Z,'cold front',www.punknews.org,en,0.2,Tours: Angel Du$t and Agnostic Front to tour US,"Angel Du$t and Agnostic Front have announced co-headlining tour dates for the US. Step 2 This will be joining them on the majority of dates. The tour begins on September 27 in Richmond, Virginia and wraps up on October 9 in Reading, Pennsylvania. Angel Du$t r…",https://www.punknews.org/article/88614/tours-angel-dut-and-agnostic-front-to-tour-us,https://static.punknews.org/images/bands/angeldut-1783435183.jpg,,"Angel Du$t and Agnostic Front have announced co-headlining tour dates for the US. Step 2 This will be joining them on the majority of dates. The tour begins on September 27 in Richmond, Virginia and … [+141 chars]",,"Touren: Angel Du$t und Agnostic Front touren durch die USA. Angel Du$t und Agnostic Front haben ihre Co-Headliner-Tourdaten für die USA bekannt gegeben. Schritt 2: Dieser wird an den meisten Terminen dabei sein. Die Tour beginnt am 27. September in Richmond, Virginia und endet am 9. Oktober in Reading, Pennsylvania. Angel Du$t r…","Tours: Angel Du$t and Agnostic Front to tour US. Angel Du$t and Agnostic Front have announced co-headlining tour dates for the US. Step 2 This will be joining them on the majority of dates. The tour begins on September 27 in Richmond, Virginia and wraps up on October 9 in Reading, Pennsylvania. Angel Du$t r…","Tours: Angel Du$t and Agnostic Front to Peregrinatione US. Angelus Du$t et Frons Agnosticismum nuntiaverunt co-headlining tour dates pro US. Gradus 2 Haec in pluribus temporibus coniungetur. Itinere incipit die 27 Septembris in Richmond, Virginia ac die 9 Octobris ligat in Pennsylvania. Angelus Du$t r…",2026-07-16 11:30:06+00:00
13f6e52471e0238ab3266cc66b690728,2026-07-08T17:55:16Z,'cold front',bringatrailer.com,en,0.2,20k-Mile 2010 Toyota Tundra SR5 Double Cab 5.7L TRD 4×4 at No Reserve,"This 2010 Toyota Tundra SR5 Double Cab remained under the care of a single registered owner until 2024, and it now has 20k miles. Finished in Super White over Graphite cloth, it was optioned with the TRD Off-Road and Cold Weather packages, which combined incl…",https://bringatrailer.com/listing/2010-toyota-tundra-14/,https://bringatrailer.com/wp-content/uploads/2026/06/2010-toyota-tundra-150463-143-1-copy-2026-06-22-lcd-57835-scaled.jpg,,"This 2010 Toyota Tundra SR5 Double Cab remained under the care of a single registered owner until 2024, and it now has 20k miles. Finished in Super White over Graphite cloth, it was optioned with the… [+2363 chars]",,"20.000 Meilen 2010 Toyota Tundra SR5 Double Cab 5.7L TRD 4×4 ohne Reserve. Dieser Toyota Tundra SR5 Double Cab aus dem Jahr 2010 blieb bis 2024 in der Obhut eines einzigen registrierten Besitzers und hat jetzt eine Laufleistung von 20.000 Meilen. Es wurde in Superweiß über Graphite-Stoff lackiert und war optional mit den TRD-Offroad- und Cold-Weather-Paketen ausgestattet, die in Kombination mit …","20k-Mile 2010 Toyota Tundra SR5 Double Cab 5.7L TRD 4×4 at No Reserve. This 2010 Toyota Tundra SR5 Double Cab remained under the care of a single registered owner until 2024, and it now has 20k miles. Finished in Super White over Graphite cloth, it was optioned with the TRD Off-Road and Cold Weather packages, which combined incl…","20k-Mile 2010 Toyota Tundra SR5 Double Cab 5.7L TRD 4×4 at No Reserve. Hoc 2010 Toyota Tundra SR5 Double Cab manebat sub cura unius possessoris scripti usque ad 2024, et nunc 20k miliaria habet. Consummatum est in Super White super linteolum graphiten, optionum est cum TRD Off-Road et fasciculis frigoris, quae incl... componuntur.",2026-07-16 11:30:06+00:00
f11120214935c88450328a4dc1f9f602,2026-07-02T21:45:41Z,'cold front',bringatrailer.com,en,0.3,"460-Powered, Mach 1-Style 1973 Ford Mustang SportsRoof","This 1973 Ford Mustang SportsRoof has been modified to look like a Mach 1 and fitted with a 460ci V8, which is linked to a rebuilt C-6 automatic. The suspension, power steering, and power-assisted front disc brakes were overhauled, and upgraded cooling and ex…",https://bringatrailer.com/listing/1973-ford-mustang-sportsroof-2/,https://bringatrailer.com/wp-content/uploads/2026/06/IMG_2098-copy-2026-07-01-mwg-27015.jpg,,"This 1973 Ford Mustang SportsRoof has been modified to look like a Mach 1 and fitted with a 460ci V8, which is linked to a rebuilt C-6 automatic. The suspension, power steering, and power-assisted fr… [+1581 chars]",,"460-angetriebener Ford Mustang SportsRoof im Mach 1-Stil von 1973. Dieser Ford Mustang SportsRoof von 1973 wurde so modifiziert, dass er wie ein Mach 1 aussieht und mit einem 460ci V8 ausgestattet ist, der mit einem umgebauten C-6-Automatikgetriebe verbunden ist. Die Federung, die Servolenkung und die servounterstützten Scheibenbremsen vorn wurden überarbeitet und die Kühlung und Kühlung verbessert.","460-Powered, Mach 1-Style 1973 Ford Mustang SportsRoof. This 1973 Ford Mustang SportsRoof has been modified to look like a Mach 1 and fitted with a 460ci V8, which is linked to a rebuilt C-6 automatic. The suspension, power steering, and power-assisted front disc brakes were overhauled, and upgraded cooling and ex…","460-Powered, Mach 1-Style 1973 Ford Mustang SportsRoof. Hoc 1973 Ford Mustang SportsRoof mutata est ut aspiciat sicut Mach 1 et cum 460ci V8 aptata, quae automati C-6 reaedificata iungitur. Suspensio, potestas gubernandi, et potestas adiuta ante discum scoporum subductae sunt, et refrigerationem upgraded et ex...",2026-07-16 11:30:06+00:00
39c310df3b5b02b907a3c5e825c5b8c3,2026-07-05T08:01:01Z,'cold front',www.businessinsider.com,en,0.3,NATO's eastern flank prepares to fend off Russia — with or without America,Reporters traveled to three exposed stretches of Europe's eastern frontier and found varied strategies and uneven progress to deter Russia.,https://www.businessinsider.com/nato-eastern-flank-prepares-to-fend-off-russia-without-us-2026-6,https://s.yimg.com/lo/mysterio/api/00602eb311074fa708007f52e38d8f5aee940a19d549c7a8cc917f3be739909b/lightyear_networkapi/resizefill_w1200;quality_80;format_webp/https:%2F%2Fmedia.zenfs.com%2Fen%2Fbusiness_insider_consolidated_articles_886%2F7a83edf1c8fbd9b1f843c8a306a57575,http://web.archive.org/web/20260706003044/https://www.businessinsider.com/nato-eastern-flank-prepares-to-fend-off-russia-without-us-2026-6,"NORTH KARELIA, Finland Bears, wolves and moose still cross the frontier freely, but for the border guards patrolling this stretch of fields and forest, this is where NATO ends.
A line of wooden pole… [+33696 chars]",,"Die Ostflanke der NATO bereitet sich darauf vor, Russland abzuwehren – mit oder ohne Amerika. Reporter reisten zu drei exponierten Abschnitten der Ostgrenze Europas und fanden unterschiedliche Strategien und uneinheitliche Fortschritte zur Abschreckung Russlands.",NATO's eastern flank prepares to fend off Russia — with or without America. Reporters traveled to three exposed stretches of Europe's eastern frontier and found varied strategies and uneven progress to deter Russia.,NATO latus orientalis Russiam cum aut sine America arcere parat. Notarii ad tres tractus expositi fines orientis Europaei perrexerunt et varia consilia invenerunt et progressus inaequales ad Russiam deterrendam.,2026-07-16 11:30:06+00:00
3c3debc5a3af6ef4749189da07ed0c79,2026-07-09T15:15:14Z,'cold front',twistedsifter.com,en,0.3,The Winter Eviction Crisis: Why a Couple Is Trapped in a Frozen Apartment Thanks to an Oblivious Neighbor and Slow-Moving Landlords.,"Those neighbors can't move out quickly enough!
The post The Winter Eviction Crisis: Why a Couple Is Trapped in a Frozen Apartment Thanks to an Oblivious Neighbor and Slow-Moving Landlords. appeared first on TwistedSifter.",http://twistedsifter.com/2026/07/the-winter-eviction-crisis-why-a-couple-is-trapped-in-a-frozen-apartment-thanks-to-an-oblivious-neighbor-and-slow-moving-landlords/,https://twistedsifter.com/wp-content/uploads/2026/07/Twisted-Sifter-2026-07-08T182145.291.jpg,,"Shutterstock
I hate being cold. I get cold easily, and winter is not my friend. Thankfully, I live in a location where winter is very mild, actually, almost nonexistent, but that doesn’t mean that I… [+4708 chars]",,"Die Räumungskrise im Winter: Warum ein Paar dank eines ahnungslosen Nachbarn und langsamer Vermieter in einer zugefrorenen Wohnung festsitzt. Diese Nachbarn können nicht schnell genug ausziehen!
Der Beitrag Die Räumungskrise im Winter: Warum ein Paar dank eines ahnungslosen Nachbarn und langsamer Vermieter in einer zugefrorenen Wohnung gefangen ist. erschien zuerst auf TwistedSifter.","The Winter Eviction Crisis: Why a Couple Is Trapped in a Frozen Apartment Thanks to an Oblivious Neighbor and Slow-Moving Landlords.. Those neighbors can't move out quickly enough!
The post The Winter Eviction Crisis: Why a Couple Is Trapped in a Frozen Apartment Thanks to an Oblivious Neighbor and Slow-Moving Landlords. appeared first on TwistedSifter.","Hiems Evictio Crisis: Cur iugo capitur in glaciali Apartment Propter obliviosos proximos et languidos Landlords.. Vicini satis cito se movere non possunt!
Post evictionem hiemalem Crisis: Cur iugo capitur in glauca Apartment Gratias ad proximum oblivio et tardi- movens Landlords. apparuit primo die TwistedSifter.",2026-07-16 11:30:06+00:00
0c628fe48d06a7593090c5f26273390e,2026-07-10T15:40:50Z,'cold front',bringatrailer.com,en,0.7,2002 BMW 330Ci Convertible at No Reserve,"This 2002 BMW 330Ci convertible was specified in Oxford Green Metallic over Sand leather upholstery and the Sport, Premium, and Cold Weather packages, which together added 17″ Style 68M wheels, a sport suspension, heated front sport seats, and Myrtle wood tri…",https://bringatrailer.com/listing/2002-bmw-330ci-convertible-74/,https://bringatrailer.com/wp-content/uploads/2026/06/DSC_0474-copy-2026-06-29-lpx-73660.jpg,,"This 2002 BMW 330Ci convertible was specified in Oxford Green Metallic over Sand leather upholstery and the Sport, Premium, and Cold Weather packages, which together added 17 Style 68M wheels, a spor… [+2079 chars]",,"2002 BMW 330Ci Cabrio ohne Reserve. Dieses BMW 330Ci Cabrio aus dem Jahr 2002 war in der Lederpolsterung „Oxford Green Metallic über Sand“ und in den Paketen „Sport“, „Premium“ und „Kaltwetter“ erhältlich, die zusammen 17-Zoll-Räder im Style 68M, ein Sportfahrwerk, beheizte Sportsitze vorn und Sitzbezüge aus Myrtle-Holz umfassten.","2002 BMW 330Ci Convertible at No Reserve. This 2002 BMW 330Ci convertible was specified in Oxford Green Metallic over Sand leather upholstery and the Sport, Premium, and Cold Weather packages, which together added 17″ Style 68M wheels, a sport suspension, heated front sport seats, and Myrtle wood tri…","2002 BMW 330Ci Convertible at No Reserve. Hoc 2002 BMW 330Ci convertibile in Oxonia viridis metallicum super Sand corium upholsteriam et lusum, Magnum, et sarcinas frigoris additae sunt 17″ Stylus 68M rotae, lusus suspensio, subsellia calefacta ante lusum, et lignum myrtum tri…",2026-07-16 11:30:06+00:00
ee99a11d8d9cfc808fea0cbeb12de588,2026-07-02T22:02:23Z,'cold front',bringatrailer.com,en,0.8,"Original-Owner, 23k-Mile 2015 Fiat 500 Abarth 5-Speed","This 2015 Fiat 500 Abarth was purchased new by the seller, and it remained registered in Nevada until 2024, when it was relocated to Massachusetts. Modifications include custom exterior graphics, a cold-air intake, an ATM Speedshop front-mounted intercooler, …",https://bringatrailer.com/listing/2015-fiat-500-abarth-19/,https://bringatrailer.com/wp-content/uploads/2026/06/Outsdie_-_Left_11-copy-2026-06-26-htq-scaled-98080.jpg,,"This 2015 Fiat 500 Abarth was purchased new by the seller, and it remained registered in Nevada until 2024, when it was relocated to Massachusetts. Modifications include custom exterior graphics, a c… [+2938 chars]",,"Erstbesitzer, 23.000 Meilen 2015 Fiat 500 Abarth 5-Gang. Dieser Fiat 500 Abarth aus dem Jahr 2015 wurde vom Verkäufer neu gekauft und blieb bis 2024 in Nevada zugelassen, bevor er nach Massachusetts verlegt wurde. Zu den Modifikationen gehören individuelle Außengrafiken, ein Kaltlufteinlass, ein vorn montierter ATM Speedshop-Ladeluftkühler, …","Original-Owner, 23k-Mile 2015 Fiat 500 Abarth 5-Speed. This 2015 Fiat 500 Abarth was purchased new by the seller, and it remained registered in Nevada until 2024, when it was relocated to Massachusetts. Modifications include custom exterior graphics, a cold-air intake, an ATM Speedshop front-mounted intercooler, …","Original-Owner, 23k-Mile 2015 Fiat 500 Abarth 5-Speed. Hoc 2015 Fiat 500 Abarth a venditore novum empta est et in Nevada relatus permansit usque ad 2024, cum Massachusetts relocatum est. Modificationes includunt consuetudo graphicae exterioris, attractio aeris frigidi, machina Speedshop ante-escendentis intercooler, ...",2026-07-16 11:30:06+00:00
4ad15e98792bea61ab4fec4bffa20ff6,2026-07-14T22:16:53Z,'colder than usual',freerepublic.com,en,0.3,Heat Deaths Near Record as 200 Million Americans Face No Federal Disaster Safety Net (Climate Change Hysteria),[Heat kills more Americans than hurricanes. Federal disaster law has never once applied to it.] With more than 200 million Americans currently under heat alerts as a potentially historic heat dome blankets the eastern two-thirds of the country heading into th…,https://freerepublic.com/focus/f-chat/4387977/posts,,,"Skip to comments.
Heat Deaths Near Record as 200 Million Americans Face No Federal Disaster Safety Net (Climate Change Hysteria) Tech Times ^
 | July 3, 2026
 | Maxwell Templeton
Posted on 07/14/… [+5199 chars]",,"Hitzetote nähern sich dem Rekordwert, da 200 Millionen Amerikaner kein staatliches Katastrophenschutznetz haben (Klimawandelhysterie). [Hitze tötet mehr Amerikaner als Hurrikane. Das Bundeskatastrophengesetz hat darauf noch nie Anwendung gefunden.] Mehr als 200 Millionen Amerikaner stehen derzeit unter Hitzealarm, da eine potenziell historische Hitzekuppel die östlichen zwei Drittel des Landes auf dem Weg in die Katastrophe bedeckt.",Heat Deaths Near Record as 200 Million Americans Face No Federal Disaster Safety Net (Climate Change Hysteria). [Heat kills more Americans than hurricanes. Federal disaster law has never once applied to it.] With more than 200 million Americans currently under heat alerts as a potentially historic heat dome blankets the eastern two-thirds of the country heading into th…,Heat Deaths Near Record as 200 Million Americae Face No Federal Disaster Safety Net (Clima Mutatio Hysteria). [Aestus plures Americanos quam procellas necat. Lex calamitatis foederalis numquam semel ad eam applicata est.] Cum plus quam CC miliones Americani nunc sub summis caloribus in crypta caloris historici potentialiter stragulae duae tertiae regionis orientalis in th… tendentis.,2026-07-16 20:53:07+00:00
6d8f7748c3a9dfb331a26c28f837a840,2026-07-15T00:00:00Z,'colder than usual',www.nature.com,en,0.3,"Catalyst-free, microdroplet-mediated waste plastic conversion to diacids","A catalyst-free upcycling strategy based on in situ generation of hydroxyl radicals at microdroplet interfaces is described for efficient and scalable processing of polymers with minimal infrastructure, using only water and oxygen under mild conditions.",https://www.nature.com/articles/s41586-026-10746-7,https://media.springernature.com/m685/springer-static/image/art%3A10.1038%2Fs41586-026-10746-7/MediaObjects/41586_2026_10746_Fig1_HTML.png,,"Materials
PE (Mn=1,700Da, Mw=4,700Da by GPC) was purchased from Sigma-Aldrich. PP (Mn=5,000Da), UHMWPE (Mn=6,000,000Da) and 3,3,5,5-TMB were purchased from Macklin. (Trimethylsilyl)diazomethane (TMS… [+28886 chars]",,"Katalysatorfreie, durch Mikrotröpfchen vermittelte Umwandlung von Kunststoffabfällen in Disäuren. Es wird eine katalysatorfreie Upcycling-Strategie beschrieben, die auf der In-situ-Erzeugung von Hydroxylradikalen an Mikrotröpfchengrenzflächen basiert und eine effiziente und skalierbare Verarbeitung von Polymeren mit minimaler Infrastruktur ermöglicht, wobei nur Wasser und Sauerstoff unter milden Bedingungen verwendet werden.","Catalyst-free, microdroplet-mediated waste plastic conversion to diacids. A catalyst-free upcycling strategy based on in situ generation of hydroxyl radicals at microdroplet interfaces is described for efficient and scalable processing of polymers with minimal infrastructure, using only water and oxygen under mild conditions.","Catalyst-liberum microdroplet mediatum vastum plasticum conversionem ad diacidas facit. A catalyst-free upcycling strategy based on in situ generation of hydroxyl radicals at microdroplet interfaces is described for efficient and scalable process of polymer with minimal infrastructure, using only water and oxygen under mild conditions.",2026-07-16 20:53:07+00:00
19a3370b145eddf7fb14a804e9f81310,2026-07-15T08:04:33Z,'colder than usual',spacedaily.com,en,0.3,"The sun is 27 million times heavier than the moon, yet its pull on our tides is only 46 per cent as strong — because tides answer to the difference in gravity across a planet, and distance kills that difference fast","The Sun outweighs the Moon by a factor of 27 million, yet contributes only 46 percent of Earth's tidal force. The reason is a cube-law that punishes distance far more than gravity itself does.
The post The sun is 27 million times heavier than the moon, yet it…",https://spacedaily.com/j-v-the-sun-is-27-million-times-heavier-than-the-moon-yet-its-pull-on-our-tides-is-only-46-per-cent-as-strong-because-tides-answer-to-the-difference-in-gravity-across-a-planet-and-distance-kills-that/,https://spacedaily.com/wp-content/uploads/2026/07/The-sun-is-27-million-times-heavier-than-the-moon-yet-its-pull-on-our-tides-is-only-46-per-cent-as-strong-1.png,,"Isaac Newton worked out the answer in Book III of the Principia in 1687, and the numbers still surprise anyone who meets them for the first time. The Sun weighs about 27 million times more than the M… [+8537 chars]",,"Die Sonne ist 27 Millionen Mal schwerer als der Mond, doch ihre Anziehungskraft auf unsere Gezeiten ist nur 46 Prozent so stark – weil die Gezeiten auf den Unterschied in der Schwerkraft auf einem Planeten reagieren und die Entfernung diesen Unterschied schnell zunichte macht. Die Sonne übertrifft den Mond um den Faktor 27 Millionen, trägt jedoch nur 46 Prozent zur Gezeitenkraft der Erde bei. Der Grund ist ein Würfelgesetz, das die Entfernung weitaus stärker bestraft als die Schwerkraft selbst.
Der Beitrag Die Sonne ist 27 Millionen Mal schwerer als der Mond, und doch…","The sun is 27 million times heavier than the moon, yet its pull on our tides is only 46 per cent as strong — because tides answer to the difference in gravity across a planet, and distance kills that difference fast. The Sun outweighs the Moon by a factor of 27 million, yet contributes only 46 percent of Earth's tidal force. The reason is a cube-law that punishes distance far more than gravity itself does.
The post The sun is 27 million times heavier than the moon, yet it…","Sol 27 decies septies luna gravior est, sed tamen ad nostros aestus trahere tantum 46 centesimas tantum valet — quia aestus gravitatis per planetam differentiam respondent, et distantiam velocitatis differentiam necat. Sol praeponderat lunam per factorem 27 decies centena millia, tamen nonnisi XLVI centesimis viribus Thadal Terrae confert. Ratio cubus generum punit longe plus quam ipsa gravitas.
Post sol XXVII decies septies luna gravior est, sed tamen est…",2026-07-16 20:53:07+00:00
56b36846992c277cfad16d28ae430948,2026-07-15T08:55:06Z,'colder than usual',www.nationalobserver.com,en,0.3,Why heat is so deadly and how to stay safe,Understand the risks associated with extreme heat and what to do when you’re facing down a heat wave with this guide based on years of Grist reporting.,https://www.nationalobserver.com/2026/07/15/news/extreme-heat-safety-measures,https://www.nationalobserver.com/sites/default/files/img/2026/07/13/paris-heat-2026.jpg,,"This story was originally published by Grist and appears here as part of the Climate Desk collaboration
Dont underestimate heat. While less visible than other extreme weather events like hurricanes … [+7291 chars]",,"Warum Hitze so tödlich ist und wie man auf der sicheren Seite bleibt. Verstehen Sie mit diesem Leitfaden, der auf jahrelanger Grist-Berichterstattung basiert, die mit extremer Hitze verbundenen Risiken und was Sie tun sollten, wenn Sie mit einer Hitzewelle konfrontiert sind.",Why heat is so deadly and how to stay safe. Understand the risks associated with extreme heat and what to do when you’re facing down a heat wave with this guide based on years of Grist reporting.,"Quare calor tam mortifera est, quam tutus manere. Pericula quae cum nimio calore cognosce et quid agere debeas cum fluctum aestum respicis cum hoc duce in annis de Grist renuntiatione.",2026-07-16 20:53:07+00:00
623742f8163fdffac40d47e8b44f4fcb,2026-07-15T16:30:56Z,'colder than usual',spacedaily.com,en,0.3,"The closest star beyond the Sun is only four light-years away, yet at the speed of our fastest spacecraft a journey there would still last longer than recorded human civilization","Four light-years sounds close only because astronomy usually deals in much larger numbers. Proxima Centauri is the nearest known star beyond the Sun, but its light still takes about 4.25 years to reach Earth. A spacecraft moving at the fastest speed ever reco…",https://spacedaily.com/t-closest-star-four-light-years-fastest-spacecraft-civilization/,https://spacedaily.com/wp-content/uploads/2026/07/proxima-centauri-hubble-nasa-esa.jpg,,"Four light-years sounds close only because astronomy usually deals in much larger numbers. Proxima Centauri is the nearest known star beyond the Sun, but its light still takes about 4.25 years to rea… [+9063 chars]",,"Der nächste Stern jenseits der Sonne ist nur vier Lichtjahre entfernt, doch mit der Geschwindigkeit unserer schnellsten Raumsonde würde eine Reise dorthin immer noch länger dauern als die aufgezeichnete menschliche Zivilisation. Vier Lichtjahre klingen nur deshalb nahe, weil es in der Astronomie normalerweise mit viel größeren Zahlen zu tun hat. Proxima Centauri ist der nächste bekannte Stern jenseits der Sonne, aber sein Licht braucht noch etwa 4,25 Jahre, um die Erde zu erreichen. Ein Raumschiff, das sich mit der schnellsten Geschwindigkeit bewegt, die jemals gemessen wurde …","The closest star beyond the Sun is only four light-years away, yet at the speed of our fastest spacecraft a journey there would still last longer than recorded human civilization. Four light-years sounds close only because astronomy usually deals in much larger numbers. Proxima Centauri is the nearest known star beyond the Sun, but its light still takes about 4.25 years to reach Earth. A spacecraft moving at the fastest speed ever reco…","Artissimum ultra Solem stella quattuor tantum levis annos aberat, cum tamen in celeritate velocissimi spatii iter itineris diutius duraret quam cultus humanus memoriae. Quattuor levis anni soni claudunt solum, quia astrologia in multo numerosioribus plerumque agit. Proxima Centauri est proxima stella ultra Solem notissima, sed lumen eius adhuc circiter 4.25 annos ad Terram attingendum accipit. A spatii velocissimo cursu semper movens ad reco ...",2026-07-16 20:53:07+00:00
ff39e0ea42913e7c7b60c5a598a8054d,2026-07-10T22:06:34Z,'cold snap',www.bbc.com,en,0.2,Going inside the secret bunker built to survive nuclear war,"At the height of Cold War tensions, the UK had plans about what to do if a nuclear strike happened.",https://www.bbc.com/news/articles/c07y95d3v90o?xtor=AL-72-%5Bpartner%5D-%5Byahoo.north.america%5D-%5Bheadline%5D-%5Bnews%5D-%5Bbizdev%5D-%5Bisapi%5D,https://s.yimg.com/lo/mysterio/api/42802cbd5ca443b644ebcaefc5a2392071aa3f0de35cb85c0b2b3a129a06d798/lightyear_networkapi/resizefill_w976_h549;quality_80;format_webp/https:%2F%2Fmedia.zenfs.com%2Fen%2Fbbc_us_articles_995%2F9d530c75fa51e1b9c4e1691028e8d011,,"Beneath an unassuming hill just next to a newbuild housing estate there lies a bunker that was designed to keep Wales running in the event of a nuclear attack.
Hidden behind blast-proof steel doors,… [+7082 chars]",,"Betreten Sie den geheimen Bunker, der gebaut wurde, um den Atomkrieg zu überleben. Auf dem Höhepunkt der Spannungen im Kalten Krieg hatte Großbritannien Pläne, was im Falle eines Atomangriffs zu tun sei.","Going inside the secret bunker built to survive nuclear war. At the height of Cold War tensions, the UK had plans about what to do if a nuclear strike happened.","Ire intra munitum secretum aedificavit superesse bellum nuclei. In summo Belli Frigidi tensiones in UK consilia habuit de quid faciendum, si ictus nuclei accidisset.",2026-07-17 02:11:25+00:00
23b24c8d5c40e5f4e828d2d387bf2f37,2026-07-14T13:00:00Z,'cold impacts',www.cbc.ca,en,0.2,"Fort McMurray, Cold Lake mayors celebrate new Pathways carbon capture agreement","Now that an agreement has cleared major hurdles for the Pathways carbon capture and storage project, the mayors of the two communities that will host the infrastructure say they are looking forward to the construction and production jobs in their regions.",https://www.cbc.ca/news/canada/edmonton/pathways-carbon-capture-cold-lake-fort-mcmurray-agreement-9.7269203,"https://i.cbc.ca/ais/f219caf4-30f9-41a1-96f6-4610b795bf76,1783999053018/full/max/0/default.jpg?im=Crop%2Crect%3D%280%2C233%2C5067%2C2850%29%3BResize%3D620",http://web.archive.org/web/20260714145417/https://www.cbc.ca/news/canada/edmonton/pathways-carbon-capture-cold-lake-fort-mcmurray-agreement-9.7269203,"Now that an agreement has cleared major hurdles for the Pathways carbon capture and storage project, the mayors of the two communities that will host the infrastructure say they are looking forward t… [+4815 chars]",,"Die Bürgermeister von Fort McMurray und Cold Lake feiern das neue Pathways-Abkommen zur CO2-Abscheidung. Nachdem nun durch eine Vereinbarung große Hürden für das Pathways-Projekt zur CO2-Abscheidung und -Speicherung genommen wurden, freuen sich die Bürgermeister der beiden Gemeinden, die die Infrastruktur beherbergen werden, auf die Bau- und Produktionsarbeitsplätze in ihren Regionen.","Fort McMurray, Cold Lake mayors celebrate new Pathways carbon capture agreement. Now that an agreement has cleared major hurdles for the Pathways carbon capture and storage project, the mayors of the two communities that will host the infrastructure say they are looking forward to the construction and production jobs in their regions.","Fort McMurray, Majores Frigus lacum novum meatus carbonis pacti ceperunt. Cum pactio maior cratibus patefactis ad meatus carbonis captivorum et repositionis consilium, maiores duarum communitatum quae infrastructuram hospitandi dicunt se exspectant ad operas structuras et operas in regiones eorum productas.",2026-07-17 07:13:58+00:00
e69ea2d9bf0d25e2e916bdfab94cc0c2,2026-07-14T08:12:00Z,'cold impacts',www.globenewswire.com,en,0.3,"Company Rivalry Intensifies: Innovative Sensor Technologies from Honeywell, Collins Aerospace, Northrop Grumman, Ball Aerospace, and Raytheon Lead the Charge","Opportunities in the spacecraft attitude sensor market include leveraging miniaturization, quantum and optical advances, modular integration, and navigating tariff impacts for supply chain resilience. Opportunities in the spacecraft attitude sensor market inc…",https://www.globenewswire.com/news-release/2026/07/14/3326615/28124/en/Company-Rivalry-Intensifies-Innovative-Sensor-Technologies-from-Honeywell-Collins-Aerospace-Northrop-Grumman-Ball-Aerospace-and-Raytheon-Lead-the-Charge.html,https://ml.globenewswire.com/Resource/Download/c824d0a6-f4fd-419f-b7ab-26e7178db20b,http://web.archive.org/web/20260715040929/https://www.globenewswire.com/news-release/2026/07/14/3326615/28124/en/Company-Rivalry-Intensifies-Innovative-Sensor-Technologies-from-Honeywell-Collins-Aerospace-Northrop-Grumman-Ball-Aerospace-and-Raytheon-Lead-the-Charge.html,"Dublin, July 14, 2026 (GLOBE NEWSWIRE) -- The ""Spacecraft Attitude Sensor Market - Global Forecast 2026-2032"" has been added to ResearchAndMarkets.com's offering.
The Spacecraft Attitude Sensor Mark… [+8516 chars]",,"Der Konkurrenzkampf zwischen Unternehmen verschärft sich: Innovative Sensortechnologien von Honeywell, Collins Aerospace, Northrop Grumman, Ball Aerospace und Raytheon führen die Konkurrenz an. Zu den Chancen auf dem Markt für Lagesensoren für Raumfahrzeuge gehören die Nutzung von Miniaturisierung, Quanten- und optischen Fortschritten, modularer Integration und die Bewältigung von Zollauswirkungen für die Widerstandsfähigkeit der Lieferkette. Chancen auf dem Markt für Raumfahrzeug-Lagesensoren:","Company Rivalry Intensifies: Innovative Sensor Technologies from Honeywell, Collins Aerospace, Northrop Grumman, Ball Aerospace, and Raytheon Lead the Charge. Opportunities in the spacecraft attitude sensor market include leveraging miniaturization, quantum and optical advances, modular integration, and navigating tariff impacts for supply chain resilience. Opportunities in the spacecraft attitude sensor market inc…","Societas Rivalry intendit: Innovative Sensor Technologiae ab Honeywell, Collins Aerospace, Northrop Grumman, Ball Aerospace, et Raytheon Praecipe crimen. Facultates spatii in foro sensori habitus includit leveraging miniaturizationem, progressuum quantum et optical, integrationem modularis, et omisso navigando impacta ad copiam catenae mollitiae. Occasiones in spatii habitus sensorem forum inc…",2026-07-17 07:13:58+00:00
03c09ddcf8fe729f645c02c92f4f97a8,2026-07-14T03:56:14Z,'extreme cold',www.lifesciencesworld.com,en,0.9,Is Arctic Fox fur thick?,"Is Arctic Fox Fur Thick? Unveiling Nature’s Insulation Masterpiece Yes, Arctic fox fur is exceptionally thick. This incredible insulation is crucial for their survival in the frigid Arctic environment, protecting them from extreme cold and wind. Introduction:…",https://www.lifesciencesworld.com/is-arctic-fox-fur-thick/,,,"Is Arctic Fox Fur Thick? Unveiling Nature’s Insulation Masterpiece
Yes, Arctic fox fur is exceptionally thick. This incredible insulation is crucial for their survival in the frigid Arctic environme… [+8563 chars]",,"Ist das Fell des Polarfuchses dick? Ist das Fell eines Polarfuchses dick? Enthüllung des Isolationsmeisterwerks der Natur Ja, das Fell des Polarfuchses ist außergewöhnlich dick. Diese unglaubliche Isolierung ist für ihr Überleben in der kalten arktischen Umgebung von entscheidender Bedeutung und schützt sie vor extremer Kälte und Wind. Einführung:…","Is Arctic Fox fur thick?. Is Arctic Fox Fur Thick? Unveiling Nature’s Insulation Masterpiece Yes, Arctic fox fur is exceptionally thick. This incredible insulation is crucial for their survival in the frigid Arctic environment, protecting them from extreme cold and wind. Introduction:…","Estne Arcticus Vulpes pilum crassum?. Estne Arctic Fox Fur Creber? Naturae revelans Insulation Masterpiece Ita, vulpes pellis arctica est crassa eximie. Incredibilis haec insulatio pendet propter salutem in ambitu arctico frigidissimo, eos a frigore et vento defendens. Introductio:…",2026-07-17 07:13:58+00:00
540b854571b981fac319946cdc252247,2026-07-14T12:01:00Z,'cold snap',www.notebookcheck.net,en,0.2,Not for beginners: Complex city-builder (90% positive) drops below $10 on Steam,"Deal | Workers & Resources: Soviet Republic stands out from traditional city builders not only because of its Cold War-era socialist setting, but also thanks to its complex production chains and realistic construction mechanics. The challenging city builder, …",https://www.notebookcheck.net/Not-for-beginners-Complex-city-builder-90-positive-drops-below-10-on-Steam.1342440.0.html,https://www.notebookcheck.net/fileadmin/Notebooks/News/_nc5/Workers-Resources-Soviet-Republic-Steam-Deal.jpg,,Anyone looking for a city builder that goes beyond simply placing buildings and instead focuses on deep micromanagement will likely feel right at home with Workers &amp; Resources: Soviet Republic. T… [+1858 chars],,"Nichts für Anfänger: Complex City-Builder (90 % positiv) fällt auf Steam unter 10 $. Deal | Workers & Resources: Sowjet Republic hebt sich von traditionellen Städtebauern nicht nur durch sein sozialistisches Setting aus der Zeit des Kalten Krieges ab, sondern auch durch seine komplexen Produktionsketten und realistischen Baumechaniken. Der herausfordernde Städtebauer, …","Not for beginners: Complex city-builder (90% positive) drops below $10 on Steam. Deal | Workers & Resources: Soviet Republic stands out from traditional city builders not only because of its Cold War-era socialist setting, but also thanks to its complex production chains and realistic construction mechanics. The challenging city builder, …","Non incipientibus: Complexa urbis aedificatrix (90% positiva) cadit sub $10 vapor. Benigne | Operarii & Resources: Respublica Sovietica ab institutoribus civitatis traditis eminet non solum propter eius occasum Socialisticum Belli Frigidum, sed etiam propter complexam productionis vincula et mechanicam realem constructionem. Urbs aedificator provocans, …",2026-07-17 11:19:02+00:00
16a38425c8bf365dfea59cbbaeeab293,2026-07-14T04:49:51Z,'cold snap',www.lifesciencesworld.com,en,0.3,Is 50 degrees too cold for ferrets?,"Is 50 Degrees Too Cold for Ferrets? Understanding Ferret Temperature Needs Yes, generally speaking, 50 degrees Fahrenheit is too cold for ferrets to be consistently comfortable and healthy. Extended exposure to this temperature can lead to health problems. Fe…",https://www.lifesciencesworld.com/is-50-degrees-too-cold-for-ferrets/,,,"Is 50 Degrees Too Cold for Ferrets? Understanding Ferret Temperature Needs
Yes, generally speaking, 50 degrees Fahrenheit is too cold for ferrets to be consistently comfortable and healthy. Extended… [+7681 chars]",,"Sind 50 Grad zu kalt für Frettchen? Sind 50 Grad zu kalt für Frettchen? Die Temperaturbedürfnisse von Frettchen verstehen Ja, im Allgemeinen sind 50 Grad Fahrenheit zu kalt, als dass sich Frettchen dauerhaft wohl und gesund fühlen könnten. Eine längere Einwirkung dieser Temperatur kann zu gesundheitlichen Problemen führen. Fe…","Is 50 degrees too cold for ferrets?. Is 50 Degrees Too Cold for Ferrets? Understanding Ferret Temperature Needs Yes, generally speaking, 50 degrees Fahrenheit is too cold for ferrets to be consistently comfortable and healthy. Extended exposure to this temperature can lead to health problems. Fe…","Estne 50 gradus nimium frigidus pro ferrets ?. Estne 50 Gradus Nimis Frigidi pro Ferrets? Intellectus Ferret Temperaturae eget Ita, generaliter loquendo, 50 gradus Fahrenheit nimis frigidus est ut ferrets constanter commoda et sana esse. Patefacio extensa huic temperie ad problemata sanitatis ducere potest. Fe…",2026-07-17 11:19:02+00:00
f82582183acc507274707595bfebf673,2026-07-14T13:17:08Z,'heating system',www.dealnews.com,en,0.8,Cozeware Ductless Inverter Mini Split Air Conditioner and Heater for $440 + free shipping,"A mini split system like this handles both heating and cooling without ductwork, making it a practical option for garages, additions, or rooms that your central system doesn't reach well. . Apply coupon code ""AIEDABTV"" for a savings of $110. Buy Now at Amazon…",https://www.dealnews.com/Cozeware-Ductless-Inverter-Mini-Split-Air-Conditioner-and-Heater-for-440-free-shipping/21901962.html,https://d.dlnws.com/64599/1784034694-draftworks_img_d2kj6rqt987r2bhlijl.jpeg?h=500&w=500,,"moreWoot's AC's &amp; Home Environment sale covers a wide range of home cooling and air-quality gear, including portable, window, and mini-split air conditioners, dehumidifiers, air purifiers, and he… [+307 chars]",,"Cozeware Ductless Inverter Mini Split-Klimaanlage und Heizung für 440 $ + kostenloser Versand. Ein Mini-Split-System wie dieses übernimmt sowohl das Heizen als auch das Kühlen ohne Rohrleitungen und ist damit eine praktische Option für Garagen, Anbauten oder Räume, die Ihr zentrales System nicht gut erreicht. . Wenden Sie den Gutscheincode „AIEDABTV“ an, um 110 $ zu sparen. Jetzt bei Amazon kaufen…","Cozeware Ductless Inverter Mini Split Air Conditioner and Heater for $440 + free shipping. A mini split system like this handles both heating and cooling without ductwork, making it a practical option for garages, additions, or rooms that your central system doesn't reach well. . Apply coupon code ""AIEDABTV"" for a savings of $110. Buy Now at Amazon…","Cozeware Ductless Inverter Mini Split Air Conditioner et Heater for $440 + free shipping. Systema minium fissum simile hoc tractat et calefacit et refrigerat sine ductwork, faciens optionem practicam ad garages, additiones vel cameras quas ratio centralis non bene attingit. . Applicare off ""AIEDABTV"" pro compendia $ CX. Buy nunc apud Amazon...",2026-07-17 11:19:02+00:00
7d154e3d862ab934e1846ff8c046c42f,2026-07-15T10:00:00Z,'cold spell',grist.org,en,0.3,They wanted to hold Exxon accountable. Then they got hacked.,"A decade after climate activists' emails were breached, a court case is shedding new light on who allegedly orchestrated the hacking.",https://grist.org/article/exxon-lawsuit-hacking-environmental-activist-email-court/,https://grist.org/wp-content/uploads/2026/07/exxon-phishing-scam-climate-social.jpg?quality=75&strip=all,http://web.archive.org/web/20260716011857/https://grist.org/article/exxon-lawsuit-hacking-environmental-activist-email-court/,"This story is published in partnership with the Guardian.
On a cold January morning in 2016, Kert Davies joined a group of climate advocates and lawyers at the Rockefeller Family Funds office in Upp… [+18279 chars]",,"Sie wollten Exxon zur Verantwortung ziehen. Dann wurden sie gehackt. Ein Jahrzehnt nachdem die E-Mails von Klimaaktivisten gehackt wurden, wirft ein Gerichtsverfahren neues Licht darauf, wer den Hackerangriff angeblich inszeniert hat.","They wanted to hold Exxon accountable. Then they got hacked.. A decade after climate activists' emails were breached, a court case is shedding new light on who allegedly orchestrated the hacking.",Exxon rationem reddere volebant. Deinde detruncati sunt.,2026-07-17 16:11:29+00:00
cae179f71428d9233d13497f5bf2e847,2026-07-15T11:11:32Z,'cold spell',www.bbc.co.uk,en,0.3,Climate we had in 20th Century 'has now gone' - Met Office,The latest report on the UK's climate warns cold mountainous areas are also being lost.,https://www.bbc.co.uk/news/articles/c802041g4v8o,https://ichef.bbci.co.uk/ace/branded_news/1200/cpsprodpb/3c0a/live/6c1a2520-8039-11f1-86b6-ffbb9ce74513.jpg,http://web.archive.org/web/20260715203547/https://www.bbc.co.uk/news/articles/c802041g4v8o,"In the southeast of England, ""we are seeing the emergence of new warmer climates"", explains Kendon. 
At the same time areas including Vale of York and Lancashire have similar temperatures now to tho… [+1572 chars]",,"Das Klima, das wir im 20. Jahrhundert hatten, ist „jetzt verschwunden“ – Met Office. Der jüngste Bericht zum britischen Klima warnt davor, dass auch kalte Berggebiete verloren gehen.",Climate we had in 20th Century 'has now gone' - Met Office. The latest report on the UK's climate warns cold mountainous areas are also being lost.,Clima in 20th Century habuimus 'iam abiit' - Met Office. Aliquam fama in UK climatis montuosis locis frigidis montuosis etiam amissis monet.,2026-07-17 16:11:29+00:00
6a27acff955d18a06034950ca03ea218,2026-07-02T14:30:00Z,'cold wave',www.scientificamerican.com,en,0.3,How to avoid heat illness and stay safe during the mega heat wave,A heat wave over the Fourth of July weekend could put millions at risk of heat-related illnesses. Here’s what to do to stay safe—and why you don’t just need to drink lots of water,https://www.scientificamerican.com/article/how-to-avoid-heat-illness-and-stay-safe-during-the-mega-heat-wave/,https://static.scientificamerican.com/dam/asset/8d9de73f-5119-43eb-9df5-b8d47c901898/Heat-Dome-Settles-Over-US-Bringing-Hot-And-Humid-Conditions-To-Millions-Of-Americans.jpg?m=1783002197.516&w=1200,http://web.archive.org/web/20260703032844/https://www.scientificamerican.com/article/how-to-avoid-heat-illness-and-stay-safe-during-the-mega-heat-wave/,"As Americans come out to commemorate the nation’s 250th birthday on Saturday, the temperatures across huge swaths of the nation will be anything but celebratory. An intense heat wave is settling over… [+6912 chars]",,"So vermeiden Sie Hitzekrankheiten und bleiben während der Mega-Hitzewelle sicher. Eine Hitzewelle am Wochenende des 4. Juli könnte Millionen Menschen dem Risiko hitzebedingter Krankheiten aussetzen. Hier erfahren Sie, was Sie tun können, um sicher zu sein – und warum Sie nicht nur viel Wasser trinken müssen",How to avoid heat illness and stay safe during the mega heat wave. A heat wave over the Fourth of July weekend could put millions at risk of heat-related illnesses. Here’s what to do to stay safe—and why you don’t just need to drink lots of water,Quomodo calor morbos vitare et in tuto manere mega calor unda. Calor fluctus super Quartum Iulii volutpat potuit decies centena millia in periculo morborum caloris relatas ponere. Hic quid est facere ut salvus maneas-et quare non solum opus est bibere multas aquae,2026-07-17 20:49:30+00:00
62110438133626f4ac006f124d852d43,2026-07-11T16:45:00Z,'cold front',cheezburger.com,en,0.3,'Heatwave Meows': 21 Hot Weather Cat Memes Capturing Felines Melting Through Summer Like Fluffy Puddles,"Hot weather makes everyone a little dramatic. Even cats who love sunbeams feel betrayed by this hot temperature. And we get them. Nobody wants to be productive when the room feels like soup. And suddenly, your cat enters full melt mode until you turn on the a…",https://cheezburger.com/46040837/heatwave-meows-21-hot-weather-cat-memes-capturing-felines-melting-through-summer-like-fluffy-puddles,https://i.chzbgr.com/original/46040837/hF35E08C6/heatwave-meows-21-hot-weather-cat-memes-capturing-felines-melting-through-summer-like-fluffy-puddles,http://web.archive.org/web/20260713065201/https://cheezburger.com/46040837/heatwave-meows-21-hot-weather-cat-memes-capturing-felines-melting-through-summer-like-fluffy-puddles,"Summer chaos can wait, and the zoomies can be postponed. When the weather is this hot, cats deal with it in the best way they know: napping like the true nap champions they are. Today is for lying ve… [+1330 chars]",,"„Heatwave Meows“: 21 Memes über Katzen bei heißem Wetter, die Katzen einfangen, die wie flauschige Pfützen durch den Sommer schmelzen. Heißes Wetter macht jeden ein wenig dramatisch. Sogar Katzen, die Sonnenstrahlen lieben, fühlen sich von dieser heißen Temperatur betrogen. Und wir bekommen sie. Niemand möchte produktiv sein, wenn sich der Raum wie Suppe anfühlt. Und plötzlich geht Ihre Katze in den vollständigen Schmelzmodus über, bis Sie den A… einschalten.","'Heatwave Meows': 21 Hot Weather Cat Memes Capturing Felines Melting Through Summer Like Fluffy Puddles. Hot weather makes everyone a little dramatic. Even cats who love sunbeams feel betrayed by this hot temperature. And we get them. Nobody wants to be productive when the room feels like soup. And suddenly, your cat enters full melt mode until you turn on the a…","'Heatwave Meows': 21 Calor Tempestas Cat Memes Capting Felines Per Aestatem Liquentes Velut CRINITUS Puddles. Calor tempestas omnes paulo dramaticos facit. Etiam feles, qui radios amant, ab hac caliditate caliditatem proditam sentiunt. Eos et adipisci possimus. Nemo producere vult cum locus sentit sicut elit. Et subito, cattus tuus intrat plenam dissolutionem modum donec in a…",2026-07-17 20:49:30+00:00
c35ce5934ab82782e88fa03ed10fb001,2026-07-11T21:30:00Z,'cold wave',cheezburger.com,en,0.3,21 Weekend Party Cats Staving Off Summer Heat With a Pool Party,"Summer time is party time, so it's time to get in the pool with a cat. 
It's officially summer. The days are longer, the sun is brighter, the air is hotter, the barbeque parties are going off, and afternoons are spent at the beach watching the waves go in an…",https://cheezburger.com/46023173/21-weekend-party-cats-staving-off-summer-heat-with-a-pool-party,https://i.chzbgr.com/original/46023173/hE04089BC/21-weekend-party-cats-staving-off-summer-heat-with-a-pool-party,http://web.archive.org/web/20260713025212/https://cheezburger.com/46023173/21-weekend-party-cats-staving-off-summer-heat-with-a-pool-party,"It's officially summer. The days are longer, the sun is brighter, the air is hotter, the barbeque parties are going off, and afternoons are spent at the beach watching the waves go in and out. Pool p… [+1157 chars]",,"21 Wochenend-Partykatzen wehren die Sommerhitze mit einer Poolparty ab. Sommerzeit ist Partyzeit, also ist es Zeit, mit einer Katze in den Pool zu gehen. 
Es ist offiziell Sommer. Die Tage werden länger, die Sonne scheint heller, die Luft heißer, die Grillpartys finden statt und die Nachmittage werden am Strand verbracht und den Wellen zugeschaut, wie sie sich in einem…","21 Weekend Party Cats Staving Off Summer Heat With a Pool Party. Summer time is party time, so it's time to get in the pool with a cat. 
It's officially summer. The days are longer, the sun is brighter, the air is hotter, the barbeque parties are going off, and afternoons are spent at the beach watching the waves go in an…","21 Weekend Party Cats Staving Off Aestive Calor with a Pool Party. Tempus aestivum est tempus factionis, tempus est ut cum fele in piscinam ingrediatur. 
Aestas publice est. Dies longiores sunt, sol lucidior est, aer calidior est, partes barbeque abeunt, et meridianae in litore spectans fluctus eunt.",2026-07-17 20:49:30+00:00
ead09a654b09f4ece20ecea72bcfc166,2026-07-13T21:05:00Z,'cold wave',www.scientificamerican.com,en,0.3,Why have there been so many record-breaking heat waves this summer?,Record-breaking heat waves are beginning to blur together—here’s why and what’s making them so unbearable,https://www.scientificamerican.com/article/why-have-there-been-so-many-record-breaking-heat-waves-this-summer/,https://static.scientificamerican.com/dam/asset/0b641a28-9a98-4805-b2c9-82bc83974e1f/heat-index.png?m=1783977773.783&w=1200,http://web.archive.org/web/20260715195231/https://www.scientificamerican.com/article/why-have-there-been-so-many-record-breaking-heat-waves-this-summer/,"Temperatures across the western and central U.S. are smashing records: On Sunday Billings, Mont., set a new all-time high of 111 degrees Fahrenheit (nearly 44 degrees Celsius), Salt Lake City and She… [+3682 chars]",,"Warum gab es diesen Sommer so viele rekordverdächtige Hitzewellen? Rekordverdächtige Hitzewellen verschwimmen langsam – hier erfahren Sie, warum und was sie so unerträglich macht",Why have there been so many record-breaking heat waves this summer?. Record-breaking heat waves are beginning to blur together—here’s why and what’s making them so unbearable,Cur tot recordationes fluctusque aestus hac aestate? Fluctus aestus recordationis incipiunt simul labuntur-hic est cur et quid illos tam intolerabiles facit,2026-07-17 20:49:30+00:00
efe1c163d3f517e1cda78aecdaea66f6,2026-07-14T15:49:29Z,'cold wave',www.bbc.co.uk,en,0.3,Another heatwave hits parts of US and Canada,At least 44 people died in early July from a heatwave that scorched large swathes of the US.,https://www.bbc.co.uk/news/articles/c5yzyep6z63o,https://ichef.bbci.co.uk/ace/branded_news/1200/cpsprodpb/5097/live/eeb5e6c0-7f91-11f1-ac71-510b51a60620.jpg,http://web.archive.org/web/20260714185855/https://www.bbc.co.uk/news/articles/c5yzyep6z63o,"Large swathes of the US and Canada are facing yet another heatwave bringing extreme temperatures and poor air quality. 
Toronto and other Canadian cities as well as parts of the US Midwest and North… [+2139 chars]",,"Eine weitere Hitzewelle trifft Teile der USA und Kanadas. Mindestens 44 Menschen starben Anfang Juli an einer Hitzewelle, die weite Teile der USA verwüstete.",Another heatwave hits parts of US and Canada. At least 44 people died in early July from a heatwave that scorched large swathes of the US.,Alius heatwave partes US et Canada pervenit. Saltem 44 homines ineunte Iulio mortui sunt ab aestuaria qui magnas fascias US ambusta est.,2026-07-17 20:49:30+00:00
12792c66fdabbd42fd9ac3810b549447,2026-07-07T07:24:02Z,'cold wave',www.boredpanda.com,en,0.6,53 Funny Memes That Perfectly Describe The Struggle Of Surviving Summer,"As temperatures continue to soar across Europe, people are doing their best to stay cool, whether that's hiding in the shade, living in front of a fan, or making emergency trips for ice cream. The heatwave may be serious, but that hasn't stopped the internet …",https://www.boredpanda.com/heatwave-memes-msn/,https://www.boredpanda.com/blog/wp-content/uploads/2026/07/heatwave-memes-cover_675.jpg,http://web.archive.org/web/20260709160620/https://www.boredpanda.com/heatwave-memes-msn/,"Heatwaves are no laughing matter, with soaring temperatures disrupting daily life and leaving many people searching for shade, fans, and anything cold to drink. But as the internet has proven time an… [+559 chars]",,"53 lustige Memes, die den Überlebenskampf im Sommer perfekt beschreiben. Während die Temperaturen in ganz Europa weiter in die Höhe schnellen, tun die Menschen ihr Bestes, um kühl zu bleiben, sei es indem sie sich im Schatten verstecken, vor einem Ventilator leben oder Notfallfahrten unternehmen, um Eis zu essen. Die Hitzewelle mag ernst sein, aber das hat das Internet nicht zum Stillstand gebracht …","53 Funny Memes That Perfectly Describe The Struggle Of Surviving Summer. As temperatures continue to soar across Europe, people are doing their best to stay cool, whether that's hiding in the shade, living in front of a fan, or making emergency trips for ice cream. The heatwave may be serious, but that hasn't stopped the internet …","53 Funny Memes that Perfectly Describe The Certamen of Surviving Summer. Cum temperaturas per Europam adsurgere pergunt, homines optime faciunt ut refrigescant, sive in umbra latitat, ante ventilabrum habitare, vel cremor glaciei itinera subitis facere. Gravis sit calor, sed non interrete ...",2026-07-17 20:49:30+00:00
f6bcd54cb9463ac15f37990250f05c8a,2026-07-09T16:30:52Z,'cold front',www.foxweather.com,en,0.9,"30 million across the Heartland, Northeast face renewed flood threat as rounds of rain sweep across regions","Following early-week storms and flash flood threats across the Upper Midwest, heavy rainfall will gradually shift out of the region as a cold front pushes southeast.",https://www.foxweather.com/weather-news/30-million-brace-renewed-flood-threat-across-heartland-northeast,https://nypost.com/wp-content/uploads/sites/2/2026/07/133877864.jpg?quality=75&strip=all&w=1200,http://web.archive.org/web/20260710031755/https://www.foxweather.com/weather-news/30-million-brace-renewed-flood-threat-across-heartland-northeast,"Following early-week storms and flash flood threats across the Upper Midwest, heavy rainfall will gradually shift out of the region as a cold front pushes southeast.
By the end of the week, this fro… [+3344 chars]",,"30 Millionen Menschen im gesamten Kernland im Nordosten sind erneut von Überschwemmungen bedroht, da Regenschauer über die Regionen fegen. Nach Stürmen und Sturzfluten zu Beginn der Woche im oberen Mittleren Westen werden sich starke Regenfälle allmählich aus der Region verlagern, während eine Kaltfront nach Südosten vordringt.","30 million across the Heartland, Northeast face renewed flood threat as rounds of rain sweep across regions. Following early-week storms and flash flood threats across the Upper Midwest, heavy rainfall will gradually shift out of the region as a cold front pushes southeast.","30 miliones per Heartland, Northeast faciem diluvii renovaverunt minas, ut orbes pluviae per regiones verrunt. Tempestates primae-septimanae sequentes et minas diluvii fulguris per Censum Mediam occidentalem, pluviae graves e regione paulatim transferent sicut frigus ante meridiem pellat.",2026-07-17 20:49:30+00:00
94b038ad3391a2504f7caa8a40a2e9df,2026-07-16T00:03:15Z,'cold impacts',www.lifesciencesworld.com,en,0.3,How do you warm up a hedgehog?,"How To Safely & Effectively Warm Up A Hedgehog: A Comprehensive Guide Do you have a cold hedgehog? This guide details how to warm up a hedgehog safely and effectively, focusing on gradual methods using ambient heat and gentle handling to avoid shock and poten…",https://www.lifesciencesworld.com/how-do-you-warm-up-a-hedgehog/,,,"Do you have a cold hedgehog? This guide details how to warm up a hedgehog safely and effectively, focusing on gradual methods using ambient heat and gentle handling to avoid shock and potential harm.… [+8080 chars]",,"Wie wärmt man einen Igel auf? So wärmen Sie einen Igel sicher und effektiv auf: Eine umfassende Anleitung. Haben Sie einen kalten Igel? In diesem Leitfaden erfahren Sie, wie Sie einen Igel sicher und effektiv aufwärmen können. Der Schwerpunkt liegt dabei auf schrittweisen Methoden unter Verwendung von Umgebungswärme und schonender Handhabung, um Stöße und potenzielle Belastungen zu vermeiden.","How do you warm up a hedgehog?. How To Safely & Effectively Warm Up A Hedgehog: A Comprehensive Guide Do you have a cold hedgehog? This guide details how to warm up a hedgehog safely and effectively, focusing on gradual methods using ambient heat and gentle handling to avoid shock and poten…","Quomodo erigas ericius?. Quam Tutus & Efficaciter Foveat Hericius: A Guide Comprehensive Habesne frigidum ericius? Hic dux singularia facit quomodo ericius caute et efficaciter foveatur, gradatim adhibitis modis caloris ambientis et lenibus tractandis ad vitandum impulsum et poten…",2026-07-18 02:00:36+00:00
2fcc928bc061255b3ed1dc07153feaf8,2026-07-04T16:00:30Z,'extreme cold',gizmodo.com,en,0.2,The Disturbing Truth About How Extreme Heat Affects the Body,Much of the U.S. is grappling with severely high temperatures and choking humidity this week. Here's what that means for your health.,https://gizmodo.com/the-disturbing-truth-about-how-extreme-heat-affects-the-body-2000780322,https://gizmodo.com/app/uploads/2026/07/woman-dumping-bottled-water-on-head-1200x675.jpg,http://web.archive.org/web/20260705023209/https://gizmodo.com/the-disturbing-truth-about-how-extreme-heat-affects-the-body-2000780322,"The eastern U.S. is in the grips of a brutal heatwave heading into July Fourth weekend. As millions head outside to attend parades, barbecues, and fireworks displays, excessively high temperatures an… [+7437 chars]",,"Die beunruhigende Wahrheit darüber, wie sich extreme Hitze auf den Körper auswirkt. Große Teile der USA haben diese Woche mit extrem hohen Temperaturen und erdrückender Luftfeuchtigkeit zu kämpfen. Hier erfahren Sie, was das für Ihre Gesundheit bedeutet.",The Disturbing Truth About How Extreme Heat Affects the Body. Much of the U.S. is grappling with severely high temperatures and choking humidity this week. Here's what that means for your health.,De Veritatis perturbatione Quam Extremi Caloris Corpus afficit. Multum in Americae iniecta est cum graviter aestus et humiditas hac septimana suffocatio. Ecce id quod est ad salutem tuam.,2026-07-18 06:58:33+00:00
e663106df90cead77a112db6eb9c9e40,2026-07-16T13:40:11Z,'cold snap',bringatrailer.com,en,0.2,2009 BMW M3 Coupe 6-Speed,"This 2009 BMW M3 coupe has remained registered in California from new through the seller's purchase in 2025, and it is powered by a 4.0-liter V8 that received replacement rod bearings in 2020. Optioned with the Premium, Technology, and Cold Weather Packages, …",https://bringatrailer.com/listing/2009-bmw-m3-coupe-66/,https://bringatrailer.com/wp-content/uploads/2026/06/IMG_3581252812529-scaled-copy-2026-07-07-s8l-50949.jpg,,"This 2009 BMW M3 coupe has remained registered in California from new through the seller’s purchase in 2025, and it is powered by a 4.0-liter V8 that received replacement rod bearings in 2020. Option… [+3079 chars]",,"2009 BMW M3 Coupé 6-Gang. Dieses BMW M3 Coupé von 2009 ist seit dem Kauf durch den Verkäufer im Jahr 2025 als Neuwagen in Kalifornien zugelassen und wird von einem 4,0-Liter-V8 angetrieben, der im Jahr 2020 neue Pleuellager erhalten hat. Optional mit den Premium-, Technologie- und Kaltwetterpaketen …","2009 BMW M3 Coupe 6-Speed. This 2009 BMW M3 coupe has remained registered in California from new through the seller's purchase in 2025, and it is powered by a 4.0-liter V8 that received replacement rod bearings in 2020. Optioned with the Premium, Technology, and Cold Weather Packages, …","2009 BMW M3 Coupe 6-Speed. Hoc 2009 BMW M3 coupe relatus in California a novo per emptionis venditoris anno 2025 remansit, et a 4.0-liter V8 recepta est, quae in anno 2020 gestationes virgae substitutionis accepit. Optioned with the Premium, Technology, and cold Weather Packages, …",2026-07-18 10:58:42+00:00
302abac0f7e0e3772327fc6af32789c0,2026-07-16T16:04:54Z,'cold snap',www.dailymail.com,en,0.2,"Dripping in sweat, dehydrated and unable to cool down... Why these drugs taken by nine million of us could be the reason you struggle to cope in a heatwave - and how to beat it: ALICE SNAPE","I've only just stepped out of my front door and I'm already covered in a thick layer of sweat. My hair's damp at the nape of my neck, and I can feel it trickling down my shoulder blades and back.",https://www.dailymail.com/lifestyle/fitness-wellbeing/article-15982611/sweat-dehydrated-cool-drugs-struggle-heatwave-ALICE-SNAPE.html,https://i.dailymail.com/1s/2026/07/16/15/110062631-0-image-m-20_1784212255124.jpg,http://web.archive.org/web/20260716183828/https://www.dailymail.com/lifestyle/fitness-wellbeing/article-15982611/sweat-dehydrated-cool-drugs-struggle-heatwave-ALICE-SNAPE.html,"Ive only just stepped out of my front door and Im already covered in a thick layer of sweat.
My hairs damp at the nape of my neck, and I can feel it trickling down my shoulder blades and back. Ill b… [+5319 chars]",,"Schweißgebadet, dehydriert und nicht in der Lage, sich abzukühlen ... Warum diese Medikamente, die neun Millionen von uns einnehmen, der Grund dafür sein könnten, dass Sie mit einer Hitzewelle zu kämpfen haben – und wie Sie sie besiegen können: ALICE SNAPE. Ich bin gerade erst aus meiner Haustür getreten und schon mit einer dicken Schweißschicht überzogen. Meine Haare im Nacken sind feucht und ich spüre, wie sie über meine Schulterblätter und meinen Rücken laufen.","Dripping in sweat, dehydrated and unable to cool down... Why these drugs taken by nine million of us could be the reason you struggle to cope in a heatwave - and how to beat it: ALICE SNAPE. I've only just stepped out of my front door and I'm already covered in a thick layer of sweat. My hair's damp at the nape of my neck, and I can feel it trickling down my shoulder blades and back.","Sudor madens, dehydratus et refrigerium non valens... Quare haec medicamenta per novem miliones nostrum capta causa esse possunt quod in aestu aestuantis tolerare contendis - et quomodo illud percutere: ALICE SNAPE. Tantum modo egressus sum ante ianuam meam, et iam spisso sudore tectus sum. Capilli mei obtorto collo madent, et scapulas scapulas et dorsum decurrentem sentio.",2026-07-18 10:58:42+00:00
39d654c2f35872a46ed3fd6cbaab863b,2026-07-16T18:42:17Z,'cold front',bringatrailer.com,en,0.2,2011 BMW Z4 sDrive30i Sport 6-Speed,"This 2011 BMW Z4 sDrive30i roadster was specified in Crimson Red over black Kansas leather, and it was factory optioned with the Sport and Cold Weather packages, which together added 18"" Style 276 alloy wheels, an Adaptive M Suspension, a heated steering whee…",https://bringatrailer.com/listing/2011-bmw-z4-sdrive30i-18/,https://bringatrailer.com/wp-content/uploads/2026/06/DSC01378-copy-2026-07-10-avl-43867.jpg,,"This 2011 BMW Z4 sDrive30i roadster was specified in Crimson Red over black Kansas leather, and it was factory optioned with the Sport and Cold Weather packages, which together added 18″ Style 276 al… [+2203 chars]",,"2011 BMW Z4 sDrive30i Sport 6-Gang. Dieser BMW Z4 sDrive30i Roadster aus dem Jahr 2011 war in Crimson Red über schwarzem Kansas-Leder erhältlich und ab Werk mit den Sport- und Cold Weather-Paketen ausgestattet, die zusammen 18-Zoll-Leichtmetallfelgen im Style 276, ein adaptives M-Fahrwerk, ein beheiztes Lenkrad … umfassten.","2011 BMW Z4 sDrive30i Sport 6-Speed. This 2011 BMW Z4 sDrive30i roadster was specified in Crimson Red over black Kansas leather, and it was factory optioned with the Sport and Cold Weather packages, which together added 18"" Style 276 alloy wheels, an Adaptive M Suspension, a heated steering whee…","2011 BMW Z4 sDrive30i Sport 6-Speed. Hoc 2011 BMW Z4 sDrive30i itinerarium in purpura rubra super corium nigrum Kansas designatum est, et officinas cum fasciculis lusoriis et frigoris Tempestatis optionis facta est, quae simul 18"" Style 276 mixturae rotae additae sunt, suspensio adaptiva M, gubernatio calefacta...",2026-07-18 10:58:42+00:00
4d7449fd53d0552f49673c37f1cc901c,2026-07-17T08:26:03Z,'cold impacts',lithub.com,en,0.2,As If,"I was in no state to meet anyone when Korine arrived. I sat on a chair in my sublet on Aldersgate Street, central London: an epic Hail Mary. Outside it was tipping down. It was mid to late May. Colder",https://lithub.com/as-if/,https://s26162.pcdn.co/wp-content/uploads/2026/06/as-if-1-scaled.jpg,,"I was in no state to meet anyone when Korine arrived. I sat on a chair in my sublet on Aldersgate Street, central London: an epic Hail Mary. Outside it was tipping down. It was mid to late May. Colde… [+11184 chars]",,"Als ob. Ich war nicht in der Lage, jemanden zu treffen, als Korine ankam. Ich saß auf einem Stuhl in meiner Untermiete in der Aldersgate Street im Zentrum von London: ein episches Ave Maria. Draußen kippte es. Es war Mitte bis Ende Mai. Kälter","As If. I was in no state to meet anyone when Korine arrived. I sat on a chair in my sublet on Aldersgate Street, central London: an epic Hail Mary. Outside it was tipping down. It was mid to late May. Colder","Ut si. In nulla re publica essem ut alicui obviam venirem cum Korine. Sedi super sellam in subleto meo in Aldersgate Street, Londinii centralis: an epicum Ave Maria. Extra tipping descendit. Medium erat ad sero. Frigidior",2026-07-18 15:52:08+00:00
285eea4d6138f26e03a6c9ad208d8cae,2026-07-17T06:58:20Z,'cold front',www.rediff.com,en,0.9,FIFA WC Final: Will Wildfire Smoke Affect Players In NYC?,"Concerns over Canadian wildfire smoke impacting air quality and player health for the World Cup final in New York are easing, with forecasts predicting significant rain and a cold front to clear the haze before Sunday's match, though hot and hazy conditions c…",https://www.rediff.com/sports/report/nyc-fifa-world-cup-final-2026-wildfire-smoke-concerns-ease-health-risks-remain/20260717.htm,https://im.rediff.com/1200-630/sports/2026/jul/17wc-new-york-skyline-haze.jpg,,"As New York prepares to host the World Cup final, concerns over Canadian wildfire smoke impacting air quality and player health are receding, with forecasts predicting significant rain and a cold fro… [+4562 chars]",,"FIFA-WM-Finale: Wird sich der Rauch von Waldbränden auf die Spieler in New York auswirken? Die Besorgnis über den Rauch der kanadischen Waldbrände, der sich auf die Luftqualität und die Gesundheit der Spieler beim Weltmeisterschaftsfinale in New York auswirkt, lässt nach. Prognosen gehen von starken Regenfällen und einer Kaltfront aus, um den Dunst vor dem Spiel am Sonntag zu vertreiben, obwohl es heiß und dunstig ist.","FIFA WC Final: Will Wildfire Smoke Affect Players In NYC?. Concerns over Canadian wildfire smoke impacting air quality and player health for the World Cup final in New York are easing, with forecasts predicting significant rain and a cold front to clear the haze before Sunday's match, though hot and hazy conditions c…","FIFA WC Final: Will Wildfire Smoke Affect Players In NYC?. Curae in Canadian incendium incendium impacto aeris qualitate et lusori sanitatis pro Mundi Calicem finali in New York levant, cum praenuntiationes significantes pluviam et frontem frigidam ad purgandum obductos ante diei dominici, quamquam condiciones calidas et obscuras c…",2026-07-18 15:52:08+00:00
62c7d7f0d17e3702f96534ef6e445335,2026-07-13T22:30:49Z,'cold spell',spacedaily.com,en,0.3,"Researchers froze the simplest amino acid to nearly minus 260°C and bombarded it with radiation that mimics cosmic rays — and it formed peptides, the building blocks of proteins, under conditions that exist before stars and planets are born","The experiment sounds almost designed to fail. Take glycine, the simplest amino acid used by life on Earth. Cool it to nearly minus 260°C, colder than almost anywhere humans can casually imagine. Put it under space-like vacuum. Then hit it with energetic part…",https://spacedaily.com/t-researchers-froze-the-simplest-amino-acid-to-nearly-minus-260c/,https://spacedaily.com/wp-content/uploads/2026/07/taurus-molecular-cloud-herschel-esa-1024x527.jpg,http://web.archive.org/web/20260714032652/https://spacedaily.com/t-researchers-froze-the-simplest-amino-acid-to-nearly-minus-260c/,"The experiment sounds almost designed to fail. Take glycine, the simplest amino acid used by life on Earth. Cool it to nearly minus 260°C, colder than almost anywhere humans can casually imagine. Put… [+7027 chars]",,"Forscher haben die einfachste Aminosäure bei fast minus 260 °C eingefroren und mit Strahlung bombardiert, die kosmische Strahlung nachahmt – und sie bildete Peptide, die Bausteine ​​von Proteinen, unter Bedingungen, die vor der Geburt von Sternen und Planeten herrschten. Das Experiment scheint fast zum Scheitern verurteilt zu sein. Nehmen wir Glycin, die einfachste Aminosäure, die das Leben auf der Erde nutzt. Kühlen Sie es auf fast minus 260 °C ab, kälter als fast überall, wo sich Menschen vorstellen können. Setzen Sie es unter ein weltraumähnliches Vakuum. Dann hauen Sie mit energischem Part zu ...","Researchers froze the simplest amino acid to nearly minus 260°C and bombarded it with radiation that mimics cosmic rays — and it formed peptides, the building blocks of proteins, under conditions that exist before stars and planets are born. The experiment sounds almost designed to fail. Take glycine, the simplest amino acid used by life on Earth. Cool it to nearly minus 260°C, colder than almost anywhere humans can casually imagine. Put it under space-like vacuum. Then hit it with energetic part…","Investigatores simplicissimum amino acidum fere minus 260°C ingerunt et radiorum radiorum qui cosmicos radios imitantes emittebant — et peptides formavit, stipites aedificiorum servo, sub condicionibus quae ante stellas et planetas nascuntur. Experimentum sonorum fere ad deficientem designatur. Sume glycinum, acidum amino simplicissimum, quo usus est in vita terrestri. Refrigerium fere minus 260°C, frigidius quam fere uspiam homines casualiter imaginari possunt. Pone illud sub spatio vacuo. Tunc percussit eam cum energetic parte…",2026-07-19 02:12:00+00:00
367d29eb9e73a2e0e2fe247b1ac22cef,2026-07-15T01:30:52Z,'cold spell',spacedaily.com,en,0.3,"Some objects that appear to be extraordinarily cold, dim stars could theoretically be energy-harvesting alien megastructures, and a new study says red dwarfs and white dwarfs offer some of the clearest places to search for their infrared heat","An object that looks unusually cold and faint on a map of the stars need not be a star at all. In one speculative case, it could be the infrared glow of a vast system built to intercept a star’s light and use its energy. A study published in the journal Unive…",https://spacedaily.com/t-dyson-spheres-red-white-dwarfs-infrared-heat/,https://spacedaily.com/wp-content/uploads/2026/07/red-dwarf-star-nasa-pia21473-1024x791.jpg,http://web.archive.org/web/20260715020913/https://spacedaily.com/t-dyson-spheres-red-white-dwarfs-infrared-heat/,"An object that looks unusually cold and faint on a map of the stars need not be a star at all. In one speculative case, it could be the infrared glow of a vast system built to intercept a star’s ligh… [+8781 chars]",,"Einige Objekte, die als außergewöhnlich kalte, schwache Sterne erscheinen, könnten theoretisch energiegewinnende außerirdische Megastrukturen sein, und einer neuen Studie zufolge bieten Rote Zwerge und Weiße Zwerge einige der klarsten Orte, an denen sie nach ihrer Infrarotwärme suchen können. Ein Objekt, das auf einer Sternenkarte ungewöhnlich kalt und schwach aussieht, muss überhaupt kein Stern sein. In einem spekulativen Fall könnte es sich um das Infrarotlicht eines riesigen Systems handeln, das dazu dient, das Licht eines Sterns einzufangen und seine Energie zu nutzen. Eine in der Zeitschrift Unive veröffentlichte Studie…","Some objects that appear to be extraordinarily cold, dim stars could theoretically be energy-harvesting alien megastructures, and a new study says red dwarfs and white dwarfs offer some of the clearest places to search for their infrared heat. An object that looks unusually cold and faint on a map of the stars need not be a star at all. In one speculative case, it could be the infrared glow of a vast system built to intercept a star’s light and use its energy. A study published in the journal Unive…","Quaedam obiecta, quae videntur extraordinarie frigidae, stellae obscurae speculari posse megastructuras alienas energiae esse, et novum studium dicit homunciones rubras et nanas albas aliquas loca lucidissima ad investigandum calorem infrarubrum. Objectum quod solito frigidae et languidae in tabula stellarum spectat non est omnino stella. In casu speculativo, ultrarubrum ardens systematis vastae aedificatur ad intercipiendum lumen stellae et eius industria uti. Studium in ephemeride Unive editum…",2026-07-19 02:12:00+00:00
be1bc635f1a00ee1c216bd89154171c2,2026-07-16T17:16:33Z,'colder than usual',news.climate.columbia.edu,en,0.3,Wildfire Smoke Returns: What to Know About This Week’s Air Quality,Air pollution expert Dan Westervelt discusses this summer's wildfires and resulting air quality in New York City and beyond.,https://news.climate.columbia.edu/2026/07/16/wildfire-smoke-returns-what-to-know-about-this-weeks-air-quality/,https://media.news.climate.columbia.edu/wp-content/uploads/2026/07/3840px-New_York_City_NEXRAD_radar_KOKX_in_Upton_NY_under_smoky_skies_July_15_2026-1300x975.jpg,,"More than 100 wildfires are burning in Canada and several in Minnesota, triggering eerie, smoke-filled skies and unhealthy air quality alerts throughout the Upper Midwest and the Northeast U.S. this … [+2508 chars]",,Der Rauch von Waldbränden kehrt zurück: Was Sie über die Luftqualität dieser Woche wissen sollten. Der Luftverschmutzungsexperte Dan Westervelt spricht über die Waldbrände dieses Sommers und die daraus resultierende Luftqualität in New York City und darüber hinaus.,Wildfire Smoke Returns: What to Know About This Week’s Air Quality. Air pollution expert Dan Westervelt discusses this summer's wildfires and resulting air quality in New York City and beyond.,Wildfire Smoke Returns: What to know about This Week's Air Quality. Aeris pollutio perita Dan Westervelt de incendiis aestivis disputat et proveniens qualitatem aeris in New York urbe et ultra.,2026-07-19 07:24:55+00:00
a48ab952f768c203598e1a6754f5dfe2,2026-07-17T09:37:00Z,'colder than usual',abcnews.com,en,0.3,"Europe's early heat wave led to a spike in deaths, may have killed over 10,000","Heat that hit Europe exceptionally early and hard this year appears to have led to a spike in deaths, with well over 10,000 more people dying at the height of the heat wave than would normally have been expected, according to figures that are still eme...",https://abcnews.com/International/wireStory/europes-early-heat-wave-led-spike-deaths-killed-134841091,https://i.abcnewsfe.com/a/0059adad-e852-48ec-8c75-e7366a544870/wirestory_af0dbdc06870732e52f8d10bcebb5385_16x9.jpg?w=1600,,"Heat that hit Europe exceptionally early and hard this year appears to have led to a spike in deaths, with well over 10,000 more people dying at the height of the heat wave than would normally have b… [+5085 chars]",,"Die frühe Hitzewelle in Europa führte zu einem Anstieg der Todesfälle und könnte über 10.000 Todesopfer gefordert haben. Die Hitze, die Europa in diesem Jahr außergewöhnlich früh und hart getroffen hat, scheint zu einem Anstieg der Todesfälle geführt zu haben. Auf dem Höhepunkt der Hitzewelle starben weit über 10.000 Menschen mehr, als normalerweise zu erwarten gewesen wäre, wie aus Zahlen hervorgeht, die noch nicht bekannt sind.","Europe's early heat wave led to a spike in deaths, may have killed over 10,000. Heat that hit Europe exceptionally early and hard this year appears to have led to a spike in deaths, with well over 10,000 more people dying at the height of the heat wave than would normally have been expected, according to figures that are still eme...","Primae Europae calor unda spica in mortibus ducta est, ut supra decem milia occidisse videatur. Calor qui Europam attingit eximie primo et duro hoc anno, clavum in mortibus duxisse videtur, cum bene supra 10,000 plus homines in altitudine aestus fluctuantis morientes quam secundum figuras adhuc eme... solere exspectari essent.",2026-07-19 07:24:55+00:00
35314b7ad037956294bd96d168c55588,2026-07-17T11:40:42Z,'colder than usual',www.nationalobserver.com,en,0.3,"Europe's early heat wave led to a spike in deaths, may have killed more than 10,000","Heat that hit Europe exceptionally early and hard this year appears to have led to a spike in deaths, with well over 10,000 more people dying at the height of the heat wave than would normally have been expected, according to figures that are still emerging a…",https://www.nationalobserver.com/2026/07/17/news/europes-early-heat-wave-led-spike-deaths-may-have-killed-more-10000,https://www.nationalobserver.com/sites/default/files/img/2026/07/17/c447fafe2c9acf412b1a5511666aee9c8b2dfae371c0a1c36a7530c930752408.jpg,,"Heat that hit Europe exceptionally early and hard this year appears to have led to a spike in deaths, with well over 10,000 more people dying at the height of the heat wave than would normally have b… [+5077 chars]",,"Die frühe Hitzewelle in Europa führte zu einem Anstieg der Todesfälle und könnte mehr als 10.000 Todesopfer gefordert haben. Die Hitze, die Europa in diesem Jahr außergewöhnlich früh und hart getroffen hat, scheint zu einem Anstieg der Todesfälle geführt zu haben: Weit über 10.000 Menschen starben auf dem Höhepunkt der Hitzewelle mehr, als normalerweise zu erwarten gewesen wäre, wie aus Zahlen hervorgeht, die noch im Entstehen begriffen sind.","Europe's early heat wave led to a spike in deaths, may have killed more than 10,000. Heat that hit Europe exceptionally early and hard this year appears to have led to a spike in deaths, with well over 10,000 more people dying at the height of the heat wave than would normally have been expected, according to figures that are still emerging a…","Primae Europae calor unda ad clavum in mortibus duxit, potest plus quam decem milia occidisse. Calor qui Europam attingit eximie primo et duro hoc anno videtur clavum in mortibus duxisse, cum bene super 10.000 amplius homines in altitudine aestus fluctuantis morientes quam ex more exspectari essent, secundum figuras quae adhuc emergentes a…",2026-07-19 07:24:55+00:00
3c1342d921529e6f9e4a9419c8b0fcca,2026-07-17T15:41:58Z,'colder than usual',fortune.com,en,0.3,"Europe’s lack of preparation for the brutal heat wave this year killed an extra 10,000 people, records show",Measures of what researchers call “excess mortality” — the difference between the normally expected number of deaths and the actual — spiked in June.,https://fortune.com/2026/07/17/europe-heat-wave-deaths-record-temperatures/,"https://fortune.com/img-assets/wp-content/uploads/2026/07/GettyImages-2282584831-e1784302813997.jpg?resize=1200,600",,"Heat that hit Europe exceptionally early and hard this year appears to have led to a spike in deaths, with well over 10,000 more people dying at the height of the heat wave than would normally have b… [+5071 chars]",,"Die mangelnde Vorbereitung Europas auf die brutale Hitzewelle in diesem Jahr hat Berichten zufolge weitere 10.000 Menschen das Leben gekostet. Die Messungen dessen, was Forscher als „Übersterblichkeit“ bezeichnen – die Differenz zwischen der normalerweise erwarteten und der tatsächlichen Zahl an Todesfällen – stiegen im Juni in die Höhe.","Europe’s lack of preparation for the brutal heat wave this year killed an extra 10,000 people, records show. Measures of what researchers call “excess mortality” — the difference between the normally expected number of deaths and the actual — spiked in June.","Europa carentia praeparationis ad undam truculentam hoc anno occidit extra 10.000 hominum, monumenta ostendunt. Mensurae eorum quae inquisitores ""excessam mortalitatem"" appellant — differentiam inter numerum exituum normalium et actualem — praefixum est mense Iunio.",2026-07-19 07:24:55+00:00
b9f642d622681afc21a679edd947ba8c,2026-07-17T23:00:46Z,'colder than usual',www.thesportingtribune.com,en,0.3,Day games at the World Cup have entered their sunset years. Enjoy them while you can,Under the lights.,https://www.thesportingtribune.com/2026/07/17/day-games-at-the-world-cup-have-entered-their-sunset-years,https://s.yimg.com/lo/mysterio/api/661488836a0a2db0c0f8a4d3d003d3a95669b3d42c219d48acd37e5007e66afc/lightyear_networkapi/resizefill_w544_h306;quality_80;format_webp/https:%2F%2Fmedia.zenfs.com%2Fen%2Fthe_sporting_tribune_articles_423%2Fa54fbfe8dd8c31c1891ac050a9972d1e,,"Under the lights. It's a refrain advanced by commentators and echoed by fans. Shorthand for the prime-time pressure of the biggest games. High stakes deserve dramatic staging, and the cold light of d… [+8943 chars]",,"Die Tagesspiele bei der Weltmeisterschaft sind in ihren letzten Jahren angelangt. Genießen Sie sie, solange Sie können. Unter den Lichtern.",Day games at the World Cup have entered their sunset years. Enjoy them while you can. Under the lights.,Dies ludi in Trophaeo Mundi in occasum annos suos ingressi sunt. Fruere dum potes. Sub luminibus.,2026-07-19 07:24:55+00:00
df35eece548fc9c7a8d20d9b3fb19c2f,2026-07-02T19:19:23Z,'cold impacts',www.universetoday.com,en,0.3,An Extended Barrage of Asteroid Impacts Made Earth Too Hot to Form Continents,"New research shows that repeated impacts on Earth during the Hadean eon prevented thick and stable crustal material from forming. The heat from these impacts penetrated deep into the planet, and along with radiogenic heating, delayed the formation of a solid …",https://www.universetoday.com/articles/an-extended-barrage-of-asteroid-impacts-made-earth-too-hot-to-form-continents,https://www.universetoday.com/article_images/osirisrexshot21-00240-print_20260702_182227.jpg,http://web.archive.org/web/20260703000735/https://www.universetoday.com/articles/an-extended-barrage-of-asteroid-impacts-made-earth-too-hot-to-form-continents,"The formation of continents was an important step in Earth's history. Continents and plate tectonics are connected to the planet's habitability, and the same is true for the habitability of other roc… [+6762 chars]",,"Eine ausgedehnte Flut von Asteroideneinschlägen machte die Erde zu heiß, um Kontinente zu bilden. Neue Forschungsergebnisse zeigen, dass wiederholte Einschläge auf die Erde während des Hadäischen Zeitalters die Bildung von dickem und stabilem Krustenmaterial verhinderten. Die Hitze dieser Einschläge drang tief in den Planeten ein und verzögerte zusammen mit der radiogenen Erwärmung die Bildung eines Feststoffs …","An Extended Barrage of Asteroid Impacts Made Earth Too Hot to Form Continents. New research shows that repeated impacts on Earth during the Hadean eon prevented thick and stable crustal material from forming. The heat from these impacts penetrated deep into the planet, and along with radiogenic heating, delayed the formation of a solid …",Protractum Barrage of Asteroid Impacts Terrae Nimis calida formare Continentes. Nova investigatio ostendit crebros impactus in Terra in Hadean aon impedivisse materiam crassam et stabilem a formando. Calor ab his impactibus penitus in planetam penetravit et una cum calore radiogenico solidi formationem retardavit.,2026-07-19 11:07:17+00:00
142f33e074fc190c310df97dc36eeb34,2026-07-06T12:00:24Z,'heating system',www.the-independent.com,en,0.8,The home cooling solution that is cheaper for renters than air conditioning,Many homes are converting their fossil fuel-powered heating and cooling systems to electric-powered heat pumps,https://www.the-independent.com/life-style/heatwave-air-conditioning-heat-pumps-home-cooling-b3009711.html,"https://static.the-independent.com/2026/06/24/8/21/iStock-1409343543.jpeg?trim=0,0,0,0&width=1200&height=800&crop=1200:800",http://web.archive.org/web/20260709142152/https://www.the-independent.com/life-style/heatwave-air-conditioning-heat-pumps-home-cooling-b3009711.html,"Your support helps us to tell the story
From reproductive rights to climate change to Big Tech, The Independent is on the ground when the story is developing. Whether it's investigating the financia… [+5339 chars]",,"Die Heimkühlungslösung, die für Mieter günstiger ist als eine Klimaanlage. Viele Haushalte stellen ihre mit fossilen Brennstoffen betriebenen Heiz- und Kühlsysteme auf elektrisch betriebene Wärmepumpen um",The home cooling solution that is cheaper for renters than air conditioning. Many homes are converting their fossil fuel-powered heating and cooling systems to electric-powered heat pumps,Domum refrigerationis solutio vilior est renters quam condicio aeris. Multae domos convertunt suas fossilias escas powered calefaciendo et refrigerando systemata ad electricum-potestatem caloris soleatus,2026-07-19 11:07:17+00:00
3e31eb19f107de4bc08d079503b6d1f0,2026-07-07T17:09:27Z,'cold snap',bringatrailer.com,en,0.2,2023 Jeep Gladiator Rubicon AEV JT370 Classic,"This 2023 Jeep Gladiator Rubicon was modified by American Expedition Vehicles (AEV) of Wixom, Michigan, with their JT370 Classic package. It includes a ProCal SNAP module for the 3.6-liter V6 as well as the Black Branding Package, a 2.5"" DualSport RT suspensi…",https://bringatrailer.com/listing/2023-jeep-gladiator-aev-jt370/,https://bringatrailer.com/wp-content/uploads/2026/06/2023_jeep_gladiator-aev-jt370_2023_jeep_gladiator-aev-jt370_5b156e07-3437-4cda-8199-79d8b938f33d-tpfm85-32847-32848-scaled.jpg,,"This 2023 Jeep Gladiator Rubicon was modified by American Expedition Vehicles (AEV) of Wixom, Michigan, with their JT370 Classic package. It includes a ProCal SNAP module for the 3.6-liter V6 as well… [+2980 chars]",,"2023 Jeep Gladiator Rubicon AEV JT370 Classic. Dieser 2023 Jeep Gladiator Rubicon wurde von American Expedition Vehicles (AEV) aus Wixom, Michigan, mit ihrem JT370 Classic-Paket modifiziert. Es umfasst ein ProCal SNAP-Modul für den 3,6-Liter-V6 sowie das Black Branding-Paket, ein 2,5-Zoll-DualSport-RT-Fahrwerk…","2023 Jeep Gladiator Rubicon AEV JT370 Classic. This 2023 Jeep Gladiator Rubicon was modified by American Expedition Vehicles (AEV) of Wixom, Michigan, with their JT370 Classic package. It includes a ProCal SNAP module for the 3.6-liter V6 as well as the Black Branding Package, a 2.5"" DualSport RT suspensi…","2023 Jeep Gladiator Rubiconis AEV JT370 Ordo. Hoc 2023 Jeep Gladiator Rubicon ab Expeditione Vehiculorum Americanorum (AEV) Wixom, Michigan, cum sarcina classicorum JT370 mutata est. ProCal SNAP moduli includit pro 3.6 sextario V6 necnon Package notans Niger, a 2.5"" DualSport RT suspensi…",2026-07-19 15:53:45+00:00
7a80604f1edf073cf7235cda42eb69d2,2026-07-05T14:00:40Z,'cold snap',www.cnet.com,en,0.3,Why Every Hot Dog I Make From Now On Is Coming Out of the Air Fryer,The air fryer delivers crispier hot dogs in less time and with dramatically less cleanup than any method involving a grill.,https://www.cnet.com/home/why-every-hot-dog-i-make-from-now-on-is-coming-out-of-the-air-fryer/,https://www.cnet.com/a/img/resize/bd0d531e102a32765a4516f75e70b71775b68e31/hub/2024/07/10/16d91331-800c-492b-87e7-ea83a358f025/screenshot-2024-07-10-at-3-47-59pm.png?auto=webp&fit=crop&height=675&width=1200,http://web.archive.org/web/20260706013931/https://www.cnet.com/home/why-every-hot-dog-i-make-from-now-on-is-coming-out-of-the-air-fryer/,"There's no law that says a hot dog has to come off a grill. What people actually want from a hot dog is a caramelized, slightly snapping casing and a juicy center, and the air fryer gives you both of… [+4096 chars]",,"Warum jeder Hot Dog, den ich von nun an mache, aus der Heißluftfritteuse kommt. Die Heißluftfritteuse liefert knusprigere Hot Dogs in kürzerer Zeit und mit deutlich weniger Reinigungsaufwand als jede Methode mit Grill.",Why Every Hot Dog I Make From Now On Is Coming Out of the Air Fryer. The air fryer delivers crispier hot dogs in less time and with dramatically less cleanup than any method involving a grill.,Quare Omnis canis calidus I Fac Ex Nunc Veniens Ex Air Fryer. Fryer aer crispier canes calidas minus tempore liberat et dramatically minus tersus quam craticulam quavis methodo implicans.,2026-07-19 15:53:45+00:00
d58db04b58a078ca7e0fd137327dbc01,2026-07-06T20:32:51Z,'cold snap',uk.pcmag.com,en,0.3,The Best Instant Cameras for 2026,"Just like the classic Polaroids your parents used, the top modern instant cameras we've tested let you snap an impressive photo and watch it develop in real time.
What Are the Different Instant Film Formats?Understanding the various instant film formats is an…",https://uk.pcmag.com/cameras-1/87796/the-best-instant-cameras,https://sm.pcmag.com/t/pcmag_uk/guide/t/the-best-i/the-best-instant-cameras-for-2026_khb4.1200.jpg,http://web.archive.org/web/20260708114855/https://uk.pcmag.com/cameras-1/87796/the-best-instant-cameras,"Looking for an instant camera? You're not alone. Instant film is as popular today as it has ever been. Fujifilm and Polaroid are still making Instax and I-Type films, along with the cameras to match.… [+6956 chars]",,"Die besten Sofortbildkameras für 2026. Genau wie die klassischen Polaroids, die Ihre Eltern verwendet haben, können Sie mit den modernsten Sofortbildkameras, die wir getestet haben, ein beeindruckendes Foto aufnehmen und in Echtzeit beobachten, wie es entsteht.
Was sind die verschiedenen Sofortbildfilmformate? Das Verständnis der verschiedenen Sofortbildfilmformate ist eine…","The Best Instant Cameras for 2026. Just like the classic Polaroids your parents used, the top modern instant cameras we've tested let you snap an impressive photo and watch it develop in real time.
What Are the Different Instant Film Formats?Understanding the various instant film formats is an…","Optima instantes Cameras pro 2026. Sicut in classicis Polaroides parentibus vestris usi sumus, tecta moderni instantes cameras temptavimus dimitte vos photo infigo disrumpam et in tempore reali eam spectare.
Quae sunt diversae instant film Formata? Intellectus variae instantis pellicularum formarum est…",2026-07-19 15:53:45+00:00
bc5b238e71422a510e0208f0c1a8bfd0,2026-07-07T19:07:00Z,'cold snap',lancasteronline.com,en,0.3,"Storm damage leaves shell-shocked Manheim Twp. residents with huge messes, damaged homes",Brad Stoltzfus noticed the rainstorm was intensifying Saturday before he heard a couple branches hit the roof of his home on Valley Road in the Neffsville area.,https://lancasteronline.com/news/local/storm-damage-leaves-shell-shocked-manheim-twp-residents-with-huge-messes-damaged-homes/article_561c2679-721e-4c57-9562-8f08bb958182.html,https://bloximages.newyork1.vip.townnews.com/lancasteronline.com/content/tncms/assets/v3/editorial/a/fb/afb8558b-e437-450b-b92b-e9249813dbc1/6a4d4220373c7.image.jpg?crop=1662%2C873%2C0%2C187&resize=1200%2C630&order=crop%2Cresize,http://web.archive.org/web/20260711125301/https://lancasteronline.com/news/local/storm-damage-leaves-shell-shocked-manheim-twp-residents-with-huge-messes-damaged-homes/article_561c2679-721e-4c57-9562-8f08bb958182.html,"Brad Stoltzfus noticed the rainstorm was intensifying Saturday before he heard a couple branches hit the roof of his home on Valley Road in the Neffsville area.
Then came a deep snap that wasnt a br… [+4312 chars]",,"Sturmschaden lässt Manheim Twp erschüttert zurück. Bewohner mit riesigen Unordnung, beschädigten Häusern. Brad Stoltzfus bemerkte, dass der Regenschauer am Samstag stärker wurde, bevor er hörte, wie ein paar Äste das Dach seines Hauses in der Valley Road in der Gegend von Neffsville trafen.","Storm damage leaves shell-shocked Manheim Twp. residents with huge messes, damaged homes. Brad Stoltzfus noticed the rainstorm was intensifying Saturday before he heard a couple branches hit the roof of his home on Valley Road in the Neffsville area.",Tempestas damna foliis testaceis consternatus Manheim Twp. habitant magnis convivia laesis fatis. Brad Stoltzfus animadvertit pluviam augere Sabbati antequam audivit duos ramos tectum domus suae in Valle Road in Neffsville area ferire.,2026-07-19 15:53:45+00:00
ccdf4a539a9e5e652a418e5d8c5eb664,2026-07-09T14:54:19Z,'cold snap',crooksandliars.com,en,0.3,"ICE Guns A Father Down In The Street, Notching Another Cold-Blooded Kill In Their Belt","U.S. Immigration and Customs Enforcement has notched another cold-blooded kill into its belt this week after a Mexican immigrant was gunned down in the street like a stray dog in a small Texas neighborhood, leading to reignited protests, calls for investigati…",https://crooksandliars.com/2026/07/ice-guns-man-down-street-notching-another,https://crooksandliars.com/files/mediaposters/2026/07/59376.jpg,http://web.archive.org/web/20260709222129/https://crooksandliars.com/2026/07/ice-guns-man-down-street-notching-another,U.S. Immigration and Customs Enforcement has notched another cold-blooded kill into its belt this week after a Mexican immigrant was gunned down in the street like a stray dog in a small Texas neighb… [+4725 chars],,"ICE erschießt einen Vater auf der Straße und landet dabei einen weiteren kaltblütigen Mord. Die US-Einwanderungs- und Zollbehörde hat diese Woche einen weiteren kaltblütigen Mord begangen, nachdem ein mexikanischer Einwanderer in einem kleinen Viertel in Texas auf der Straße wie ein streunender Hund erschossen wurde, was zu erneuten Protesten führte und Ermittlungen forderte.","ICE Guns A Father Down In The Street, Notching Another Cold-Blooded Kill In Their Belt. U.S. Immigration and Customs Enforcement has notched another cold-blooded kill into its belt this week after a Mexican immigrant was gunned down in the street like a stray dog in a small Texas neighborhood, leading to reignited protests, calls for investigati…","ICE Guns Pater in via, Notching Alius frigidi-sanguinis in balteo interfice. US Immigratio et Consuetudines Exactio notaverunt alium frigidum sanguinolentum in balteo suo occidendum hac septimana postquam Mexicanus immigratus in vicum autocinetus est sicut canis erraticus in vicinia parva Texas, cum ad reclamationem regnandam ducens, investigatos vocat.",2026-07-19 15:53:45+00:00
a497d96845f53d0dc956c7046403b4a7,2026-07-09T16:06:09Z,'cold snap',uk.pcmag.com,en,0.3,I Made It Half a Block Before Giving Up on Sony's $260 Wearable AC,"Sony's Reon Pocket Pro Plus gets surprisingly cold and lasts all day—but wearing it in public is another story.
I test wearables for a living, so I’ve wandered my home city of Chicago with smart glasses on my face, fitness trackers on both wrists, and portabl…",https://uk.pcmag.com/wearables/166090/i-made-it-half-a-block-before-giving-up-on-sonys-260-wearable-ac,https://sm.pcmag.com/t/pcmag_uk/news/i/i-made-it-/i-made-it-half-a-block-before-giving-up-on-sonys-260-wearabl_f817.1200.jpg,,"I test wearables for a living, so Ive wandered my home city of Chicago with smart glasses on my face, fitness trackers on both wrists, and portable fans strapped to my person. I recently hit the stre… [+9290 chars]",,"Ich habe einen halben Block geschafft, bevor ich auf Sonys Wearable AC für 260 US-Dollar verzichtet habe. Das Reon Pocket Pro Plus von Sony wird überraschend kalt und hält den ganzen Tag – aber es in der Öffentlichkeit zu tragen ist eine andere Geschichte.
Ich teste Wearables, um meinen Lebensunterhalt zu verdienen, also bin ich mit einer Datenbrille im Gesicht, Fitness-Trackern an beiden Handgelenken und tragbaren Geräten durch meine Heimatstadt Chicago gewandert …","I Made It Half a Block Before Giving Up on Sony's $260 Wearable AC. Sony's Reon Pocket Pro Plus gets surprisingly cold and lasts all day—but wearing it in public is another story.
I test wearables for a living, so I’ve wandered my home city of Chicago with smart glasses on my face, fitness trackers on both wrists, and portabl…","Dimidium stipitem feci priusquam in Sony $ CCLX Wearable AC dare. Sony's Reon Pocket Pro Plus mirae frigoris accipit et totum diem durat—sed eam in publicum portans alia fabula est.
Testor lassitudines pro vivis, sic erravi domum meam civitatem Chicago cum vitreis captiosis in facie mea, idoneitatem trackers in utroque articulo et portabl…",2026-07-19 15:53:45+00:00
8160e9d8960c4bc20726088430b1d20d,2026-07-09T21:19:35Z,'cold snap',www.athleticsnation.com,en,0.9,Game #93: A’s at Tigers Game Thread,Need to snap this cold spell,https://www.athleticsnation.com/athletics-game-information/107102/game-93-as-at-tigers-game-thread,https://s.yimg.com/ny/api/res/1.2/xZnyhGn9qVPh.Rsi5GBesg--/YXBwaWQ9aGlnaGxhbmRlcjt3PTEyMDA7aD04MDA7Y2Y9d2VicA--/https://media.zenfs.com/en/sb_nation_articles_115/c23b90eb31cb2a8a560e88d3fdc854c3,http://web.archive.org/web/20260709220608/https://www.athleticsnation.com/athletics-game-information/107102/game-93-as-at-tigers-game-thread,"Okay, so the first two games havent gone our way and the club is now riding a 5-game losing streak. That just means its time for a win to get us back in the win column and rolling again. Its time.
T… [+2082 chars]",,Spiel Nr. 93: A’s im Tigers Game Thread. Ich muss diesen Kälteeinbruch beenden,Game #93: A’s at Tigers Game Thread. Need to snap this cold spell,Ludus #93: A est apud Tigres Ludus Thread. Hoc frigus opus disrumpam alica,2026-07-19 15:53:45+00:00
d5ddd5632362664565a47dee1c7ecd4f,2026-07-09T04:13:26Z,'extreme cold',www.lifesciencesworld.com,en,0.3,How do I keep my ferret warm outside in the winter?,"How to Keep Your Ferret Warm Outside in the Winter: A Comprehensive Guide Protecting your furry friend from the cold is crucial! Keeping your ferret warm outside in the winter requires a multi-faceted approach focusing on secure, insulated housing and constan…",https://www.lifesciencesworld.com/how-do-i-keep-my-ferret-warm-outside-in-the-winter/,,,"Protecting your furry friend from the cold is crucial!Keeping your ferret warm outside in the winter requires a multi-faceted approach focusing on secure, insulated housing and constant monitoring fo… [+10208 chars]",,"Wie halte ich mein Frettchen im Winter draußen warm? So halten Sie Ihr Frettchen im Winter draußen warm: Eine umfassende Anleitung Der Schutz Ihres pelzigen Freundes vor der Kälte ist von entscheidender Bedeutung! Um Ihr Frettchen im Winter draußen warm zu halten, ist ein vielschichtiger Ansatz erforderlich, der sich auf eine sichere, isolierte Unterbringung und konstante … konzentriert.","How do I keep my ferret warm outside in the winter?. How to Keep Your Ferret Warm Outside in the Winter: A Comprehensive Guide Protecting your furry friend from the cold is crucial! Keeping your ferret warm outside in the winter requires a multi-faceted approach focusing on secure, insulated housing and constan…","Quomodo hyemem foris ferream meam foveo? How to keep Your Ferret Fove Foris in Hiems: A Comprehensive Guide Defens your furry friend from the cold is crucial! Servans tuum migale calidum foris in hieme requirit multimodam accessum positus in tuto, insulis habitationi et constan…",2026-07-19 20:41:14+00:00
86e73cc58804c2a39bc1e57f96564d56,2026-07-18T14:40:10Z,'cold impacts',bringatrailer.com,en,0.3,2012 Audi S4 6-Speed at No Reserve,"This 2012 Audi S4 Premium Plus remained registered in Florida until it was relocated to North Carolina in 2018, and it was acquired by the current owner in 2019. The car has been modified with revised engine management software, a cold-air intake, yellow fog …",https://bringatrailer.com/listing/2012-audi-s4-43/,https://bringatrailer.com/wp-content/uploads/2026/06/2012_audi_s4_20260712_142850-84535-scaled-1-scaled-copy-2026-07-13-on7-74250.jpg,,"This 2012 Audi S4 Premium Plus remained registered in Florida until it was relocated to North Carolina in 2018, and it was acquired by the current owner in 2019. The car has been modified with revise… [+4345 chars]",,"2012 Audi S4 6-Gang ohne Reserve. Dieser 2012 Audi S4 Premium Plus blieb bis zu seinem Umzug nach North Carolina im Jahr 2018 in Florida zugelassen und wurde 2019 vom jetzigen Besitzer erworben. Das Auto wurde mit einer überarbeiteten Motormanagement-Software, einem Kaltlufteinlass, gelbem Nebel … modifiziert.","2012 Audi S4 6-Speed at No Reserve. This 2012 Audi S4 Premium Plus remained registered in Florida until it was relocated to North Carolina in 2018, and it was acquired by the current owner in 2019. The car has been modified with revised engine management software, a cold-air intake, yellow fog …","2012 Audi S4 6-Mobilitate ad Subsidium No. Hoc MMXII Audi S4 Premium Plus relatus in Florida mansit donec ad Carolinam Septentrionalem anno 2018 relocatum est, et a possessore currenti anno MMXIII acquisita est. Raeda cum programmate instrumenti machinali recognito, attractio aeris frigidi, nebulae flavidae mutata est.",2026-07-20 07:55:07+00:00
600f4e030d1a25ebb593bc498e020f6d,2026-07-19T02:08:55Z,'cold impacts',www.dailymail.com,en,0.3,How healthy dad's common cold ended with a catastrophic stroke just days later - as his shocked wife issues warning to Aussies,A healthy 38-year-old thought he was battling a bad cold before a rare infection spread to his brain and changed his life forever.,https://www.dailymail.com/lifestyle/fitness-wellbeing/article-15975277/Australia-cold-symptoms-stroke-meningitis.html,https://i.dailymail.com/1s/2026/07/16/04/110051363-0-image-m-17_1784174386243.jpg,,"Guilherme Bastos spent days battling what seemed like a bad cold.
The 38-year-old developed flu-like symptoms and migraines that grew steadily worse, prompting him and his partner, Erin, to visit th… [+8672 chars]",,"Wie die Erkältung eines gesunden Vaters nur wenige Tage später mit einem katastrophalen Schlaganfall endete – als seine schockierte Frau die Australier warnte. Ein gesunder 38-Jähriger glaubte, er kämpfe gegen eine schlimme Erkältung, bevor sich eine seltene Infektion auf sein Gehirn ausbreitete und sein Leben für immer veränderte.",How healthy dad's common cold ended with a catastrophic stroke just days later - as his shocked wife issues warning to Aussies. A healthy 38-year-old thought he was battling a bad cold before a rare infection spread to his brain and changed his life forever.,Quam sanum commune frigus patere cum calamitoso ictu mox post dies finivit - ut uxor consternatus moneret Aussies. Sanus XXXVIII annorum putabat se decertantem malum frigus antequam rara contagione in cerebrum diffusa est et vitam suam semper mutavit.,2026-07-20 07:55:07+00:00
3b8d338329bc781b87d37c6545ff74cc,2026-07-19T05:11:04Z,'cold front',kyweathercenter.com,en,0.9,A Severe Threat Before a September Surge,"Good Sunday, everyone. The first of two cold fronts is crossing the region today bringing a few more storms with it. The next front arrives later Tuesday with a round of severe storms with a surge of September coming in behind it. Today’s storms will mainly f…",https://kyweathercenter.com/?p=78182,,,"Good Sunday, everyone. The first of two cold fronts is crossing the region today bringing a few more storms with it. The next front arrives later Tuesday with a round of severe storms with a surge of… [+1592 chars]",,"Eine ernste Bedrohung vor einem Anstieg im September. Schönen Sonntag allerseits. Die erste von zwei Kaltfronten zieht heute durch die Region und bringt einige weitere Stürme mit sich. Die nächste Front kommt später am Dienstag mit einer Reihe schwerer Stürme, gefolgt von einer Septemberwelle. Die heutigen Stürme werden hauptsächlich …","A Severe Threat Before a September Surge. Good Sunday, everyone. The first of two cold fronts is crossing the region today bringing a few more storms with it. The next front arrives later Tuesday with a round of severe storms with a surge of September coming in behind it. Today’s storms will mainly f…","Gravi comminatione Ante Septembris Surge. Dominica bona, omnes. Prima duarum fronterum frigidarum regiones hodie transgrediens, paucas tempestates secum afferens. Proxima frons postea Martis advenit cum gyro gravium tempestatum cum impetu Septembri intrante post eam. Hodie procellae maxime f…",2026-07-20 07:55:07+00:00
9359422eaf4eccf6084e1f4a893c0a80,2026-07-10T19:41:46Z,'extreme cold',www.boredpanda.com,en,0.2,Adult Worker Exposes Disturbing Consequences For The Clients Of Her Most Extreme Service,"“I literally just threw up,” a netizen said.",https://www.boredpanda.com/adult-worker-exposes-horrifying-consequences-for-clients-who-chew-and-swallow-her-poop/,https://static.boredpanda.com/blog/wp-content/uploads/2026/07/fb_image_6a5146fed922a.png,http://web.archive.org/web/20260710211047/https://www.boredpanda.com/adult-worker-exposes-horrifying-consequences-for-clients-who-chew-and-swallow-her-poop/,"The adult entertainment industry has long pushed boundaries, but some practices are so shocking they leave even seasoned audiences stunned.
A creator named Little Goth Bat recently opened up about o… [+4944 chars]",,"Erwachsene Arbeiterin deckt beunruhigende Folgen für die Klienten ihres extremsten Dienstes auf. „Ich habe mich buchstäblich übergeben“, sagte ein Internetnutzer.","Adult Worker Exposes Disturbing Consequences For The Clients Of Her Most Extreme Service. “I literally just threw up,” a netizen said.","Adultus operarius Exposes Disturbing euentui pro clientibus eius maxime Extremae servitii. “I litteram tantum iactantem”, reticulum dixit.",2026-07-20 16:22:00+00:00
03fcbfc11b5e8decf065876ece3d7394,2026-07-06T18:53:10Z,'extreme cold',www.universetoday.com,en,0.3,Andromeda's Newest Dwarf Galaxy is Extremely Dim,"Astronomers have discovered an extremely low-mass and dim dwarf galaxy around Andromeda. Called And 35, it's an Ultra-Faint Dwarf Galaxy (UFDG) and so far, the researchers have detected only 46 of its stars. Lambda-CDM predicts that there should be many UFDGs…",https://www.universetoday.com/articles/andromedas-newest-dwarf-galaxy-is-extremely-dim,https://www.universetoday.com/article_images/A36.original_20260706_164138.jpg,http://web.archive.org/web/20260707090540/https://www.universetoday.com/articles/andromedas-newest-dwarf-galaxy-is-extremely-dim,"Humans have known about Andromeda since they first gazed skyward, because it's visible with the naked eye as a little grey smudge. In written accounts from a millennia ago it was described as a littl… [+6475 chars]",,"Andromedas neueste Zwerggalaxie ist extrem dunkel. Astronomen haben um Andromeda eine extrem massearme und schwache Zwerggalaxie entdeckt. Es heißt And 35 und ist eine Ultra-Faint Dwarf Galaxy (UFDG), von der die Forscher bisher nur 46 Sterne entdeckt haben. Lambda-CDM sagt voraus, dass es viele UFDGs geben sollte…","Andromeda's Newest Dwarf Galaxy is Extremely Dim. Astronomers have discovered an extremely low-mass and dim dwarf galaxy around Andromeda. Called And 35, it's an Ultra-Faint Dwarf Galaxy (UFDG) and so far, the researchers have detected only 46 of its stars. Lambda-CDM predicts that there should be many UFDGs…","Andromedae Novissimae Dwarf Galaxy est Dim valde. Astronomi massam valde humilem et obscurum nana galaxia circa Andromedam invenerunt. Vocatus Et 35, suus Ultra-Faint Dwarf Galaxy (UFDG) et tantum, investigatores tantum 46 stellarum suarum detexerunt. Labda-CDM praedicat multos esse UFDGs…",2026-07-20 16:22:00+00:00
c1453d1b9c5cb2d966cd70226b75c0eb,2026-07-11T13:00:00Z,'extreme cold',grist.org,en,0.3,How to build homes that can survive extreme heat,"As heat waves strain the power grid, passive cooling can help homes stay safer when the air goes out.",https://grist.org/buildings/how-to-build-homes-that-can-survive-extreme-heat/,https://grist.org/wp-content/uploads/2026/07/ApartmentACs.jpg?quality=75&strip=all,http://web.archive.org/web/20260712023506/https://grist.org/buildings/how-to-build-homes-that-can-survive-extreme-heat/,"This story was originally published by Vox and is reproduced here as part of the Climate Desk collaboration.
It was not the postcard-worthy aesthetics that prompted Greek islanders to first drench t… [+13620 chars]",,"Wie man Häuser baut, die extremer Hitze standhalten. Da Hitzewellen das Stromnetz belasten, kann passive Kühlung dazu beitragen, dass Häuser sicherer bleiben, wenn die Luft ausgeht.","How to build homes that can survive extreme heat. As heat waves strain the power grid, passive cooling can help homes stay safer when the air goes out.","Quomodo domos construere queant nimio calore supervivere. Sicut calor fluctus intendere potentiam eget, refrigerationem passivam adiuvare possunt domos tutiores cum aere exit.",2026-07-20 16:22:00+00:00
bf3a1d4d489cef99b2678b39ce52d161,2026-07-13T05:51:06Z,'extreme cold',www.universetoday.com,en,0.3,Watching Dawn and Dusk on a Distant Hot Jupiter,"Astronomers using the James Webb Space Telescope have caught an extreme, tidally locked exoplanet in the act of showing two very different faces at once, a fierce, wind battered hemisphere and a comparatively gentler half. The discovery not only reveals a pla…",https://www.universetoday.com/articles/watching-dawn-and-dusk-on-a-distant-hot-jupiter,https://www.universetoday.com/article_images/opo1731a_20260713_054524.jpg,http://web.archive.org/web/20260714112123/https://www.universetoday.com/articles/watching-dawn-and-dusk-on-a-distant-hot-jupiter,"What would it be like to stand at the boundary between night and day on a planet locked forever facing its star? Astronomers have just found the closest thing yet to an answer, catching the James Web… [+3325 chars]",,"Beobachten Sie die Morgen- und Abenddämmerung auf einem fernen heißen Jupiter. Astronomen haben mit dem James-Webb-Weltraumteleskop einen extremen, von den Gezeiten blockierten Exoplaneten dabei erwischt, wie er gleichzeitig zwei sehr unterschiedliche Gesichter zeigt: eine heftige, vom Wind gepeitschte Hemisphäre und eine vergleichsweise sanftere Hälfte. Die Entdeckung enthüllt nicht nur ein Pla…","Watching Dawn and Dusk on a Distant Hot Jupiter. Astronomers using the James Webb Space Telescope have caught an extreme, tidally locked exoplanet in the act of showing two very different faces at once, a fierce, wind battered hemisphere and a comparatively gentler half. The discovery not only reveals a pla…","Auroram et vespertinam in distantiam Hot Iovis spectans. Astronomi usi Telescopium Spatium Iacobi Webb extremam, optime clausam exoplanetam in actu monstrandi duas simul facies valde diversas, ferocem, ventum hemisphaerium verberatum et dimidium comparative mitiorem. Inventio non solum tabulam manifestat…",2026-07-20 16:22:00+00:00
a3463f13f2cd6262226f121be455b932,2026-07-19T11:00:00Z,'insulation house',ablissfulnest.com,en,0.3,Farmhouse Front Porch Ideas,"If your entryway feels plain or uninviting, these farmhouse front porch ideas can help you create a warmer and more welcoming space with that farmhouse look we all love. Many people search for simple front porch ideas because they want...
The post Farmhouse F…",https://ablissfulnest.com/farmhouse-front-porch-ideas/,https://ablissfulnest.com/wp-content/uploads/2026/06/farmhouse-front-porch-featured-image.jpg,,"If your entryway feels plain or uninviting, these farmhouse front porch ideas can help you create a warmer and more welcoming space with that farmhouse look we all love.
Many people search for simpl… [+15177 chars]",,"Ideen für die Veranda eines Bauernhauses. Wenn sich Ihr Eingangsbereich schlicht oder wenig einladend anfühlt, können Ihnen diese Ideen für die Veranda eines Bauernhauses dabei helfen, einen wärmeren und einladenderen Raum mit dem Bauernhaus-Look zu schaffen, den wir alle lieben. Viele Menschen suchen nach einfachen Ideen für die Veranda, weil sie ...
Der Beitrag Farmhouse F…","Farmhouse Front Porch Ideas. If your entryway feels plain or uninviting, these farmhouse front porch ideas can help you create a warmer and more welcoming space with that farmhouse look we all love. Many people search for simple front porch ideas because they want...
The post Farmhouse F…","Villam Frontem Vestibulum Ideas. Si introitus tuus simplex vel invitum sentit, hae villae ante vestibulum notiones adiuvare possunt ut calidiorem et magis gratam spatium efficias cum illa villa, ecce nos omnes amant. Multi homines quaerunt ideas simplices ante vestibulum ante quod volunt...
Post Farmhouse F…",2026-07-20 21:07:08+00:00
a0ae4d2229920b8fc69f9b6a2a9080f1,2026-07-19T09:03:39Z,'cold front',www.dailymail.com,en,0.8,Celebrity chef Parveen Ashraf speaks out publicly for first time after husband of 38 years shot in cold blood in front of son in Ghana,"Celebrity chef Parveen Ashraf shocked fans this week when she made a surprise return to social media, after around ten months, to share some devastating news.",https://www.dailymail.com/news/article-15985211/Celebrity-chef-Parveen-Ashraf-speaks-publicly-husband-38-years-shot-cold-blood-son-Ghana.html,https://i.dailymail.com/1s/2026/07/17/14/110083915-0-image-m-21_1784295825456.jpg,,"Celebrity chef Parveen Ashraf shocked fans this week when she made a surprise return to social media, after around ten months, to share some devastating news. 
In a tearful video posted to Instagram… [+10132 chars]",,"Der Starkoch Parveen Ashraf äußert sich zum ersten Mal öffentlich, nachdem sein Ehemann, mit dem er 38 Jahre lang verheiratet war, vor den Augen seines Sohnes in Ghana kaltblütig erschossen wurde. Starköchin Parveen Ashraf schockierte diese Woche ihre Fans, als sie nach rund zehn Monaten überraschend in die sozialen Medien zurückkehrte, um verheerende Neuigkeiten zu verbreiten.","Celebrity chef Parveen Ashraf speaks out publicly for first time after husband of 38 years shot in cold blood in front of son in Ghana. Celebrity chef Parveen Ashraf shocked fans this week when she made a surprise return to social media, after around ten months, to share some devastating news.","Celebritas chef Parveen Ashraf publice primum loquitur postquam maritus 38 annorum in frigore sanguinis iecit in Gana filius ante. Celebritas chef Parveen Ashraf hac septimana fans offensa est, cum mirum reditum in instrumentis socialibus, post decem circiter menses, communicare aliquid populationis nuntium fecit.",2026-07-20 21:07:08+00:00
e2f124d326a3f4bc8c18cc1144dc228a,2026-07-05T23:55:29Z,'cold spell',twistedsifter.com,en,0.2,A Customer Ordered a Restaurant Worker to “Smile More.” The Cold Gen Z Stare and Brutal Wage Reality Check That Silenced Him Instantly.,"Some people practically announce they're a bad person.
The post A Customer Ordered a Restaurant Worker to “Smile More.” The Cold Gen Z Stare and Brutal Wage Reality Check That Silenced Him Instantly. appeared first on TwistedSifter.",http://twistedsifter.com/2026/07/a-customer-ordered-a-restaurant-worker-to-smile-more-the-cold-gen-z-stare-and-brutal-wage-reality-check-that-silenced-him-instantly/,https://twistedsifter.com/wp-content/uploads/2026/07/young-male-restaurant-worker-wearing-an-apron.jpg,http://web.archive.org/web/20260707230753/https://twistedsifter.com/2026/07/a-customer-ordered-a-restaurant-worker-to-smile-more-the-cold-gen-z-stare-and-brutal-wage-reality-check-that-silenced-him-instantly/,"Pexels/Reddit
Telling a stranger to “smile more” is one of those phrases that reveals everything you need to know about a person.
Ultimately, the directive is way more about exerting control than i… [+2407 chars]",,"Ein Kunde befahl einem Restaurantangestellten, „mehr zu lächeln“. Der kalte Blick der Generation Z und der brutale Lohn-Realitätscheck, der ihn sofort zum Schweigen brachte. Manche Leute geben praktisch bekannt, dass sie ein schlechter Mensch sind.
Der Beitrag Ein Kunde befahl einem Restaurantangestellten, „mehr zu lächeln“. Der kalte Blick der Generation Z und die brutale Überprüfung der Lohnrealität brachten ihn sofort zum Schweigen. erschien zuerst auf TwistedSifter.","A Customer Ordered a Restaurant Worker to “Smile More.” The Cold Gen Z Stare and Brutal Wage Reality Check That Silenced Him Instantly.. Some people practically announce they're a bad person.
The post A Customer Ordered a Restaurant Worker to “Smile More.” The Cold Gen Z Stare and Brutal Wage Reality Check That Silenced Him Instantly. appeared first on TwistedSifter.","A Customer Restaurant opificem iussit ad ""Magis risus."" Frigidum Gen Z Stare et truculenta merces re vera Reprehendo Quod ei statim obmutuit.. Aliqui fere nuntiant hominem esse malum.
Post A Customer Restaurant opificem iussit ad ""Magis risus."" The Frigid Gen Z Stare and brutal Wage re Reprehendo quod ei statim obmutuit. apparuit primo die TwistedSifter.",2026-07-21 02:11:03+00:00
764956441783b99b681079aa0977eda8,2026-07-16T21:30:16Z,'cold spell',www.mlbtraderumors.com,en,0.3,"Athletics Notes: Deadline, Lopez, Guerra","The Athletics recently went ice cold, a fact acknowledged general manager David Forst today. “Unfortunately, it’s colored a lot by the way we played the past three weeks,” Forst said of the club’s first half, per Martín Gallegos of MLB.com. He said that they …",https://www.mlbtraderumors.com/2026/07/athletics-notes-deadline-lopez-guerra.html,https://cdn.mlbtraderumors.com/files/2025/12/DavidForst-1024x683.jpg,,"The Athletics recently went ice cold, a fact acknowledged general manager David Forst today. “Unfortunately, it’s colored a lot by the way we played the past three weeks,” Forst said of the club’s fi… [+3258 chars]",,"Anmerkungen zur Leichtathletik: Deadline, Lopez, Guerra. Die Leichtathletik war kürzlich eiskalt, eine Tatsache, die General Manager David Forst heute anerkannte. „Leider ist es stark davon beeinflusst, wie wir in den letzten drei Wochen gespielt haben“, sagte Forst über die erste Halbzeit des Vereins, so Martín Gallegos von MLB.com. Er sagte, dass sie …","Athletics Notes: Deadline, Lopez, Guerra. The Athletics recently went ice cold, a fact acknowledged general manager David Forst today. “Unfortunately, it’s colored a lot by the way we played the past three weeks,” Forst said of the club’s first half, per Martín Gallegos of MLB.com. He said that they …","Athletics Notes: Deadline, Lopez, Guerra. Athletici nuper in glaciem frigidum profecti, facto procuratori generalis hodie David Forst recognoverunt. ""Miser, multum coloratus est in via praeterita tres hebdomades lusimus"" Forst dixit de prima medietate clavae per Martin Gallegos MLB.com. Negavit eos …",2026-07-21 02:11:03+00:00
134743117085305e91b987a3e7878455,2026-07-05T02:45:40Z,'cold wave',freerepublic.com,en,0.2,Unprecedented Heat Wave?,"More ignorance from the New York Times: “Without Climate Change, U.S. Heat Wave Called ‘Virtually Impossible.” Heat and humidity as severe, prolonged and far-reaching as this week’s would have been “virtually impossible” in the Northeast and eastern Canada be…",https://freerepublic.com/focus/f-news/4386710/posts,,http://web.archive.org/web/20260706045556/https://freerepublic.com/focus/f-news/4386710/posts,"Skip to comments.
Unprecedented Heat Wave?Powerlineblog ^
 | July 4, 2026
 | John Hinderaker
Posted on 07/04/2026 7:45:40 PM PDT by lasereye
More ignorance from the New York Times: Without Clima… [+4510 chars]",,"Beispiellose Hitzewelle?. Noch mehr Ignoranz von der New York Times: „Ohne Klimawandel wäre die Hitzewelle in den USA praktisch unmöglich.“ So starke, langanhaltende und weitreichende Hitze und Feuchtigkeit wie diese Woche wären im Nordosten und Osten Kanadas „praktisch unmöglich“ gewesen …","Unprecedented Heat Wave?. More ignorance from the New York Times: “Without Climate Change, U.S. Heat Wave Called ‘Virtually Impossible.” Heat and humidity as severe, prolonged and far-reaching as this week’s would have been “virtually impossible” in the Northeast and eastern Canada be…","Inauditus calor unda?. Plus ignorantiae in Novi Eboraci temporibus: ""Sine mutatione climatis, US Caloris Unda appellata 'virtualiter Impossibile est"". Calor et humiditas tam vehemens, diuturna et longinqua sicut haec hebdomade in Canada Orientali et Orientem ""vire impossibilis"" fuisset.",2026-07-21 07:30:54+00:00
feb76d90ba3484ba6cebda21b95027b5,2026-07-13T20:56:54Z,'cold wave',wwd.com,en,0.3,Forecasters See Worst El Niño in 149 Years Mixing Up Retail,"Forecasters predict the strongest El Niño in 149 years, bringing unpredictable weather patterns and mixed impacts on retail and apparel sales.",http://wwd.com/business-news/business-features/el-nino-2023-retail-impact-1239064706/,https://wwd.com/wp-content/uploads/2026/07/Retail-rain.jpg?crop=0px%2C234px%2C2997px%2C1679px&resize=1000%2C563,http://web.archive.org/web/20260713212305/https://wwd.com/business-news/business-features/el-nino-2023-retail-impact-1239064706/,"For many who are caught in, recovering from or trying to avoid the next heatwave, their prayers for rain might well be answered. 
And then some. 
The super hot temperatures in the U.S. and Europe t… [+3632 chars]",,"Prognostiker sehen den schlimmsten El Niño seit 149 Jahren, der den Einzelhandel durcheinander bringt. Meteorologen sagen den stärksten El Niño seit 149 Jahren voraus, der unvorhersehbare Wetterverhältnisse und gemischte Auswirkungen auf Einzelhandels- und Bekleidungsverkäufe mit sich bringen wird.","Forecasters See Worst El Niño in 149 Years Mixing Up Retail. Forecasters predict the strongest El Niño in 149 years, bringing unpredictable weather patterns and mixed impacts on retail and apparel sales.","Vatem Vide Gravissimum El Niño in CXLIX Annos Mixtionem  Retail. Vates fortissimum El Niño anno CXLIX praedicunt, exemplaria tempestatum inaestimabilia afferentes et mixta impacta in venditionibus grossorum et vestium.",2026-07-21 07:30:54+00:00
acff43e03b108ce176aa58ce0be0f860,2026-07-10T23:00:19Z,'insulation house',www.thecut.com,en,0.2,The Man Searching for a Girlfriend After a Thorny Divorce,"Every week, The Cut’s ‘Sex Diaries’ column features a new sex and dating story from an anonymous city dweller. In this edition, a divorced 38-year-old marketing manager reflects on his cheating ex-wife, goes on dates, has sex, and meets a single mom.",http://www.thecut.com/article/new-sex-diaries-story-the-man-searching-for-a-girlfriend-after-divorce.html,https://pyxis.nymag.com/v1/imgs/4d0/81d/14a84a222d91697927b94059e35ed88cab-Diaries-round-10-55-12.1x.rsocial.w1200.jpg,http://web.archive.org/web/20260711023843/https://www.thecut.com/article/new-sex-diaries-story-the-man-searching-for-a-girlfriend-after-divorce.html,"Exciting news: Sex Diaries: Real-Life Stories of Non-monogamy and Polyamory, Alyssa Shelaskys first-ever Sex Diaries book, will be published July 14 by Penguin Random House. The book features all-new… [+11731 chars]",,"Der Mann sucht nach einer schwierigen Scheidung eine Freundin. Jede Woche präsentiert die Kolumne „Sex Diaries“ von The Cut eine neue Sex- und Dating-Geschichte eines anonymen Stadtbewohners. In dieser Ausgabe denkt ein geschiedener 38-jähriger Marketingmanager über seine untreue Ex-Frau nach, geht auf Verabredungen, hat Sex und trifft eine alleinerziehende Mutter.","The Man Searching for a Girlfriend After a Thorny Divorce. Every week, The Cut’s ‘Sex Diaries’ column features a new sex and dating story from an anonymous city dweller. In this edition, a divorced 38-year-old marketing manager reflects on his cheating ex-wife, goes on dates, has sex, and meets a single mom.","Homo quaerens amicam Post Thorny Divortium. Omni septimana, The Cut's 'sex Diaries' columna notat novum sexum et fabulam datorum de habitatore urbis anonymi. In hac editione, divortium 38 annorum venalicium procurator cogitat de uxore ex- fraudata, pergit dies, sexum habet, et mom unum obvium habet.",2026-07-21 11:45:06+00:00
2961dd7887d410e28e4659b094b6a9f0,2026-07-03T21:29:05Z,'cold impacts',www.cbc.ca,en,0.3,"Yukon clinics are embracing AI — too quickly, some say","AI tools have been in use in some Yukon clinics for months— and they’ve become a valuable resource for healthcare providers. But others argue AI has been embraced too quickly, without fully understanding potential impacts on patients.",https://www.cbc.ca/news/canada/north/yukon-clinics-are-embracing-ai-too-quickly-some-say-9.7256365,"https://i.cbc.ca/ais/72dbea4d-33da-4e6b-b0af-53a413ae81b5,1783033288996/full/max/0/default.jpg?im=Crop%2Crect%3D%280%2C160%2C1411%2C793%29%3BResize%3D620",,"Artificial intelligence has been in use in some Yukon clinics for months and according to the territorys health department, theyve already become a valuable resource for health care providers. 
But … [+6203 chars]",,"Yukon-Kliniken setzen auf KI – zu schnell, sagen manche. In einigen Kliniken im Yukon sind KI-Tools seit Monaten im Einsatz – und sie haben sich zu einer wertvollen Ressource für Gesundheitsdienstleister entwickelt. Andere argumentieren jedoch, dass KI zu schnell eingeführt wurde, ohne die möglichen Auswirkungen auf Patienten vollständig zu verstehen.","Yukon clinics are embracing AI — too quickly, some say. AI tools have been in use in some Yukon clinics for months— and they’ve become a valuable resource for healthcare providers. But others argue AI has been embraced too quickly, without fully understanding potential impacts on patients.","Yukon nulla comprehendunt AI - nimis cito, quidam dicunt. AI instrumenta in nonnullis mensibus Yukon clinica in usu fuerunt - et adiumentum validum facti sunt provisoribus sanitatis. Alii vero AI nimis cito amplexum esse contendunt, sine potentialis impactibus patientibus plene cognoscendis.",2026-07-22 02:09:16+00:00
118c08ad440b3e82c3b146562079fd46,2026-07-04T08:07:05Z,'cold impacts',www.lifesciencesworld.com,en,0.3,Are jawless fish cold-blooded?,"Are Jawless Fish Cold-Blooded? Exploring the Thermal Biology of Agnatha Are jawless fish cold-blooded? Yes, jawless fish, like lampreys and hagfish, are considered cold-blooded, more accurately known as ectothermic. Their body temperature is primarily regulat…",https://www.lifesciencesworld.com/are-jawless-fish-cold-blooded/,,,"Are Jawless Fish Cold-Blooded? Exploring the Thermal Biology of Agnatha
Are jawless fish cold-blooded? Yes, jawless fish, like lampreys and hagfish, are considered cold-blooded, more accurately know… [+8403 chars]",,"Sind kieferlose Fische kaltblütig? Sind kieferlose Fische kaltblütig? Erforschung der thermischen Biologie von Agnatha Sind kieferlose Fische kaltblütig? Ja, kieferlose Fische wie Neunaugen und Schleimaale gelten als kaltblütig, genauer gesagt als ektotherm. Ihre Körpertemperatur wird in erster Linie reguliert…","Are jawless fish cold-blooded?. Are Jawless Fish Cold-Blooded? Exploring the Thermal Biology of Agnatha Are jawless fish cold-blooded? Yes, jawless fish, like lampreys and hagfish, are considered cold-blooded, more accurately known as ectothermic. Their body temperature is primarily regulat…","Suntne pisces mandibulae frigidi? Suntne Jawless Piscium Frigidi-Sanguinis? Explorans Thermal Biologiae Agnathae Suntne pisces mandibulae frigidi? Imo, pisces mandibulae, ut murenae et hagfish, habentur frigidi, verius noti ac ectothermici. Eorum corpus temperatura principaliter regularis est…",2026-07-22 02:09:16+00:00
f2a15f7c31503ea94caa9c66d3ff66f6,2026-07-06T18:02:58Z,'cold impacts',www.dailymail.com,en,0.3,Heat health alerts are upgraded to Amber with temperatures set to rise above 30C for TEN days in a row as third heatwave of Britain's summer moves in,"The UK Health Security Agency issued health alerts for the Midlands, eastern and southern parts of the country with 'significant impacts' feared across health and social care services.",https://www.dailymail.com/news/article-15956903/health-alerts-Amber-temperatures-rise-30C-ten-days-row.html,https://i.dailymail.com/1s/2026/07/06/18/109835327-0-image-m-39_1783360516620.jpg,http://web.archive.org/web/20260706230314/https://www.dailymail.com/news/article-15956903/health-alerts-Amber-temperatures-rise-30C-ten-days-row.html,"Temperatures in the UK could climb above 30C for ten days in a row after health alerts were upgraded to amber as Britain braces for its third summer heatwave.
Heat is expected to intensify from the … [+4222 chars]",,"Hitze-Gesundheitswarnungen werden auf Gelb hochgestuft, wobei die Temperaturen ZEHN Tage in Folge über 30 °C steigen werden, da die dritte Hitzewelle des britischen Sommers hereinbricht. Die britische Gesundheitssicherheitsbehörde hat Gesundheitswarnungen für die Midlands sowie die östlichen und südlichen Teile des Landes herausgegeben, wobei „erhebliche Auswirkungen“ für alle Gesundheits- und Sozialdienste befürchtet werden.","Heat health alerts are upgraded to Amber with temperatures set to rise above 30C for TEN days in a row as third heatwave of Britain's summer moves in. The UK Health Security Agency issued health alerts for the Midlands, eastern and southern parts of the country with 'significant impacts' feared across health and social care services.","Calor valetudinis erectus ad Amber upgraded cum temperaturis temperaturis supra 30C ad decem dies in ordine ad tertium aestus aestivalis Britanniae movetur. In UK Salus Securitas Procuratio salutis summis in Medis, in orientalibus et meridionalibus partibus patriae sanitatis cum 'significatibus impactibus', per sanitatis et socialis curas officia metuenda dedit.",2026-07-22 02:09:16+00:00
edb7324bd1752509b8c3aa04494ca179,2026-07-10T09:05:00Z,'cold days climate change',www.the-independent.com,en,0.8,Three gazpacho recipes to get you through the UK heatwave,"As Britain swelters through another heatwave, Hannah Twiggs shares three chilled gazpacho recipes – from roasted vegetables to crab and cherries – that prove cold soup is the smartest thing you can make when it’s too hot to cook",https://www.the-independent.com/life-style/food-and-drink/recipes/gazpacho-recipes-what-to-cook-uk-heatwave-cold-soup-b3011736.html,"https://static.the-independent.com/2026/07/09/8/31/veg-gazpacho.jpeg?trim=0,0,0,0&width=1200&height=800&crop=1200:800",http://web.archive.org/web/20260710195016/https://www.the-independent.com/life-style/food-and-drink/recipes/gazpacho-recipes-what-to-cook-uk-heatwave-cold-soup-b3011736.html,"Your support helps us to tell the story
From reproductive rights to climate change to Big Tech, The Independent is on the ground when the story is developing. Whether it's investigating the financia… [+10235 chars]",,"Drei Gazpacho-Rezepte, die Sie durch die Hitzewelle in Großbritannien bringen. Während in Großbritannien eine weitere Hitzewelle herrscht, verrät Hannah Twiggs drei gekühlte Gazpacho-Rezepte – von geröstetem Gemüse bis hin zu Krabben und Kirschen – die beweisen, dass kalte Suppe das Klügste ist, was man zubereiten kann, wenn es zu heiß zum Kochen ist","Three gazpacho recipes to get you through the UK heatwave. As Britain swelters through another heatwave, Hannah Twiggs shares three chilled gazpacho recipes – from roasted vegetables to crab and cherries – that prove cold soup is the smartest thing you can make when it’s too hot to cook","Tres gazpacho recipes ut te per UK heatwave recipiat. Cum Britannia per alium heatwave erumpit, Anna Twiggs tres gazpacho recipes partes frigidas communicat - ex leguminibus assa cancri et cerasis - quod pulmentum frigidum probare est cultissima res facere potes cum nimium calidum est coquere.",2026-07-22 11:45:03+00:00
87fd6af9bfe4ca882a0d19743aa3b256,2026-07-07T15:04:01Z,'cold wave',theconversation.com,en,0.3,Heatwaves are dangerous but they’re also a useful warning of what needs to change,The hottest days show how poorly prepared our homes and energy systems are for the current climate – and the climate to come.,https://theconversation.com/heatwaves-are-dangerous-but-theyre-also-a-useful-warning-of-what-needs-to-change-287000,https://images.theconversation.com/files/746358/original/file-20260707-57-scb21z.jpg?ixlib=rb-4.1.0&rect=0%2C513%2C4272%2C2136&q=45&auto=format&w=1356&h=668&fit=crop,http://web.archive.org/web/20260708024915/https://theconversation.com/heatwaves-are-dangerous-but-theyre-also-a-useful-warning-of-what-needs-to-change-287000,"As another heatwave reaches the UK, it is worth asking an uncomfortable question: is there any positive side to extreme heat?

The answer is not that heatwaves are good. They are not. They put pressu… [+4369 chars]",,"Hitzewellen sind gefährlich, aber sie sind auch eine nützliche Warnung, was sich ändern muss. Die heißesten Tage zeigen, wie schlecht unsere Häuser und Energiesysteme auf das aktuelle Klima – und das zukünftige Klima – vorbereitet sind.",Heatwaves are dangerous but they’re also a useful warning of what needs to change. The hottest days show how poorly prepared our homes and energy systems are for the current climate – and the climate to come.,"Heatwaves periculosae sunt, sed etiam utiles sunt admonitio rerum quae mutari debent. Calidissimi dies monstrant quam male praeparata nostra domicilia ac systemata navitatis sint pro clima currenti - et ad caelum venturum.",2026-07-22 16:18:07+00:00
2d5329ff8c2c2d545004d15464044643,2026-07-15T17:05:51Z,'cold wave',gothamist.com,en,0.3,NJ has no workplace protections for the heat. A bill to create them is languishing.,Business groups say state Sen. Joe Cryan's bill is redundant with federal recommendations and would be onerously expensive. [ more › ],https://gothamist.com/news/nj-has-no-workplace-protections-for-the-heat-a-bill-to-create-them-is-languishing,https://api-prod.gothamist.com/images/358140/fill-1200x650|format-webp|webpquality-85/,,"Another heat wave is scorching the region this week, but delivery drivers are still moving packages. Construction workers are still on their job sites. Cooks are still in the kitchen. And they are al… [+4971 chars]",,"In New Jersey gibt es keinen Arbeitsplatzschutz gegen Hitze. Ein Gesetzentwurf zu ihrer Schaffung liegt in der Schwebe. Wirtschaftsgruppen sagen, dass der Gesetzentwurf von Senator Joe Cryan mit den Empfehlungen des Bundes übereinstimmt und unverhältnismäßig teuer wäre. [ mehr > ]",NJ has no workplace protections for the heat. A bill to create them is languishing.. Business groups say state Sen. Joe Cryan's bill is redundant with federal recommendations and would be onerously expensive. [ more › ],XJ praesidia calori non habet. Libellum ad creandum languet. Coetus negotiatores dicunt statum Sen. Joe Cryan rogatio redundans cum commendatione foederati et onerose carus esset. [ magis ],2026-07-22 16:18:07+00:00
547e52f262cd1cf7a554cd72172b8014,2026-07-19T01:00:00Z,'cold wave',wattsupwiththat.com,en,0.3,"Parmesan Cheese Is Not Endangered by Climate Change, Reuters","With this story, Reuters is reaching for a political angle rather than accurately portraying the state of Italy’s dairy industry and the threats posed to it by expensive, intermittent wind and solar power.
The post Parmesan Cheese Is Not Endangered by Climate…",https://wattsupwiththat.com/2026/07/18/parmesan-cheese-is-not-endangered-by-climate-change-reuters/,https://i0.wp.com/wattsupwiththat.com/wp-content/uploads/2026/07/zalazaksunca-parmigiano-reggiano-1574183_1920.webp?fit=1024%2C512&quality=75&ssl=1,http://web.archive.org/web/20260719100029/https://wattsupwiththat.com/2026/07/18/parmesan-cheese-is-not-endangered-by-climate-change-reuters/,"From ClimateREALISM
By Linnea Lueken
A photo presentation from Reuters claims that parmesan cheese is threatened by climate change because heat waves are causing declining milk production and more … [+3489 chars]",,"Parmesankäse ist nicht durch den Klimawandel gefährdet, Reuters. Mit dieser Geschichte versucht Reuters, den Zustand der italienischen Milchindustrie und die Bedrohungen, die sie durch die teure, intermittierende Wind- und Solarenergie erfährt, aus einem politischen Blickwinkel darzustellen, anstatt den Zustand der italienischen Milchindustrie genau darzustellen.
Der Beitrag Parmesankäse ist nicht durch das Klima gefährdet…","Parmesan Cheese Is Not Endangered by Climate Change, Reuters. With this story, Reuters is reaching for a political angle rather than accurately portraying the state of Italy’s dairy industry and the threats posed to it by expensive, intermittent wind and solar power.
The post Parmesan Cheese Is Not Endangered by Climate…","Parmesan Caseus Clima Mutatione non periclitatur, Reuters. Hac fabula, Reuters in angulum politicum magis quam accurate exprimens statum industriae Italiae et minas pretiosas, ventos intermittentes et potestatem solarem ei propositas perspicit.
Post Parmesan caseus non periclitatur Clima ...",2026-07-22 16:18:07+00:00
fe093155c5a659a148aff56be40e7726,2026-07-02T18:36:38Z,'colder than usual',blog.europython.eu,en,0.3,EuroPython: EuroPython 2026 Job Opportunities from Our Sponsors,"As EuroPython 2026 approaches and we prepare for another exciting edition, we’d like to thank our community and sponsors for their continued support.

We’re also pleased to share some fantastic job opportunities from our sponsors. Take a look and perhaps you’…",https://blog.europython.eu/europython-2026-job-opportunities-from-our-sponsors/,https://blog.europython.eu/content/images/size/w1200/2026/01/social-card--2--1.png,http://web.archive.org/web/20260708173807/https://blog.europython.eu/europython-2026-job-opportunities-from-our-sponsors/,"As EuroPython 2026 approaches and we prepare for another exciting edition, wed like to thank our community and sponsors for their continued support.
Were also pleased to share some fantastic job opp… [+36212 chars]",,"EuroPython: Stellenangebote für EuroPython 2026 von unseren Sponsoren. Während EuroPython 2026 näher rückt und wir uns auf eine weitere spannende Ausgabe vorbereiten, möchten wir unserer Community und unseren Sponsoren für ihre anhaltende Unterstützung danken.

Wir freuen uns auch, Ihnen einige fantastische Stellenangebote unserer Sponsoren vorzustellen. Werfen Sie einen Blick darauf und vielleicht sind Sie …","EuroPython: EuroPython 2026 Job Opportunities from Our Sponsors. As EuroPython 2026 approaches and we prepare for another exciting edition, we’d like to thank our community and sponsors for their continued support.

We’re also pleased to share some fantastic job opportunities from our sponsors. Take a look and perhaps you’…","EuroPython: EuroPython 2026 Job Opportunitates ex Patrinis Nostris. Cum EuroPython 2026 appropinquat et aliam editionem excitantem paramus, gratias agere volumus nostra communitati et sponsoribus pro eorum continua subsidia.

Etiam officium fantasticum occasiones a sponsoribus nostris communicare dignatus est. Vide et fortasse tu...",2026-07-22 21:01:29+00:00
1c395f698d7a0e4638c1d75addfe77d0,2026-07-08T08:45:00Z,'colder than usual',grist.org,en,0.3,"El Niño is here, and it’s already scrambling fisheries throughout the Pacific","From India to Peru to California, the powerful weather phenomenon is creating winners and losers across the fishing industry.",https://grist.org/economics/el-nino-scrambling-fisheries-throughout-the-pacific/,https://grist.org/wp-content/uploads/2026/07/anchovy-boat.jpg?quality=75&strip=all,http://web.archive.org/web/20260709013458/https://grist.org/economics/el-nino-scrambling-fisheries-throughout-the-pacific/,"Were not even one month into super El Niño, the natural Pacific weather pattern characterized by warmer than average sea surface temperatures, and fisheries around the world are already getting scram… [+6697 chars]",,El Niño ist da und bringt bereits die Fischerei im gesamten Pazifik durcheinander. Von Indien über Peru bis Kalifornien sorgt das gewaltige Wetterphänomen in der gesamten Fischereiindustrie für Gewinner und Verlierer.,"El Niño is here, and it’s already scrambling fisheries throughout the Pacific. From India to Peru to California, the powerful weather phenomenon is creating winners and losers across the fishing industry.","El Niño adest, et piscationes iam in Pacifico ruentes sunt. Ex India ad Peruviam ad Californiam tempestatum potentissimum phaenomenon victores et victos per industriam piscandi creant.",2026-07-22 21:01:29+00:00
1f97bf123f9fa6ef25528fe6bbc943e3,2026-07-13T14:55:13Z,'insulation house',www.globalresearch.ca,en,0.3,The House Never Given Back,"There is a house in Laghouat, at the edge of the Sahara, where I learned what a wall can remember.

To read this article in the following languages, click the Translate Website button below the author’s name.




عربي, Hebrew, українська 







…

The p…",https://www.globalresearch.ca/the-house-never-given-back/5933172,https://www.globalresearch.ca/wp-content/uploads/2026/07/islam-civilization-1024x683.png,http://web.archive.org/web/20260714053224/https://www.globalresearch.ca/the-house-never-given-back/5933172,"There is a house in Laghouat, at the edge of the Sahara, where I learned what a wall can remember.
To read this article in the following languages, click the Translate Website button below the autho… [+35985 chars]",,"Das Haus wurde nie zurückgegeben. In Laghouat, am Rande der Sahara, gibt es ein Haus, in dem ich gelernt habe, woran eine Mauer erinnern kann.

Um diesen Artikel in den folgenden Sprachen zu lesen, klicken Sie auf die Schaltfläche „Website übersetzen“ unter dem Namen des Autors.




عربي, Hebräisch, українська 







…

Die p…","The House Never Given Back. There is a house in Laghouat, at the edge of the Sahara, where I learned what a wall can remember.

To read this article in the following languages, click the Translate Website button below the author’s name.




عربي, Hebrew, українська 







…

The p…","Domus numquam Datum Back. Est domus in Laghouat ad ripam Saharae, ubi didici quid murus recordari possit.

Ad hunc articulum in sequentibus linguis legere, preme conjunctionem Website Translate sub nomine auctoris.




, Hebraice, українська 







...

The p…",2026-07-23 07:29:36+00:00
34e822d87ba6eaed965e6011f62de3ed,2026-07-01T18:45:00Z,'extreme cold',www.bluebirdbanter.com,en,0.3,Canada Day Game Thread,"Happy Canada Day. Maybe we can have a win as a present. I joke about my parents deciding to immigrate to the coldest place on the planet, but Antarctica wasn’t taking immigrants, so they choose second best, Edmonton Alberta. But I’m very happy they made that …",https://www.bluebirdbanter.com/toronto-blue-jays-gamethreads/62629/canada-day-game-thread,https://s.yimg.com/ny/api/res/1.2/F2pfO1cgcGg.ZLCsHkeYHg--/YXBwaWQ9aGlnaGxhbmRlcjt3PTEyMDA7aD04MDA7Y2Y9d2VicA--/https://media.zenfs.com/en/sb_nation_articles_115/052e131e2dd134cae55a991b2ee11d68,http://web.archive.org/web/20260702005551/https://www.bluebirdbanter.com/toronto-blue-jays-gamethreads/62629/canada-day-game-thread,"Happy Canada Day. Maybe we can have a win as a present.
I joke about my parents deciding to immigrate to the coldest place on the planet, but Antarctica wasnt taking immigrants, so they choose secon… [+2108 chars]",,"Spielthread zum Canada Day. Alles Gute zum Kanada-Tag. Vielleicht können wir einen Sieg schenken. Ich scherze darüber, dass meine Eltern beschlossen haben, an den kältesten Ort der Welt auszuwandern, aber die Antarktis nahm keine Einwanderer auf, also wählten sie die zweitbeste Stadt, Edmonton, Alberta. Aber ich bin sehr froh, dass sie das gemacht haben …","Canada Day Game Thread. Happy Canada Day. Maybe we can have a win as a present. I joke about my parents deciding to immigrate to the coldest place on the planet, but Antarctica wasn’t taking immigrants, so they choose second best, Edmonton Alberta. But I’m very happy they made that …","Canada dies Ludus Thread. Felix dies Canadae. Forsitan ut munera vincere possumus. Iocus de parentibus meis statuentibus immigrare in locum frigidissimum in planeta, sed Antarctica immigrantes non capiebat, ideo secundum optimum, Edmonton Alberta eligunt. Sed Curabitur sit amet ipsum id…",2026-07-23 11:48:16+00:00
f07fcf5e1ecd5832890a243cc0031a6f,2026-07-09T18:38:52Z,veryUnusualAndNeverUsedKeyword,insidethemagic.net,en,0.3,VIDEO: Grandma Falls Into Water at Popular Magic Kingdom Ride,"A surprising moment at Magic Kingdom is making the rounds online after a grandmother accidentally fell into the water surrounding Dumbo the Flying Elephant during one of the coldest days of the year. The incident happened on February 1, when unusually chilly …",https://insidethemagic.net/2026/07/video-grandma-falls-into-water-at-popular-magic-kingdom-ride-bwb1/,https://insidethemagic.net/wp-content/uploads/2026/07/cinderella-castle-and-partner-statue-disney-world-magic-kingdom.jpg,http://web.archive.org/web/20260710023111/https://insidethemagic.net/2026/07/video-grandma-falls-into-water-at-popular-magic-kingdom-ride-bwb1/,A surprising moment at Magic Kingdom is making the rounds online after a grandmother accidentally fell into the water surrounding Dumbo the Flying Elephant during one of the coldest days of the year.… [+5540 chars],,"VIDEO: Oma fällt beim beliebten Magic Kingdom Ride ins Wasser. Ein überraschender Moment im Magic Kingdom macht online die Runde, nachdem eine Großmutter an einem der kältesten Tage des Jahres versehentlich in das Wasser um Dumbo, den fliegenden Elefanten, gefallen ist. Der Vorfall ereignete sich am 1. Februar, als es ungewöhnlich kühl war …","VIDEO: Grandma Falls Into Water at Popular Magic Kingdom Ride. A surprising moment at Magic Kingdom is making the rounds online after a grandmother accidentally fell into the water surrounding Dumbo the Flying Elephant during one of the coldest days of the year. The incident happened on February 1, when unusually chilly …","VIDEO: Grandma Falls In Water at Popular Magic Kingdom Ride. Mirum momentum apud Magia Regnum facit gyros in linea post avia accidentaliter in aquam decidit circa Dumbo Elephant Volantis per unum ex frigidissimis diebus anni. Incidit res die 1 mensis Februarii, cum solito frigidi ...",2026-07-23 11:48:16+00:00
d751cbaec99a75ea6d09b2ad4e929acc,2026-07-20T02:20:54Z,'extreme cold',www.lifesciencesworld.com,en,0.3,What happens when a hedgehog gets too cold?,"What Happens When a Hedgehog Gets Too Cold? When a hedgehog’s body temperature drops too low (hypothermia), it enters a state of slowed metabolism and torpor, ultimately leading to organ failure and death if not addressed promptly. Understanding what happens …",https://www.lifesciencesworld.com/what-happens-when-a-hedgehog-gets-too-cold/,,,"What Happens When a Hedgehog Gets Too Cold?
When a hedgehog’s body temperature drops too low (hypothermia), it enters a state of slowed metabolism and torpor, ultimately leading to organ failure and… [+8637 chars]",,"Was passiert, wenn einem Igel zu kalt wird? Was passiert, wenn einem Igel zu kalt wird? Wenn die Körpertemperatur eines Igels zu stark absinkt (Hypothermie), gerät er in einen Zustand verlangsamten Stoffwechsels und Erstarrung, was letztendlich zu Organversagen und zum Tod führt, wenn nicht umgehend dagegen vorgegangen wird. Verstehen, was passiert …","What happens when a hedgehog gets too cold?. What Happens When a Hedgehog Gets Too Cold? When a hedgehog’s body temperature drops too low (hypothermia), it enters a state of slowed metabolism and torpor, ultimately leading to organ failure and death if not addressed promptly. Understanding what happens …","Quid accidit cum ericius nimium friget?. Quid accidit cum ericius accipit Nimis frigidum? Cum corpus hericii corporis temperamentum nimis deprimitur (hypothermia), statum metabolismi et torporis retardati intrat, tandem ducens ad defectum organi et mortem nisi cito compellitur. Intellectus quid accidit ...",2026-07-23 11:48:16+00:00
7c39ef1c6eac8f185359836bfa37b814,2026-07-20T08:54:46Z,'heating system',ahouseinthehills.com,en,0.8,How to Increase Residential Efficiency Before Weather Extremes,Extreme temperatures are stressful for residential heating and cooling equipment. A home is more capable of maintaining a stable temperature when its systems are efficient. Residents who prepare before severe weather occurs can find problems early and ensure …,https://ahouseinthehills.com/how-to-increase-residential-efficiency-before-weather-extremes/,https://ahouseinthehills.com/wp-content/uploads/2026/07/how-to-increase-residential-efficiency-before-weather-extremes.webp,,Extreme temperatures are stressful for residential heating and cooling equipment. A home is more capable of maintaining a stable temperature when its systems are efficient. Residents who prepare befo… [+4020 chars],,"So steigern Sie die Wohneffizienz vor Wetterextremen. Extreme Temperaturen stellen eine Belastung für Heiz- und Kühlgeräte in Wohngebäuden dar. Ein Haus ist besser in der Lage, eine stabile Temperatur aufrechtzuerhalten, wenn seine Systeme effizient sind. Bewohner, die sich vorbereiten, bevor Unwetter auftreten, können Probleme frühzeitig erkennen und sicherstellen, dass …",How to Increase Residential Efficiency Before Weather Extremes. Extreme temperatures are stressful for residential heating and cooling equipment. A home is more capable of maintaining a stable temperature when its systems are efficient. Residents who prepare before severe weather occurs can find problems early and ensure …,Quam augere Residential Efficiency Ante Tempestas Finibus. Extremae temperaturae stressful pro residentialibus calefactionis et refrigerationis instrumento sunt. Domus magis potest conservare temperaturam stabilem cum eius systemata efficient. Residentibus qui praeparant antequam tempestatibus gravibus occurrant difficultates mane invenire et curare...,2026-07-23 11:48:16+00:00
6798c1a5fa3fbeb0107f53bcba71dcbe,2026-07-20T08:55:24Z,'heating system',ahouseinthehills.com,en,0.8,How to Identify Hidden Causes of Poor Indoor Comfort,"Indoor comfort is the result of multiple factors, like temperature, air movement, humidity, insulation and home design. People often assume that discomfort is only the result of an old heating or cooling system but many areas of a home contain hidden issues. …",https://ahouseinthehills.com/how-to-identify-hidden-causes-of-poor-indoor-comfort/,https://ahouseinthehills.com/wp-content/uploads/2026/07/how-to-identify-hidden-causes-of-poor-indoor-comfort.webp,,"Indoor comfort is the result of multiple factors, like temperature, air movement, humidity, insulation and home design. People often assume that discomfort is only the result of an old heating or coo… [+5111 chars]",,"So identifizieren Sie versteckte Ursachen für schlechten Innenraumkomfort. Wohnkomfort ist das Ergebnis mehrerer Faktoren wie Temperatur, Luftbewegung, Luftfeuchtigkeit, Isolierung und Wohndesign. Oft geht man davon aus, dass Unbehagen nur auf ein altes Heiz- oder Kühlsystem zurückzuführen ist, doch in vielen Bereichen eines Hauses gibt es versteckte Probleme. …","How to Identify Hidden Causes of Poor Indoor Comfort. Indoor comfort is the result of multiple factors, like temperature, air movement, humidity, insulation and home design. People often assume that discomfort is only the result of an old heating or cooling system but many areas of a home contain hidden issues. …","Quam ad recognoscendas Causas Pauperum Indoor Comfort occultos. Solatio umbraticis effectus est multiplex factores, sicut temperatus, motus aeris, humiditas, velit et consilium domi. Saepe putant molestiae non nisi ex systemate calefactionis vel refrigerationis veteris, sed multae ambitus domus continentes quaestiones occultas. ...",2026-07-23 11:48:16+00:00
cdaf1e8ca553bac7876d9837ba3f532a,2026-07-03T13:57:00Z,'insulation house',newatlas.com,en,0.3,Charming house built from the bones of its own colonial-era ruin,"Architecture firm Meister Varma has completed a house in Kotagiri, a hill town in India's Nilgiri Mountains, that's held up by the stones of the collapsed colonial-era cottage that once occupied the same plot. It’s called Shilaya, which is from the Sanskrit w…",https://newatlas.com/architecture/shilaya-kotagiri-meister-varma-architects/,https://assets.newatlas.com/dims4/default/b677608/2147483647/strip/true/crop/4217x2214+0+299/resize/1200x630!/quality/85/?url=https%3A%2F%2Fnewatlas-brightspot.s3.amazonaws.com%2Fb3%2F1b%2F17bddbd74315a7aedac25d936f6c%2Fphotographer-syam-sreesylam-1.jpg&na.image_optimisation=0,http://web.archive.org/web/20260704060512/https://newatlas.com/architecture/shilaya-kotagiri-meister-varma-architects/,"Architecture firm Meister Varma has completed a house in Kotagiri, a hill town in India's Nilgiri Mountains, that's held up by the stones of the collapsed colonial-era cottage that once occupied the … [+2830 chars]",,"Charmantes Haus, erbaut aus den Überresten einer Ruine aus der Kolonialzeit. Das Architekturbüro Meister Varma hat in Kotagiri, einer Bergstadt im indischen Nilgiri-Gebirge, ein Haus fertiggestellt, das von den Steinen des eingestürzten Cottages aus der Kolonialzeit getragen wird, das einst auf demselben Grundstück stand. Es heißt Shilaya, was aus dem Sanskrit stammt …","Charming house built from the bones of its own colonial-era ruin. Architecture firm Meister Varma has completed a house in Kotagiri, a hill town in India's Nilgiri Mountains, that's held up by the stones of the collapsed colonial-era cottage that once occupied the same plot. It’s called Shilaya, which is from the Sanskrit w…","Ossa pulcherrima domus suae coloniae aedificata era- ditae sunt. Architectura firma Meister Varma domum in Kotagiri, collis oppido in Montes Nilgiri Indiae confecit, id lapidibus collapsum casale coloniale quod olim eandem machinam occupaverat. Shilaya vocatur, quae a Sanscritica w…",2026-07-24 07:28:36+00:00
4f830d9069b05d15ae0063600551ed9c,2026-07-09T13:41:33Z,'insulation house',newatlas.com,en,0.3,Towable tiny house fits everything you need into 341 sq ft,"Though it only has a modest footprint, this towable tiny house is more practical than you might expect. It squeezes in a pair of bedrooms and an open living area with well-stocked kitchen into a length of just 26 ft (7.9 m).Continue ReadingCategory: Tiny Hous…",https://newatlas.com/tiny-houses/amelia-teacup-tiny-homes/,https://assets.newatlas.com/dims4/default/2eabd1f/2147483647/strip/true/crop/2560x1344+0+108/resize/1200x630!/quality/85/?url=https%3A%2F%2Fnewatlas-brightspot.s3.amazonaws.com%2Fe1%2F36%2Fc77e7a7e409fb8163f2bff87bade%2Famelia-tiny-house8.png&na.image_optimisation=0,http://web.archive.org/web/20260709172450/https://newatlas.com/tiny-houses/amelia-teacup-tiny-homes/,"Though it only has a modest footprint, this towable tiny house is more practical than you might expect. It squeezes in a pair of bedrooms and an open living area with well-stocked kitchen into a leng… [+2102 chars]",,"Das fahrbare Tiny House bietet auf 32 m² Platz für alles, was Sie brauchen. Obwohl es nur eine bescheidene Grundfläche hat, ist dieses fahrbare Tiny House praktischer, als Sie vielleicht erwarten. Es quetscht zwei Schlafzimmer und einen offenen Wohnbereich mit gut ausgestatteter Küche auf einer Länge von nur 26 Fuß (7,9 m) zusammen.WeiterlesenKategorie: Tiny House…","Towable tiny house fits everything you need into 341 sq ft. Though it only has a modest footprint, this towable tiny house is more practical than you might expect. It squeezes in a pair of bedrooms and an open living area with well-stocked kitchen into a length of just 26 ft (7.9 m).Continue ReadingCategory: Tiny Hous…","Towable parva domus omnia aptat quae opus est in 341 sq ft., cum solum modestum vestigium habet, haec toable parva domus utilior est quam speres. Exprimit in duobus cubiculis et in area viva cum bene plena coquina in longitudinem 26 ft (7.9 m). Continue ReadingCategory: Parvus Hous…",2026-07-24 07:28:36+00:00
b8655ddcb0ddb9b59249a1d424a45416,2026-07-10T11:00:00Z,'cold spell',www.thelineofbestfit.com,en,0.3,Bear Stone Festival is a riverside utopia where psychedelic music is the common tongue,"Deep in the Kordun hills, the fifth edition of Bear Stone festival shows that loyalty outranks expansion, with a carefully curated enclave keeping crowds coming back to the riverbanks for communion over commerce.",https://www.thelineofbestfit.com/features/festivals/bear-stone-festival-riverside-utopia-psych-common-tongue,https://cdn.craft.cloud/3747bbfe-07db-499d-aa3d-b239ba21c062/assets/images/BearStone_Day2FOTO-Valerio-Baranovic-146.jpg?fit=cover&format=webp&gravity%5Bx%5D=0.5602&gravity%5By%5D=0.5506&width=1200&s=SK5b0FAQ9QP3McVyTvlipcgX9E9i0oI6_80EfxCvRL0,http://web.archive.org/web/20260715101235/https://www.thelineofbestfit.com/features/festivals/bear-stone-festival-riverside-utopia-psych-common-tongue,"For one weekend a year, Bear Stone Festival creates a waterside oasis for this collective imagination, where its devotees can headbang between the trees, dive in cold water and find community with li… [+6619 chars]",,"Das Bear Stone Festival ist eine Utopie am Flussufer, in der psychedelische Musik die gemeinsame Sprache ist. Tief in den Kordun-Hügeln zeigt die fünfte Ausgabe des Bear Stone-Festivals, dass Loyalität wichtiger ist als Expansion, mit einer sorgfältig kuratierten Enklave, die dafür sorgt, dass Menschenmengen an die Flussufer zurückkehren, um sich über den Handel auszutauschen.","Bear Stone Festival is a riverside utopia where psychedelic music is the common tongue. Deep in the Kordun hills, the fifth edition of Bear Stone festival shows that loyalty outranks expansion, with a carefully curated enclave keeping crowds coming back to the riverbanks for communion over commerce.","Ursus Lapis Festivitas est utopia fluvii ubi musica psychedelica lingua communis est. Altum in montibus Kordun, quinta editio festus Ursi Stone ostendit fidem expansionem praemunire, cum inclave diligenter curato turbas observantes ad ripas ad communionem per commercium redeuntes.",2026-07-24 11:38:54+00:00
13f87b71349c2502aa8c5c92f034fa79,2026-07-13T04:00:00Z,'cold spell',www.irishtimes.com,en,0.3,Ireland weather: Met Éireann forecasts 29 degree temperatures and continued hot spell,Possibility of showers and thunderstorms will increase as week goes on,https://www.irishtimes.com/ireland/2026/07/13/temperatures-of-up-to-29-degrees-forecast-for-coming-days-amid-ongoing-hot-spell/,https://www.irishtimes.com/resizer/v2/S4SI7YJLKBTK4JMKJH5GMFYI7M.jpg?smart=true&auth=e5c12043cad0e75aeae345121b6573cb7ef8b86c4035bde6a90440f3e7e6f563&width=1200&height=630,http://web.archive.org/web/20260714010136/https://www.irishtimes.com/ireland/2026/07/13/temperatures-of-up-to-29-degrees-forecast-for-coming-days-amid-ongoing-hot-spell/,"The hot weather of the past week will continue into the coming days, beginning with another dry and sunny day on Monday with temperatures reaching 29 degrees in Munster and Connacht. 
Temperatures w… [+3197 chars]",,Irland-Wetter: Met Éireann prognostiziert Temperaturen von 29 Grad und eine anhaltende Hitzeperiode. Die Wahrscheinlichkeit von Schauern und Gewittern nimmt im Laufe der Woche zu,Ireland weather: Met Éireann forecasts 29 degree temperatures and continued hot spell. Possibility of showers and thunderstorms will increase as week goes on,Tempestas Hiberniae: Met Éireann forecasts 29 gradus temperaturas et continuas incantationes calidas. Possibilitas imbrium et tonitruum crescet sicut hebdomas pergit,2026-07-24 11:38:54+00:00
2ea544f839bd3a5b69eb99012000dbcc,2026-07-20T12:25:57Z,'cold spell',theconversation.com,en,0.3,How hot does it get in the desert? A climate scientist explains its blazing heat,Death Valley set a record when the temperature reached 134 degrees Fahrenheit. Here’s why deserts can reach such scorching temperatures – and also very cold ones.,https://theconversation.com/how-hot-does-it-get-in-the-desert-a-climate-scientist-explains-its-blazing-heat-284498,https://images.theconversation.com/files/746546/original/file-20260708-57-ycbizs.jpg?ixlib=rb-4.1.1&rect=0%2C614%2C7360%2C3680&q=45&auto=format&w=1356&h=668&fit=crop,http://web.archive.org/web/20260720224648/https://theconversation.com/how-hot-does-it-get-in-the-desert-a-climate-scientist-explains-its-blazing-heat-284498,"Travelers to Death Valley are warned of the extreme heat conditions they may encounter. tobiasjo/iStock via Getty Images Plus


Curious Kids is a series for children of all ages. If you have a quest… [+7727 chars]",,"Wie heiß wird es in der Wüste? Ein Klimaforscher erklärt seine glühende Hitze. Das Death Valley stellte einen Rekord auf, als die Temperatur 134 Grad Fahrenheit erreichte. Hier erfahren Sie, warum Wüsten so sengende Temperaturen erreichen können – und auch sehr kalte.",How hot does it get in the desert? A climate scientist explains its blazing heat. Death Valley set a record when the temperature reached 134 degrees Fahrenheit. Here’s why deserts can reach such scorching temperatures – and also very cold ones.,Quomodo aestus fit in eremo? Climatis physicus exponit calorem flagrantem. Mors vallem recordum posuit cum temperatura 134 gradus Fahrenheit attigit. Hic est cur deserta ad tales ardores - et etiam frigidissimas pervenire possint.,2026-07-24 11:38:54+00:00
d9ceff6b666e50e7e99a9a17b4b3ab47,2026-07-22T03:30:37Z,'colder than usual',spacedaily.com,en,0.3,"The largest waterfall on Earth is hidden beneath the ocean between Greenland and Iceland, where cold water plunges more than three kilometres down the seafloor at 3.5 million cubic metres per second","The ocean's most powerful waterfall moves in silence, invisible to satellites and hidden beneath one of the planet's most turbulent seas.
The post The largest waterfall on Earth is hidden beneath the ocean between Greenland and Iceland, where cold water plung…",https://spacedaily.com/t-largest-waterfall-earth-denmark-strait-underwater/,https://spacedaily.com/wp-content/uploads/2026/07/pexels-denmark-strait-representative-north-atlantic.jpg,http://web.archive.org/web/20260722150430/https://spacedaily.com/t-largest-waterfall-earth-denmark-strait-underwater/,"The surface of the Denmark Strait gives no sign of a three-kilometre drop below. Between Greenland and Iceland, however, cold water from the Nordic Seas crosses an underwater ridge and descends into … [+5046 chars]",,"Der größte Wasserfall der Erde liegt versteckt unter dem Ozean zwischen Grönland und Island, wo kaltes Wasser mit 3,5 Millionen Kubikmetern pro Sekunde mehr als drei Kilometer in den Meeresboden stürzt. Der mächtigste Wasserfall des Ozeans bewegt sich lautlos, unsichtbar für Satelliten und verborgen unter einem der turbulentesten Meere des Planeten.
Der Beitrag Der größte Wasserfall der Erde liegt versteckt unter dem Ozean zwischen Grönland und Island, wo kaltes Wasser in die Tiefe stürzte…","The largest waterfall on Earth is hidden beneath the ocean between Greenland and Iceland, where cold water plunges more than three kilometres down the seafloor at 3.5 million cubic metres per second. The ocean's most powerful waterfall moves in silence, invisible to satellites and hidden beneath one of the planet's most turbulent seas.
The post The largest waterfall on Earth is hidden beneath the ocean between Greenland and Iceland, where cold water plung…","Maxima cataracta in Terra latet sub oceano inter Groenlandiam et Islandiam, ubi aqua frigida plus quam tres chiliometra descendit in area maris in 3.5 miliones metrorum cubicorum in secundo. Potentissima cataracta Oceani tacitus movetur, satellitibus invisibilibus et sub uno planetae turbulentissimis mariis absconditis.
Postes Maxima cataracta in Terra latet sub oceano inter Groenlandiam et Islandiam, ubi aqua frigida mergitur.",2026-07-24 16:34:41+00:00
7bf0391dedb8181edf553a2907ccfdd0,2026-07-21T19:30:57Z,'cold impacts',spacedaily.com,en,0.3,"Temperatures on Mercury’s sunlit surface can reach 430 degrees Celsius—yet inside polar craters where sunlight has never fallen, spacecraft have found evidence of ancient water ice","The scorching planet closest to the Sun harbors one of the solar system's coldest secrets—vast deposits of ancient ice locked in shadows that have never seen daylight.
The post Temperatures on Mercury’s sunlit surface can reach 430 degrees Celsius—yet inside …",https://spacedaily.com/t-temperatures-on-mercury-s-sunlit-surface-can-reach-430-degrees-celsius-yet-inside-polar-craters-where-sunlight-has-never-fallen-spacecraft-have-found-evidence-of-ancient-water-ice/,https://spacedaily.com/wp-content/uploads/2026/07/spacedaily_mercury_hot_and_cold_pia19247-1024x776.jpg,http://web.archive.org/web/20260721231013/https://spacedaily.com/t-temperatures-on-mercury-s-sunlit-surface-can-reach-430-degrees-celsius-yet-inside-polar-craters-where-sunlight-has-never-fallen-spacecraft-have-found-evidence-of-ancient-water-ice/,"Mercury is the planet that seems least entitled to keep ice.
It circles closest to the Sun. Its daytime surface can become hot enough to melt lead. It has no thick atmosphere to soften the thermal s… [+6602 chars]",,"Die Temperaturen auf der sonnenbeschienenen Oberfläche des Merkur können 430 Grad Celsius erreichen – doch in Polarkratern, in die nie Sonnenlicht gefallen ist, haben Raumsonden Hinweise auf uraltes Wassereis gefunden. Der glühend heiße Planet, der der Sonne am nächsten liegt, birgt eines der kältesten Geheimnisse des Sonnensystems – riesige Ablagerungen uralten Eises, eingeschlossen in Schatten, die noch nie Tageslicht gesehen haben.
Die Temperaturen auf der sonnenbeschienenen Oberfläche des Merkur können 430 Grad Celsius erreichen – doch im Inneren …","Temperatures on Mercury’s sunlit surface can reach 430 degrees Celsius—yet inside polar craters where sunlight has never fallen, spacecraft have found evidence of ancient water ice. The scorching planet closest to the Sun harbors one of the solar system's coldest secrets—vast deposits of ancient ice locked in shadows that have never seen daylight.
The post Temperatures on Mercury’s sunlit surface can reach 430 degrees Celsius—yet inside …","Temperaturae in superficie Mercurii in solis 430 gradus Celsius pervenire possunt - tamen intra crateres polares ubi sol numquam cecidit, navicularum indicia glaciei aquae antiquae invenerunt. Planeta inusta proxima Soli portus unum ex secretis frigidissimis systematis solaris - magna deposita glaciei antiquae clausae in umbris quae lucem numquam viderunt.
Post temperaturas super superficiem solis Mercurius 430 gradus Celsius attingere potest, intus tamen …",2026-07-24 20:58:00+00:00
0fe17ba5dba7f663031eb17768fcd3d6,2026-07-23T20:30:03Z,'cold impacts',spacedaily.com,en,0.3,"Jupiter’s moon Io is the most volcanically active body in the solar system, with hundreds of active volcanoes that can shoot sulphur plumes more than 500 kilometres above its surface — a landscape so extreme that early Voyager scientists initially mistook the plume images for camera errors","The solar system's most violent world was hiding in plain sight, its apocalyptic surface mistaken for instrument failure until scientists realized they were witnessing something unprecedented.
The post Jupiter’s moon Io is the most volcanically active body in…",https://spacedaily.com/t-jupiters-moon-io-is-the-most-volcanically-active-body-in-the-solar-system-with-hundreds-of-active-volcanoes-that-can-shoot-sulphur-plumes-more-than-500-kilometres-above-its-surface-a-la/,https://spacedaily.com/wp-content/uploads/2026/07/nasa-junocam-io-prometheus-plume.jpg,http://web.archive.org/web/20260724002725/https://spacedaily.com/t-jupiters-moon-io-is-the-most-volcanically-active-body-in-the-solar-system-with-hundreds-of-active-volcanoes-that-can-shoot-sulphur-plumes-more-than-500-kilometres-above-its-surface-a-la/,"When Voyager 1 flew past Jupiter in March 1979, scientists expected its moon Io to be cold, battered and geologically quiet. Instead, the spacecraft photographed a world with no obvious impact crater… [+5265 chars]",,"Der Jupitermond Io ist der vulkanisch aktivste Körper im Sonnensystem, mit Hunderten von aktiven Vulkanen, die mehr als 500 Kilometer über seiner Oberfläche Schwefelwolken ausstoßen können – eine Landschaft, die so extrem ist, dass frühe Voyager-Wissenschaftler die Bilder der Wolkenwolken zunächst mit Kamerafehlern verwechselten. Die gewalttätigste Welt des Sonnensystems versteckte sich vor aller Augen, ihre apokalyptische Oberfläche wurde fälschlicherweise für einen Instrumentenausfall gehalten, bis den Wissenschaftlern klar wurde, dass sie Zeuge von etwas Beispiellosem waren.
Der Nachjupitermond Io ist der vulkanisch aktivste Körper in…","Jupiter’s moon Io is the most volcanically active body in the solar system, with hundreds of active volcanoes that can shoot sulphur plumes more than 500 kilometres above its surface — a landscape so extreme that early Voyager scientists initially mistook the plume images for camera errors. The solar system's most violent world was hiding in plain sight, its apocalyptic surface mistaken for instrument failure until scientists realized they were witnessing something unprecedented.
The post Jupiter’s moon Io is the most volcanically active body in…","Luna Iovis Io corpus acerrimum in mundo solari est, cum centenis vulcanorum activis quae sulpure coma plus quam 500 chiliometrorum supra suam superficiem mittere possunt — campus adeo extremus est ut veteres Voyager phisicis initio plumas imagines errorum camerarum fefellerunt. Systema violentissimum mundi solaris in manifesto conspectu latebat, eius superficies apocalypticis defectum instrumenti fefellit donec docti intellexerunt se aliquid inauditum videre.
Post lunam Iovis Io corpus est acerrimum in…",2026-07-24 20:58:00+00:00
d380a3d22738e805e9f41b395711f627,2026-07-23T04:31:34Z,'cold snap',www.lifesciencesworld.com,en,0.3,Do deer eat when its cold?,"Do Deer Eat When It’s Cold? Understanding Winter Deer Diets Yes, deer absolutely eat when it’s cold! While their diet and feeding habits change significantly, survival depends on finding and consuming enough food to endure harsh winter conditions. Introductio…",https://www.lifesciencesworld.com/do-deer-eat-when-its-cold/,,,"Yes, deerabsolutelyeat when it’s cold! While their diet and feeding habits change significantly, survival depends on finding and consuming enough food to endure harsh winter conditions.
Introduction… [+7389 chars]",,"Fressen Hirsche, wenn es kalt ist? Fressen Hirsche, wenn es kalt ist? Grundlegendes zur Ernährung von Hirschen im Winter Ja, Hirsche fressen unbedingt, wenn es kalt ist! Während sich ihre Ernährungs- und Ernährungsgewohnheiten erheblich ändern, hängt ihr Überleben davon ab, genügend Nahrung zu finden und zu sich zu nehmen, um den harten Winterbedingungen standzuhalten. Einführung…","Do deer eat when its cold?. Do Deer Eat When It’s Cold? Understanding Winter Deer Diets Yes, deer absolutely eat when it’s cold! While their diet and feeding habits change significantly, survival depends on finding and consuming enough food to endure harsh winter conditions. Introductio…","Cervi edunt cum frigore ?. Do Deer Comedite quando Frigus est? Intelligentes Winteri Deer Diets Ita, cervi absolute edunt cum frigus est! Dum eorum victus et pascendi mores significanter mutant, salvos dependet inveniendi et consumendi satis cibi duram hiemem tolerandi condiciones. Introductio…",2026-07-25 02:11:10+00:00
aab366d76c56921493a03d9a41eb91fa,2026-07-23T11:50:15Z,'colder than usual',economictimes.indiatimes.com,en,0.3,"In 1966, the U.S. Army drilled through 1.4 km of Greenland ice; decades later, forgotten soil from the core revealed preserved leaves and twigs",A forgotten Greenland soil sample from 1966 revealed ancient plant remains. This discovery showed the area was once ice-free and vegetated. Scientists used advanced dating methods to determine the timeline. The findings suggest the Greenland ice sheet is not …,https://economictimes.indiatimes.com/news/international/us/in-1966-the-u-s-army-drilled-through-1-4-km-of-greenland-ice-decades-later-forgotten-soil-from-the-core-revealed-preserved-leaves-and-twigs/articleshow/132579555.cms,"https://img.etimg.com/thumb/msid-132579774,width-1200,height-630,imgsize-1411425,overlay-economictimes/articleshow.jpg",http://web.archive.org/web/20260723182551/https://economictimes.indiatimes.com/news/international/us/in-1966-the-u-s-army-drilled-through-1-4-km-of-greenland-ice-decades-later-forgotten-soil-from-the-core-revealed-preserved-leaves-and-twigs/articleshow/132579555.cms,Sometimes the most important scientific discoveries arent made in a lab. They are made in a long-forgotten box that sat in a freezer for more than 50 years.And thats what happened with a tube of froz… [+4723 chars],,"Im Jahr 1966 bohrte die US-Armee 1,4 km durch grönländisches Eis; Jahrzehnte später brachte vergessener Boden aus dem Kern konservierte Blätter und Zweige zum Vorschein. Eine vergessene Bodenprobe aus Grönland aus dem Jahr 1966 enthüllte antike Pflanzenreste. Diese Entdeckung zeigte, dass das Gebiet einst eisfrei und bewachsen war. Wissenschaftler nutzten fortschrittliche Datierungsmethoden, um die Zeitachse zu bestimmen. Die Ergebnisse deuten darauf hin, dass der grönländische Eisschild nicht …","In 1966, the U.S. Army drilled through 1.4 km of Greenland ice; decades later, forgotten soil from the core revealed preserved leaves and twigs. A forgotten Greenland soil sample from 1966 revealed ancient plant remains. This discovery showed the area was once ice-free and vegetated. Scientists used advanced dating methods to determine the timeline. The findings suggest the Greenland ice sheet is not …","In 1966, Exercitus Americae 1.4 km per glaciem Groenlandiae terebratum est; postea decenniis, solo oblitus e coro revelatis foliis et sarmentis servavit. Oblita Groenlandiae soli specimen ab anno 1966 plantae antiquae revelatae restat. Inventio haec ostendit aream olim glaciem liberam et uegetatam fuisse. Scientistae methodi notandi progressae adhibitae ad tempus determinandum. Inventa suadeant in Groenlandiae glaciali sheet non est ...",2026-07-25 07:12:23+00:00
69302fa45b4a8714bca65b1c45250894,2026-07-23T14:00:00Z,'colder than usual',journals.plos.org,en,0.3,Trait-based prediction of disease-vector mosquito invasion potential,"Author summary Mosquito-borne diseases threaten more than half of the world’s population and cause over 700,000 deaths each year. Although only a small proportion of mosquito species can transmit these diseases, human activities such as trade and travel are i…",https://journals.plos.org/plosntds/article?id=10.1371/journal.pntd.0014538,https://journals.plos.org/plosntds/article/figure/image?id=10.1371/journal.pntd.0014538.g004&size=inline,,"1. Introduction
Mosquito-borne diseases are a major threat to global public health, causing more than 700,000 deaths annually and placing over half of the worlds population at risk of infection [1].… [+44149 chars]",,"Merkmalsbasierte Vorhersage des Invasionspotenzials von Krankheitsüberträgern durch Mücken. Zusammenfassung des Autors Durch Mücken übertragene Krankheiten bedrohen mehr als die Hälfte der Weltbevölkerung und verursachen jedes Jahr über 700.000 Todesfälle. Obwohl nur ein kleiner Teil der Mückenarten diese Krankheiten übertragen kann, sind menschliche Aktivitäten wie Handel und Reisen von Bedeutung.","Trait-based prediction of disease-vector mosquito invasion potential. Author summary Mosquito-borne diseases threaten more than half of the world’s population and cause over 700,000 deaths each year. Although only a small proportion of mosquito species can transmit these diseases, human activities such as trade and travel are i…","Praedictio substructio trait-vector CULEX incursio potential morbi. Auctor summatim Morbos Mosquito-feros plus quam dimidium incolarum mundi imminere et mortes quotannis 700,000 permovere. Etsi parva tantum proportio speciei CULEX species hos morbos transmittere potest, actiones humanae sicut commercia et peregrinationes sunt i…",2026-07-25 07:12:23+00:00
bba477878162769d4f18178c714820bd,2026-07-23T15:01:35Z,'colder than usual',www.dailymail.com,en,0.3,US hits grim measles milestone as uncontrolled outbreaks in multiple states fuel record numbers,"The US is seeing its worst measles outbreak in more than three decades, with cases already exceeding last year's record total and raising fresh concerns about the nation's elimination status.",https://www.dailymail.com/health/article-15997317/us-measles-outbreak-record-kennedy-texas.html,https://i.dailymail.com/1s/2026/07/22/20/109624705-0-Measles_causes_a_distinctive_rash_In_severe_cases_it_can_also_le-a-18_1784749337073.jpg,,"The US is seeing its worst measles outbreak in more than three decades, with cases already exceeding last year's record total and raising fresh concerns about the nation's elimination status.
Measle… [+4979 chars]",,"Die USA erreichen einen düsteren Masern-Meilenstein, da unkontrollierte Ausbrüche in mehreren Bundesstaaten zu Rekordzahlen führen. Die USA erleben den schlimmsten Masernausbruch seit mehr als drei Jahrzehnten, wobei die Zahl der Fälle bereits die Rekordzahl des letzten Jahres übersteigt und neue Bedenken hinsichtlich des Eliminierungsstatus des Landes aufkommen lässt.","US hits grim measles milestone as uncontrolled outbreaks in multiple states fuel record numbers. The US is seeing its worst measles outbreak in more than three decades, with cases already exceeding last year's record total and raising fresh concerns about the nation's elimination status.","US miliarium truci massas ferit ut tumultus immoderatae in multis civitatibus fuel record numerorum sunt. US brasilias pessimas in plus quam tribus decenniis vidit, cum casus iam excedentes censum anni summam et novas curas de statu eliminationis nationis videbat.",2026-07-25 07:12:23+00:00
da4ab7c485d5752ddde5ad1a0c4b5509,2026-07-23T16:10:35Z,'colder than usual',www.kpbs.org,en,0.3,How to weather San Diego County's increasing extreme heat,San Diegans are experiencing more dangerously hot days than they are used to. Heat has a real impact on health and finances. KPBS breaks down those numbers and looks at how to minimize the risk while keeping loved ones safe.,https://www.kpbs.org/news/economy/2026/07/23/how-to-weather-san-diego-countys-increasing-extreme-heat,https://cdn.kpbs.org/dims4/default/ad3980d/2147483647/strip/true/crop/3840x2016+0+72/resize/1200x630!/quality/90/?url=http%3A%2F%2Fkpbs-brightspot.s3.us-west-2.amazonaws.com%2Fimg%2Fphotos%2F2018%2F07%2F30%2FSun_heat.jpg,http://web.archive.org/web/20260723221124/https://www.kpbs.org/news/economy/2026/07/23/how-to-weather-san-diego-countys-increasing-extreme-heat,"According to a 2024
 report analyzing the costs and benefits of San Diego Countys Climate Action Plan (CAP), residents in the region are now experiencing six dangerously hot days each year compared … [+11720 chars]",,"Wie man die zunehmende extreme Hitze im San Diego County übersteht. Die Einwohner von San Diego erleben gefährlich heiße Tage als sie es gewohnt sind. Hitze hat erhebliche Auswirkungen auf Gesundheit und Finanzen. KPBS schlüsselt diese Zahlen auf und untersucht, wie sich das Risiko minimieren und gleichzeitig die Sicherheit der Angehörigen gewährleisten lässt.",How to weather San Diego County's increasing extreme heat. San Diegans are experiencing more dangerously hot days than they are used to. Heat has a real impact on health and finances. KPBS breaks down those numbers and looks at how to minimize the risk while keeping loved ones safe.,Quomodo tempestates San Diego comitatus nimio calore augetur. San Diegans periculosius dies calidi experiuntur quam adhibentur. Calor realem labefactum in sanitate et pecuniae habet. KPBS illos numeros frangit et videt quomodo periculum minuat dum suos salvos retinet.,2026-07-25 07:12:23+00:00
31a3c95c59d9d39dc478de9f5f42a013,2026-07-23T17:30:43Z,'colder than usual',spacedaily.com,en,0.3,"Later this decade NASA plans to launch Dragonfly, a car-sized nuclear-powered drone that will fly from site to site across Saturn’s moon Titan – the only world besides Earth with rivers, lakes and rain, though there the rain is liquid methane","A nuclear-powered drone will soon become the first aircraft to explore an alien world, searching Titan's methane seas and organic-rich dunes for signs that life might exist in the most unexpected place in our solar system.
The post Later this decade NASA plan…",https://spacedaily.com/m-later-this-decade-nasa-plans-to-launch-dragonfly-a-car-sized-nuclear-powered-drone-that-will-fly-from-site-to-site-across-saturns-moon-titan-the-only-world-besides-earth-with-rivers-lakes-and-rai/,https://spacedaily.com/wp-content/uploads/2026/07/Untitled-design-2026-07-23T205154.282.png,http://web.archive.org/web/20260723221442/https://spacedaily.com/m-later-this-decade-nasa-plans-to-launch-dragonfly-a-car-sized-nuclear-powered-drone-that-will-fly-from-site-to-site-across-saturns-moon-titan-the-only-world-besides-earth-with-rivers-lakes-and-rai/,"Picture a car-sized machine sitting on an orange, frozen plain. It powers up eight rotors, rises into a hazy sky and flies to a place no spacecraft has ever touched. After landing, it drills into the… [+5130 chars]",,"Später in diesem Jahrzehnt plant die NASA den Start von Dragonfly, einer autogroßen, atomgetriebenen Drohne, die von Ort zu Ort über den Saturnmond Titan fliegen wird – die einzige Welt neben der Erde, auf der es Flüsse, Seen und Regen gibt, obwohl der Regen dort flüssiges Methan ist. Eine nuklearbetriebene Drohne wird bald das erste Flugzeug sein, das eine fremde Welt erkundet und die Methanmeere und organisch reichen Dünen des Titanen nach Anzeichen dafür durchsucht, dass am unerwartetsten Ort unseres Sonnensystems Leben existieren könnte.
Der Beitrag: Später in diesem Jahrzehnt plant die NASA…","Later this decade NASA plans to launch Dragonfly, a car-sized nuclear-powered drone that will fly from site to site across Saturn’s moon Titan – the only world besides Earth with rivers, lakes and rain, though there the rain is liquid methane. A nuclear-powered drone will soon become the first aircraft to explore an alien world, searching Titan's methane seas and organic-rich dunes for signs that life might exist in the most unexpected place in our solar system.
The post Later this decade NASA plan…","Post hoc decennium NASA cogitat Dragonfly, car-sized nuclei potentiae fuci, quae e situ ad situs lunae Saturni trans Titan volabit - unicus mundus praeter Terram cum fluminibus, lacubus et pluviis, quamquam illic pluvia methana liquida est. Fucus nuclei validus mox primum fiet aircraft ad explorandum mundum alienum, quaerens maria Titania et dunes organicos et signa quae vita in inopinatissimo loco in nostro mundo solari potest existere.
Post haec decennium NASA consilium…",2026-07-25 07:12:23+00:00
131d908dd26d1fd0b2f40429bc280306,2026-07-24T02:56:07Z,'colder than usual',www.lifesciencesworld.com,en,0.3,What home do hedgehogs live in?,"What Home Do Hedgehogs Live In? Unveiling the Spiky Tenants’ Habitats Hedgehogs primarily live in nests, also known as hibernacula during winter, which are usually found in areas offering ample cover like hedgerows, woodland edges, and gardens. These natural …",https://www.lifesciencesworld.com/what-home-do-hedgehogs-live-in/,,,"What Home Do Hedgehogs Live In? Unveiling the Spiky Tenants’ Habitats
Hedgehogs primarily live in nests, also known as hibernacula during winter, which are usually found in areas offering ample cove… [+8581 chars]",,"In welchem ​​Zuhause leben Igel? In welchem ​​Zuhause leben Igel? Enthüllung der Habitate der stacheligen Mieter Igel leben hauptsächlich in Nestern, die im Winter auch als Hibernacula bezeichnet werden und sich normalerweise in Gebieten mit reichlich Deckung wie Hecken, Waldrändern und Gärten befinden. Diese natürlichen …","What home do hedgehogs live in?. What Home Do Hedgehogs Live In? Unveiling the Spiky Tenants’ Habitats Hedgehogs primarily live in nests, also known as hibernacula during winter, which are usually found in areas offering ample cover like hedgerows, woodland edges, and gardens. These natural …","Quam domum ericius habitant in ?. Quid Domus Do Hedgehogs live In? Spiky Tenantes detegentes' Habitats Hedgehogs praesertim in nidis vivunt, etiam hibernacula per hiemem notae, quae plerumque inveniuntur in locis amplum operculum sicut sepes, margines silvae, horti. Haec naturalia...",2026-07-25 07:12:23+00:00
10eca89476a874937edd070f557f1930,2026-07-24T04:42:31Z,'colder than usual',www.lifesciencesworld.com,en,0.3,Can any bird fly higher than an eagle?,"Can Any Bird Fly Higher Than An Eagle? The Secrets of Avian Altitude No, the eagle, while impressive, is not the highest-flying bird. While eagles are formidable fliers reaching significant altitudes, certain birds, specifically the Rüppell’s griffon vulture,…",https://www.lifesciencesworld.com/can-any-bird-fly-higher-than-an-eagle/,,,"No, the eagle, while impressive, is not the highest-flying bird. While eagles are formidable fliers reaching significant altitudes, certain birds, specifically the Rüppell’s griffon vulture, have bee… [+8703 chars]",,"Kann ein Vogel höher fliegen als ein Adler? Kann ein Vogel höher fliegen als ein Adler? Die Geheimnisse der Vogelhöhe Nein, der Adler ist zwar beeindruckend, aber nicht der am höchsten fliegende Vogel. Während Adler beeindruckende Flieger sind, die beträchtliche Höhen erreichen, sind bestimmte Vögel, insbesondere der Rüppell-Gänsegeier,…","Can any bird fly higher than an eagle?. Can Any Bird Fly Higher Than An Eagle? The Secrets of Avian Altitude No, the eagle, while impressive, is not the highest-flying bird. While eagles are formidable fliers reaching significant altitudes, certain birds, specifically the Rüppell’s griffon vulture,…","Potestne aliqua avis altior volare quam aquila? Numquid avis vola altior est quam aquila? Secreta Altitudinis Avian. Non, aquila, dum infigo, summa volatilis avis non est. Dum aquilae volatilia formidolosae sunt altitu- dines significantes attingunt, quaedam aves, specie Rüppell's griffon vultur,…",2026-07-25 07:12:23+00:00
862d000ef8767ca398e69858b8a6ce09,2026-07-23T14:23:00Z,'cold front',www.prnewswire.com,en,0.7,Rapid Relief Team Supports New Jersey Law Enforcement During Historic FIFA World Cup Matches,"160 RRT volunteers donate 1,526 hours to serve NJ law enforcement during eight matches in one of the region's largest-ever police operations Served 9,200 meals, distributed 2,000 Frontline Support Packs, and provided thousands of coffees, cold drinks, and ref…",https://www.prnewswire.com/news-releases/rapid-relief-team-supports-new-jersey-law-enforcement-during-historic-fifa-world-cup-matches-302833412.html,https://mmx.prnewswire.com/media/MS1898862/6Q1A1089.jpg?id=OA2781696&p=facebook,http://web.archive.org/web/20260724040526/https://www.prnewswire.com/news-releases/rapid-relief-team-supports-new-jersey-law-enforcement-during-historic-fifa-world-cup-matches-302833412.html,"160 RRT volunteers donate 1,526 hours to serve NJ law enforcement during eight matches in one of the region's largest-ever police operations
Served 9,200 meals, distributed 2,000 Frontline Support P… [+3178 chars]",,"Das Rapid Relief Team unterstützt die Strafverfolgung in New Jersey bei historischen Spielen der FIFA-Weltmeisterschaft. 160 RRT-Freiwillige spenden 1.526 Stunden, um die Strafverfolgungsbehörden von New Jersey während acht Spielen in einem der größten Polizeieinsätze der Region zu unterstützen. Sie servierten 9.200 Mahlzeiten, verteilten 2.000 Frontline Support Packs und stellten Tausende von Kaffee, kalten Getränken und Erfrischungen zur Verfügung.","Rapid Relief Team Supports New Jersey Law Enforcement During Historic FIFA World Cup Matches. 160 RRT volunteers donate 1,526 hours to serve NJ law enforcement during eight matches in one of the region's largest-ever police operations Served 9,200 meals, distributed 2,000 Frontline Support Packs, and provided thousands of coffees, cold drinks, and ref…","Celeri Relief Team Supports Nova Jersey Lex Effectus Per Historica FIFA World Cup Matches. 160 RRT voluntarii donare 1,526 horas ad serviendum NJ legi cogendi per octo par in una regione maximae operationes vigiles semper servientes prandium 9,200, distribuerunt sarcinas 2,000 Frontline Support, et praebebat milia coffees, frigidas potiones et ref…",2026-07-25 07:12:23+00:00
e94859d22776bf655ad459af781fed56,2026-07-20T07:28:12Z,'heating system',paultan.org,en,0.3,"Geely unveils Thunder 16-in-1 electric drive system – 93.8% efficiency, 800V, 16 PS/kg, to debut in Galaxy TT","Pic from CarNewsChina Geely’s Galaxy sub-brand has unveiled the ‘Thunder’ 16-in-1 electric drive system, CarNewsChina reports. There are two claims – that it’s a world first and that it achieves a production-record 93.8% efficiency. Developed […]
The post Gee…",https://paultan.org/2026/07/20/geely-unveils-thunder-16-in-1-electric-drive-system-93-8-efficiency-800v-16-ps-kg-to-debut-in-galaxy-tt/,https://paultan.org/image/2026/07/Geely-Thunder-16-in-1-electric-drive-system-Galaxy-TT-Jul-2026-2-630x355.jpeg,http://web.archive.org/web/20260720083619/https://paultan.org/2026/07/20/geely-unveils-thunder-16-in-1-electric-drive-system-93-8-efficiency-800v-16-ps-kg-to-debut-in-galaxy-tt/,"Pic from CarNewsChina
Geely’s Galaxy sub-brand has unveiled the ‘Thunder’ 16-in-1 electric drive system, CarNewsChina reports. There are two claims – that it’s a world first and that it achieves a p… [+1866 chars]",,"Geely stellt das 16-in-1-Elektroantriebssystem Thunder vor – 93,8 % Wirkungsgrad, 800 V, 16 PS/kg – erstmals im Galaxy TT. Bild von CarNewsChina Die Untermarke Galaxy von Geely hat das 16-in-1-Elektroantriebssystem „Thunder“ vorgestellt, berichtet CarNewsChina. Es gibt zwei Behauptungen – dass es sich um eine Weltneuheit handelt und dass es einen Produktionsrekord von 93,8 % erreicht. Entwickelt […]
Der Beitrag Gee…","Geely unveils Thunder 16-in-1 electric drive system – 93.8% efficiency, 800V, 16 PS/kg, to debut in Galaxy TT. Pic from CarNewsChina Geely’s Galaxy sub-brand has unveiled the ‘Thunder’ 16-in-1 electric drive system, CarNewsChina reports. There are two claims – that it’s a world first and that it achieves a production-record 93.8% efficiency. Developed […]
The post Gee…","Geely retegit Tonitruum 16-in-1 systematis electrici coegi - 93.8% efficientiam, 800V, 16 PS/kg, ad debut in Galaxy TT. Pic de CarNewsChina Geely's Galaxia sub-brandum detexit 'Thunder' 16-in-1 systema electricum coegi, CarNewsChina tradit. Duae sunt petitiones – primus mundus est et effectivum efficiendi 93,8% efficiens. Exculta […]
Post Gee…",2026-07-25 11:06:28+00:00
b7cf263335cc6069271e6a411004fa91,2026-07-08T08:05:51Z,'heating system',slickdeals.net,en,0.7,"Garvee 9000 BTU Mini Split AC/Heating System, 17 SEER2 Inverter Split System Air Conditioners $357.2","Garvee 9000 BTU Mini Split AC/Heating System, 17 SEER2 Inverter Split System Air Conditioners, Ductless Wall Mount Heat Pump, AC Unit Cool Up to 450 Sq. Ft, 230V *$357.20* 
 
Free shipping. 
 
_About...",https://slickdeals.net/f/19735308-garvee-9000-btu-mini-split-ac-heating-system-17-seer2-inverter-split-system-air-conditioners-357-2,https://slickdeals.net/attachment/3/3/2/8/0/4/4/7/450x450/20926869.thumb,http://web.archive.org/web/20260710003631/https://slickdeals.net/f/19735308-garvee-9000-btu-mini-split-ac-heating-system-17-seer2-inverter-split-system-air-conditioners-357-2,"This collaborative space allows users to contribute additional information, tips, and insights to enhance the original deal post. Feel free to share your knowledge and help fellow shoppers make infor… [+26 chars]",,"Garvee 9000 BTU Mini-Split-Klima-/Heizsystem, 17 SEER2-Inverter-Split-System-Klimaanlagen 357,2 $. Garvee 9000 BTU Mini-Split-Klima-/Heizsystem, 17 SEER2-Inverter-Split-System-Klimaanlagen, kanallose Wandwärmepumpe, AC-Einheit kühlt bis zu 450 m². Fuß, 230 V *357,20 $* 
 
Kostenloser Versand. 
 
_Um...","Garvee 9000 BTU Mini Split AC/Heating System, 17 SEER2 Inverter Split System Air Conditioners $357.2. Garvee 9000 BTU Mini Split AC/Heating System, 17 SEER2 Inverter Split System Air Conditioners, Ductless Wall Mount Heat Pump, AC Unit Cool Up to 450 Sq. Ft, 230V *$357.20* 
 
Free shipping. 
 
_About...","Garvee 9000 BTU Mini Split AC/Heating System, 17 SEER2 Inverter Split System Aeris Conditioners $357.2. Garvee 9000 BTU Mini Spalatensis AC/Heating System, 17 SEER2 Systema Inverter Split Aeris Conditioners, Murus Ductless Mons Caloris Pump, AC Unit Cool Up ad 450 Sq. Ft, 230V*$ 357.20* 
 
Free shipping. 
 
_De...",2026-07-25 11:06:28+00:00
4e5e3cb490187b18cc4780a773be8bdd,2026-07-23T01:00:28Z,'heating system',spacedaily.com,en,0.9,"A century ago Iceland was among the poorest countries in Europe, huddled on bare volcanic rock, yet it turned that very rock to its advantage: nearly all its power is now renewable, and geothermal heat warms nine homes in ten","How a nation transformed geological curse into the world's most efficient heating system.
The post A century ago Iceland was among the poorest countries in Europe, huddled on bare volcanic rock, yet it turned that very rock to its advantage: nearly all its po…",https://spacedaily.com/m-a-century-ago-iceland-was-among-the-poorest-countries-in-europe-huddled-on-bare-volcanic-rock-yet-it-turned-that-very-rock-to-its-advantage-nearly-all-its-power-is-now-renewable-and-geothermal-hea/,https://spacedaily.com/wp-content/uploads/2026/07/Untitled-design-2026-07-22T194317.631.png,http://web.archive.org/web/20260723015824/https://spacedaily.com/m-a-century-ago-iceland-was-among-the-poorest-countries-in-europe-huddled-on-bare-volcanic-rock-yet-it-turned-that-very-rock-to-its-advantage-nearly-all-its-power-is-now-renewable-and-geothermal-hea/,"Ask most people what they picture when they think of Iceland, and you get some version of cold: black lava fields, glaciers, wind off the North Atlantic and long, dark winters.
What that image hides… [+6430 chars]",,"Vor einem Jahrhundert gehörte Island zu den ärmsten Ländern Europas und lag auf nacktem Vulkangestein. Dennoch nutzte es genau dieses Gestein zu seinem Vorteil: Fast die gesamte Energie stammt heute aus erneuerbaren Quellen, und Erdwärme wärmt neun von zehn Haushalten. Wie eine Nation einen geologischen Fluch in das effizienteste Heizsystem der Welt verwandelte.
Der Beitrag Vor einem Jahrhundert gehörte Island zu den ärmsten Ländern Europas, es lag auf nacktem Vulkangestein, doch es nutzte genau dieses Gestein zu seinem Vorteil: Fast sein gesamtes Potenzial …","A century ago Iceland was among the poorest countries in Europe, huddled on bare volcanic rock, yet it turned that very rock to its advantage: nearly all its power is now renewable, and geothermal heat warms nine homes in ten. How a nation transformed geological curse into the world's most efficient heating system.
The post A century ago Iceland was among the poorest countries in Europe, huddled on bare volcanic rock, yet it turned that very rock to its advantage: nearly all its po…","Ante saeculum Islandia inter nationes pauperrimas in Europa fuit, in nuda rupe molaris contrusa, tamen ipsam petram ad commodum suum convertit: tota fere vis eius iam renovatur, et calor geothermal in decem domos calefacit novem. Qualiter gens geologica transfigurata sit in efficacissima calefaciendi mundi maledictionem.
Post abhinc centum annos Islandia inter nationes pauperrimas in Europa erat, in nuda rupe molaris contrusa est, tamen ipsam saxum in suum commodum convertit: omnia fere po...",2026-07-25 11:06:28+00:00
e1b2a7da10925da277a72f0d145073d8,2026-07-04T23:35:00Z,'cold snap',www.techradar.com,en,0.2,"Chinese tests rocket using the same gas used by Coca-Cola to make space flights cheaper, safer, cleaner, and cooler",Chinese startup Z-Trak Space wants supercritical CO₂ to replace traditional launch pad ignition systems for small rockets.,https://www.techradar.com/pro/chinese-tests-rocket-using-the-same-gas-used-by-coca-cola-to-make-space-flights-cheaper-safer-cleaner-and-cooler,https://cdn.mos.cms.futurecdn.net/U4JvN7nvDsRqYuWwx3oXqj-1920-80.jpg,http://web.archive.org/web/20260704234917/https://www.techradar.com/pro/chinese-tests-rocket-using-the-same-gas-used-by-coca-cola-to-make-space-flights-cheaper-safer-cleaner-and-cooler,<ul><li>Supercritical CO₂ could eliminate some of rocketry's most expensive infrastructure requirements</li><li>Cold launches avoid exposing launch pads to destructive exhaust temperatures exceeding … [+3840 chars],,"Chinesische Raketen testen das gleiche Gas wie Coca-Cola, um Raumflüge billiger, sicherer, sauberer und kühler zu machen. Das chinesische Startup Z-Trak Space will überkritisches CO₂ als Ersatz für herkömmliche Startrampen-Zündsysteme für kleine Raketen einsetzen.","Chinese tests rocket using the same gas used by Coca-Cola to make space flights cheaper, safer, cleaner, and cooler. Chinese startup Z-Trak Space wants supercritical CO₂ to replace traditional launch pad ignition systems for small rockets.","Sinenses experimenta erucae eodem gaso adhibitae Coca-Cola utentes ad spatium volatus viliores, tutiores, mundiores et frigidiores faciunt. Satus Satus Z-Trak Spatium supercriticum CO₂ vult reponere institutio caudex ignitionis rationes pro parvis rockets.",2026-07-25 16:01:06+00:00
b9a43e119079e8ef41b651e3612aa3c3,2026-07-21T15:22:58Z,'extreme cold',finance.yahoo.com,en,0.8,"Jamie Dimon says six-figure shipyard jobs are the new ‘American Dream’—but candidates will need to endure hours of extreme heat, cold, and rain",Shipyard jobs can pay upwards of $100K without a college degree—and nearly a quarter of a million maritime workers are needed. But it comes with tradeoffs.,https://finance.yahoo.com/small-business/articles/jamie-dimon-says-six-figure-152258393.html,https://s.yimg.com/lo/mysterio/api/637CE3E021C8ED9C9075D889EA2BE8DCDAC8DEF00D24FA9E3B9C6E1E2EDC1CE5/subgraphmysterio/resizefill_w1200_h800;quality_80;format_webp/https:%2F%2Fmedia.zenfs.com%2Fen%2Ffortune_175%2Fd3b4300bc211f89dd3b5fb2b5233e9fb,http://web.archive.org/web/20260723012054/https://finance.yahoo.com/small-business/articles/jamie-dimon-says-six-figure-152258393.html,"Earlier this month, JPMorgan Chase CEO Jamie Dimon pointed to shipbuilding as an example of the modern American Dream: a career where workers can earn six-figure salaries after just a few years of tr… [+5138 chars]",,"Jamie Dimon sagt, sechsstellige Werftjobs seien der neue „amerikanische Traum“ – aber die Kandidaten müssen stundenlang extreme Hitze, Kälte und Regen ertragen. Werftjobs können ohne Hochschulabschluss mehr als 100.000 US-Dollar kosten – und es werden fast eine Viertelmillion Seearbeiter benötigt. Aber es geht mit Kompromissen einher.","Jamie Dimon says six-figure shipyard jobs are the new ‘American Dream’—but candidates will need to endure hours of extreme heat, cold, and rain. Shipyard jobs can pay upwards of $100K without a college degree—and nearly a quarter of a million maritime workers are needed. But it comes with tradeoffs.","Iamie Dimon dicit sex figuras navalia jobs esse nova 'American Somnium': sed candidati necesse est horas aestus, frigoris et pluviae sustinere. Officia navalia ultra $100K reddere possunt sine gradu collegii et paene quarta decies centena millia operarii maritimi necessarii sunt. Sed fit cum tradeoffs.",2026-07-25 16:01:06+00:00
7da12c6bcab546408f5ce95a5e248289,2026-07-22T14:54:35Z,'heating system',www.nasa.gov,en,0.8,NASA’s Juno Takes Temperature of Jupiter’s Fiery Moon Io,"NASA’s Juno mission has provided the first measurements of the temperature below the surface of Jupiter’s moon Io, revealing significant heating within the shallow subsurface of the most volcanically active world in the solar system. Collected during two clos…",https://www.nasa.gov/missions/juno/nasas-juno-takes-temperature-of-jupiters-fiery-moon-io/,https://images-assets.nasa.gov/image/PIA26484/PIA26484~large.jpg,,"NASAs Juno mission has provided the first measurements of the temperature below the surface of Jupiters moon Io, revealing significant heating within the shallow subsurface of the most volcanically a… [+5576 chars]",,Juno der NASA misst die Temperatur von Jupiters feurigem Mond Io. Die Juno-Mission der NASA hat die ersten Messungen der Temperatur unter der Oberfläche des Jupitermondes Io durchgeführt und dabei eine erhebliche Erwärmung im flachen Untergrund der vulkanisch aktivsten Welt im Sonnensystem festgestellt. Gesammelt während zwei Schließungen…,"NASA’s Juno Takes Temperature of Jupiter’s Fiery Moon Io. NASA’s Juno mission has provided the first measurements of the temperature below the surface of Jupiter’s moon Io, revealing significant heating within the shallow subsurface of the most volcanically active world in the solar system. Collected during two clos…","NASA Iuno Temperature Iovis Io. NASA Iunonis missio primas mensuras temperaturae infra superficiei Lunae Io Iovis praebuit, significantem calefactionem patefaciens intra subcursionem levem mundi maxime volcanice activae in mundo solari. Colligunt per duos clos ...",2026-07-25 20:44:13+00:00
2092d3fd0d85427870a76c42eccaff5a,2026-07-23T01:08:00Z,'insulation house',newatlas.com,en,0.3,Glasshoused PHEV camper trailer axes smart RV pricing,"For at least three years now, Silicon Valley and its global tech-futurist counterparts have been crafting a new vision for the future of RVing: long, sleek, luxurious glamping trailers that deliver their own motive power, sensor-based assistance and smart hom…",https://newatlas.com/camping-trailers/aboard-t4-self-driving-travel-trailer/,https://assets.newatlas.com/dims4/default/cb680ba/2147483647/strip/true/crop/1409x740+0+225/resize/1200x630!/quality/90/?url=https%3A%2F%2Fnewatlas-brightspot.s3.ap-southeast-2.amazonaws.com%2F9c%2F61%2F3605cf094cb4aa30066710303114%2Ftow-aerial-1600-copy.jpg&na.image_optimisation=0,,"For at least three years now, Silicon Valley and its global tech-futurist counterparts have been crafting a new vision for the future of RVing: long, sleek, luxurious glamping trailers that deliver t… [+6972 chars]",,"Der verglaste PHEV-Wohnmobilanhänger bietet intelligente Preise für Wohnmobile. Seit mindestens drei Jahren entwerfen das Silicon Valley und seine globalen technisch-futuristischen Pendants eine neue Vision für die Zukunft des Wohnmobils: lange, schlanke, luxuriöse Glamping-Anhänger, die ihre eigene Antriebskraft, sensorbasierte Assistenz und Smart Home liefern …","Glasshoused PHEV camper trailer axes smart RV pricing. For at least three years now, Silicon Valley and its global tech-futurist counterparts have been crafting a new vision for the future of RVing: long, sleek, luxurious glamping trailers that deliver their own motive power, sensor-based assistance and smart hom…","Glasshoused PHEV camper trailer axes dolor RV cursus sapien. Nam nunc saltem per tres annos, Silicon Vallis eiusque technici technici globosi versos innovaverunt novam visionem pro futuro clitae: longi, obesi, luxuriosi massae massae quae suam vim motivam liberant, auxilium sensoriis subnixum et callidi hom…",2026-07-26 11:16:42+00:00
2bb5b6fccc7b3e79e0371e9fbd905839,2026-07-13T13:30:00Z,'cold snap',www.budgetbytes.com,en,0.2,Cold Sesame Noodles,"These Cold Sesame Noodles are an easy, light noodle salad with spaghetti, crisp veggies, toasted sesame oil, soy sauce, lime, and sriracha!
The post Cold Sesame Noodles appeared first on Budget Bytes.",https://www.budgetbytes.com/cold-sesame-noodles/,https://www.budgetbytes.com/wp-content/uploads/2026/07/3-Sesame-Noodles-Front.jpg,http://web.archive.org/web/20260713191022/https://www.budgetbytes.com/cold-sesame-noodles/,"These spicy and fresh Cold Sesame Noodles are going to wow your family and friends (and you too, because they take only about 20 minutes to prepare!) While your pasta water is coming to a boil, you c… [+11270 chars]",,"Kalte Sesamnudeln. Diese kalten Sesamnudeln sind ein einfacher, leichter Nudelsalat mit Spaghetti, knackigem Gemüse, geröstetem Sesamöl, Sojasauce, Limette und Sriracha!
Der Beitrag Kalte Sesamnudeln erschien zuerst auf Budget Bytes.","Cold Sesame Noodles. These Cold Sesame Noodles are an easy, light noodle salad with spaghetti, crisp veggies, toasted sesame oil, soy sauce, lime, and sriracha!
The post Cold Sesame Noodles appeared first on Budget Bytes.","Frigus Sesamae noodles. Frigidi Sesamae noodles faciles sunt, leve noodle ACETARIA cum spaghetti, rigido veggies, tosto sesamae oleo, soy liquamine, calce, et sriracha!
Post Frigidum Sesamae Noodles apparuit primum in Budget Bytes.",2026-07-26 20:53:14+00:00
246fb1f052834ee1a6eb6d130f5c5553,2026-07-14T06:00:00Z,'cold snap',theweek.com,en,0.3,Keep cool — and be cool — at these one-of-a-kind indoor immersive experiences,"See the stars at a planetarium, and discover a museum of illusions",https://theweek.com/culture-life/travel/indoor-immersive-experiences-hijinx-hotel-holey-moley-paradox-museum-wndr-dorrance-dome,https://cdn.mos.cms.futurecdn.net/aGraWDTbAZtdto872AV2xL-2000-80.jpg,http://web.archive.org/web/20260714085524/https://theweek.com/culture-life/travel/indoor-immersive-experiences-hijinx-hotel-holey-moley-paradox-museum-wndr-dorrance-dome,"Nothing feels better on a blazing hot day than a cold blast of A/C, especially when it isn’t you paying the bill. Instead of going to the usual air-conditioned spots like the mall or movie theater, g… [+5840 chars]",,"Bleiben Sie cool – und seien Sie cool – bei diesen einzigartigen, immersiven Indoor-Erlebnissen. Sehen Sie die Sterne in einem Planetarium und entdecken Sie ein Museum der Illusionen","Keep cool — and be cool — at these one-of-a-kind indoor immersive experiences. See the stars at a planetarium, and discover a museum of illusions","Frigidum serva — et frigidum esto in his experientiis immersivis in specie quadam umbraticis. Vide stellas in planetario, et museum fallaciarum detegere",2026-07-26 20:53:14+00:00
8ed588c475fd53ace6c8df492f73bc18,2026-07-15T14:01:17Z,'cold snap',www.psychologytoday.com,en,0.3,The Real Reason You Fall Apart Under Pressure,"Shutting down when life gets heavy feels like self-protection. But it's costing you the relationships and support you need most, and you can change it all with a few hours of work.",https://www.psychologytoday.com/us/blog/all-about-addiction/202607/the-real-reason-you-fall-apart-under-pressure,https://cdn2.psychologytoday.com/assets/styles/manual_crop_1_91_1_1528x800/public/teaser_image/blog_entry/2026-07/pexels-anastasia-shuraeva-8795385.jpg?h=90aab5f9&itok=6m44vhX4,,You knew the material cold and went blank in the interview anyway. You promised yourself you wouldnt yell and heard your voice rise on the second sentence. You walked into your bosss office with thre… [+7057 chars],,"Der wahre Grund, warum Sie unter Druck auseinanderfallen. Abzuschalten, wenn das Leben schwer wird, fühlt sich wie Selbstschutz an. Aber es kostet Sie die Beziehungen und die Unterstützung, die Sie am meisten brauchen, und Sie können alles mit ein paar Stunden Arbeit ändern.","The Real Reason You Fall Apart Under Pressure. Shutting down when life gets heavy feels like self-protection. But it's costing you the relationships and support you need most, and you can change it all with a few hours of work.","Verus ratio sub pressione cadis. Clausio descendit cum vita gravia sentit sicut sui protectionem. Sed relationes tibi constat ac sustentare maxime debes, et omnia mutare potes paucis horis laboris.",2026-07-26 20:53:14+00:00
b82fef148bf9615767bb1fe30ffc143d,2026-07-20T08:56:09Z,'heating system',ahouseinthehills.com,en,0.8,The Home Features That Help Maintain Consistent Temperatures,"Maintaining consistent temperatures throughout a home is dependent on more than the performance of a heating or cooling system. The design, materials and features of a property are factors that influence how effectively indoor temperatures are managed. Homes …",https://ahouseinthehills.com/home-features-that-help-maintain-consistent-temperatures/,https://ahouseinthehills.com/wp-content/uploads/2026/07/home-features-that-help-maintain-consistent-temperatures.webp,,"Maintaining consistent temperatures throughout a home is dependent on more than the performance of a heating or cooling system. The design, materials and features of a property are factors that influ… [+5236 chars]",,"Die Home-Funktionen, die dabei helfen, konstante Temperaturen aufrechtzuerhalten. Die Aufrechterhaltung konstanter Temperaturen im gesamten Haus hängt nicht nur von der Leistung eines Heiz- oder Kühlsystems ab. Das Design, die Materialien und die Ausstattung einer Immobilie sind Faktoren, die Einfluss darauf haben, wie effektiv die Innentemperaturen gesteuert werden. Häuser …","The Home Features That Help Maintain Consistent Temperatures. Maintaining consistent temperatures throughout a home is dependent on more than the performance of a heating or cooling system. The design, materials and features of a property are factors that influence how effectively indoor temperatures are managed. Homes …","Domum Features quod Auxilium Tenere Temperaturis Congruentes. Consonans temperaturas in domo conservare plus pendet quam ratio calefaciendi vel refrigerandi faciendi. Consilium, materia et lineamenta proprietatis factores sunt qui influunt quam efficaciter temperaturas tectis administrantur. Domos...",2026-07-27 02:29:26+00:00
1e0da76b385899a60e4cd365297baf06,2026-07-05T05:06:24Z,'cold impacts',www.lifesciencesworld.com,en,0.3,What temp is too cold for deer?,"What Temp Is Too Cold for Deer? Deer are remarkably resilient creatures, but even they have their limits. While there’s no single magic number, the most dangerous temperature range for deer typically falls below 0°F (-18°C), especially when combined with high…",https://www.lifesciencesworld.com/what-temp-is-too-cold-for-deer/,,,"What Temp Is Too Cold for Deer?
Deer are remarkably resilient creatures, but even they have their limits. While there’s no single magic number, the most dangerous temperature range for deer typicall… [+8498 chars]",,"Welche Temperatur ist zu kalt für Rehe? Welche Temperatur ist für Hirsche zu kalt? Hirsche sind bemerkenswert widerstandsfähige Lebewesen, aber auch sie haben ihre Grenzen. Obwohl es keine einheitliche magische Zahl gibt, liegt der gefährlichste Temperaturbereich für Hirsche typischerweise unter 0 °F (-18 °C), insbesondere in Kombination mit hohen…","What temp is too cold for deer?. What Temp Is Too Cold for Deer? Deer are remarkably resilient creatures, but even they have their limits. While there’s no single magic number, the most dangerous temperature range for deer typically falls below 0°F (-18°C), especially when combined with high…","Quod temp est nimis frigidum pro cervo?. What Temp Is Too cold for Deer? Cervi sunt valde molles creaturae, sed etiam habent terminum suum. Cum nullus numerus magicus nullus est, periculosissima temperatus range cervorum typice infra 0°F (-18°C) cadit, praesertim cum collatis magnis…",2026-07-27 08:26:28+00:00
c44ddade2ab8f8fbdb0b7d1fae247120,2026-07-24T06:00:00Z,'cold impacts',www.naturalnews.com,en,0.3,Beyond the ice bath: Could a plant-based diet trick your body into burning fat?,"A new study found that reducing two amino acids (methionine and cysteine) in the diet triggers the body to burn fat through thermogenesis almost as effectively as exposure to cold temperatures. The restricted amino acid diet, like cold exposure, specifically …",https://www.naturalnews.com/2026-07-24-plant-based-foods-trick-body-burning-fat.html,https://www.naturalnews.com/wp-content/uploads/sites/91/2026/07/Sandwich-Vegetables-Vegetarian.jpg,http://web.archive.org/web/20260725071031/https://www.naturalnews.com/2026-07-24-plant-based-foods-trick-body-burning-fat.html,<ul><li>A new study found that reducing two amino acids (methionine and cysteine) in the diet triggers the body to burn fat through thermogenesis almost as effectively as exposure to cold temperature… [+6770 chars],,"Jenseits des Eisbades: Könnte eine pflanzliche Ernährung Ihren Körper dazu verleiten, Fett zu verbrennen? Eine neue Studie ergab, dass die Reduzierung von zwei Aminosäuren (Methionin und Cystein) in der Ernährung den Körper dazu anregt, Fett durch Thermogenese fast genauso effektiv zu verbrennen wie die Einwirkung kalter Temperaturen. Die eingeschränkte Aminosäuren-Diät, wie z. B. Kälteexposition, insbesondere …","Beyond the ice bath: Could a plant-based diet trick your body into burning fat?. A new study found that reducing two amino acids (methionine and cysteine) in the diet triggers the body to burn fat through thermogenesis almost as effectively as exposure to cold temperatures. The restricted amino acid diet, like cold exposure, specifically …","Vltra glaciem balneum: Potuitne planta fundata victu dolum corpus tuum in pinguedinem ardentem? Novum studium invenit quod duo amino acida (methionina et cysteina) in diaeta minuendo corpus ad pinguedinem per thermogenesim fere tam efficaciter quam nuditatem ad algoris temperaturam urere invenerunt. Amino acidi victu restricto, sicut nuditate frigida, specie...",2026-07-27 08:26:28+00:00
b612287bca24315bbbf551e67879eb81,2026-07-25T12:06:26Z,'cold impacts',crooksandliars.com,en,0.3,Donald Trump And MAGA Turn On Tate Brothers,"After the Tate Brothers were arrested in Miami, Donald Trump and his MAGA loyalists are giving the Tate Brothers the cold shoulder.
It looks like Barron Trump’s bromance with Andrew and Tristan Tate is over. Who will Barron get dating advice from?
The New Yor…",https://crooksandliars.com/2026/07/donald-trump-and-maga-turn-andrew-and,https://crooksandliars.com/files/embeds/2026/07/71108.jpg,,"After the Tate Brothers were arrested in Miami, Donald Trump and his MAGA loyalists are giving the Tate Brothers the cold shoulder.
It looks like Barron Trumps bromance with Andrew and Tristan Tate … [+2624 chars]",,"Donald Trump und MAGA wenden sich gegen die Tate Brothers. Nach der Festnahme der Tate Brothers in Miami zeigen Donald Trump und seine MAGA-Anhänger den Tate Brothers die kalte Schulter.
Es sieht so aus, als ob Barron Trumps Bromance mit Andrew und Tristan Tate vorbei ist. Von wem wird Barron Dating-Ratschläge erhalten?
Das neue Jahr…","Donald Trump And MAGA Turn On Tate Brothers. After the Tate Brothers were arrested in Miami, Donald Trump and his MAGA loyalists are giving the Tate Brothers the cold shoulder.
It looks like Barron Trump’s bromance with Andrew and Tristan Tate is over. Who will Barron get dating advice from?
The New Yor…","Donald BUCINUM et MAGA DE Tate Fratres convertimini. Post Tate Fratres comprehensi sunt in Miami, Donald Trump et eius MAGA optimi viri Tate Fratres humerum frigidum dant.
Barron Trump scriptor bromance cum Andrea et Tristan Tate similis spectat. Quis Barron ut dating consilium e?
Novus Yor…",2026-07-27 08:26:28+00:00
eb4d6463acdb8ca49c1a1c961c3f0ef5,2026-07-25T19:43:05Z,'cold spell',www.cnet.com,en,0.3,I’m Hot for De’Longhi’s New Automatic Espresso Machine That Also Does Cold Brew,"A new $1,000 automatic espresso machine lets you choose from 20 preset hot and iced coffee recipes. Is it worth it?",https://www.cnet.com/home/kitchen-and-household/im-hot-for-delonghis-new-automatic-espresso-machine-that-also-does-cold-brew/,https://www.cnet.com/wp-content/uploads/sites/2/DeLonghi-Magnifica-Duo_promo-shot.png,http://web.archive.org/web/20260726132245/https://www.cnet.com/home/kitchen-and-household/im-hot-for-delonghis-new-automatic-espresso-machine-that-also-does-cold-brew/,"Pros &amp; Cons
<ul><li>
Fully automatic espresso machine with built-in LCD that's easy to use</li><li>
20 preset drink options, including hot and cold options</li><li>
Integrated grinder</li><li… [+12175 chars]",,"Ich bin heiß auf die neue automatische Espressomaschine von De’Longhi, die auch Cold Brew macht. Mit einer neuen automatischen Espressomaschine für 1.000 US-Dollar können Sie aus 20 voreingestellten Heiß- und Eiskaffeerezepten wählen. Lohnt es sich?","I’m Hot for De’Longhi’s New Automatic Espresso Machine That Also Does Cold Brew. A new $1,000 automatic espresso machine lets you choose from 20 preset hot and iced coffee recipes. Is it worth it?","I'm Hot for De'Longhi's New Automatic Espresso Machine That Also Does Cold Brew. Novum $1,000 machinae latae espressae eliges e 20 praesentis temporis calidae ac praestrictae mixturis capulus. Num tanti est?",2026-07-27 12:53:53+00:00
edb35d1ec400623621e941965ad2ba66,2026-07-26T10:00:00Z,'cold spell',www.desiringgod.org,en,0.3,‘I’ve Lost My Taste for God’s Word’: Bad Reasons We Neglect the Bible,"I spoke to a friend the other day. Truth be told, I could hardly recognize him. He seemed beggarly, scruffy, gaunt, though dressed in nice enough clothing. His eyes were shifty. His gaze cold. Spring had fled from him.

 I had to ask, “How has your walk with …",https://www.desiringgod.org/articles/ive-lost-my-taste-for-gods-word,https://dg.imgix.net/i-ve-lost-my-taste-for-god-s-word-cebaxmmj-en/landscape/i-ve-lost-my-taste-for-god-s-word-cebaxmmj-f5fa0b69d7e051a5c99866b93612a117.png?ts=1783008631&ixlib=rails-4.3.1&fit=crop&w=2000&h=1050,http://web.archive.org/web/20260726162244/https://www.desiringgod.org/articles/ive-lost-my-taste-for-gods-word,"This article is part of our July 2026 theme, Why Dont You Read the Bible? To see the rest of the articles, visit our July theme page.
I spoke to a friend the other day. Truth be told, I could hardly… [+6911 chars]",,"„Ich habe meinen Geschmack für Gottes Wort verloren“: Schlechte Gründe, warum wir die Bibel vernachlässigen. Ich habe neulich mit einem Freund gesprochen. Ehrlich gesagt konnte ich ihn kaum wiedererkennen. Er schien bettelarm, ungepflegt und hager zu sein, obwohl er hübsch gekleidet war. Seine Augen waren flüchtig. Sein Blick kalt. Der Frühling war vor ihm geflohen.

 Ich musste fragen: „Wie ist dein Spaziergang mit …“","‘I’ve Lost My Taste for God’s Word’: Bad Reasons We Neglect the Bible. I spoke to a friend the other day. Truth be told, I could hardly recognize him. He seemed beggarly, scruffy, gaunt, though dressed in nice enough clothing. His eyes were shifty. His gaze cold. Spring had fled from him.

 I had to ask, “How has your walk with …","'Saporem verbi Dei perdidi': Malae rationes bibliam neglegemus. Locutus sum ad amicum videram. Verum dici, vix agnoscere potui. Mendicus, scruffus, macie ornatus, satis lepidus vestitus. Oculi levis. Frigidus intuitus. Ver eo fugerat.

 Ego quaerere debebam, ""Quomodo ambulandum cum ...",2026-07-27 12:53:53+00:00
cb30c974e622becffb997a79e4b31c07,2026-07-25T10:30:00Z,'insulation house',www.forbes.com,en,0.2,America’s Top Architects: Tradition Meets Technology In A Net-Zero Home By Boston’s ART Architects,Houses from Forbes' “America's Top  Architects” 2025 lists,https://www.forbes.com/sites/fredalbert/2026/07/25/americas-top-architects-tradition-meets-technology-in-a-net-zero-home-by-bostons-art-architects/,https://imageio.forbes.com/specials-images/imageserve/6a63a9dc44dc53d598e8d7c7/0x0.jpg?format=jpg&height=900&width=1600&fit=bounds,,"ESSENTIALS
Firm Name: ART Architects
Principals: David J. Arthur, Lyle W. Bradley, Elizabeth H. Cahill, J.B. Clancy, Eric J. Rochon
Headquarters: Boston, Massachusetts
Accolades: Forbes Architect… [+5417 chars]",,Amerikas Top-Architekten: Tradition trifft auf Technologie in einem Netto-Null-Haus von Bostons ART Architects. Häuser aus der Forbes-Liste „America's Top Architects“ 2025,America’s Top Architects: Tradition Meets Technology In A Net-Zero Home By Boston’s ART Architects. Houses from Forbes' “America's Top  Architects” 2025 lists,"Americae Top Architects: Traditio Meets Technologia In A Net-Zero Home By Boston's ART Architects. Domus de Forbes' ""Americae Top Architectorum"" 2025 tabulae",2026-07-28 02:04:51+00:00
0fd4fe0c8bc0f9f267f22d50f0df0f80,2026-07-02T03:07:28Z,'insulation house',www.designer-daily.com,en,0.3,Garden Room Design Ideas for a Stylish Outdoor Space,"Garden room design ideas have moved far beyond glorified sheds at the bottom of the garden. Today, a garden room can be a garden office, art studio, gym, summer house, dining space, outdoor room or quiet place to relax away from the main house. With the right…",https://www.designer-daily.com/garden-room-design-ideas-for-a-stylish-outdoor-space-233066,,,"Garden room design ideas have moved far beyond glorified sheds at the bottom of the garden. Today, a garden room can be a garden office, art studio, gym, summer house, dining space, outdoor room or q… [+8771 chars]",,"Gartenzimmer-Designideen für einen stilvollen Außenbereich. Ideen für die Gestaltung von Gartenzimmern gehen weit über prachtvolle Schuppen am unteren Ende des Gartens hinaus. Heutzutage kann ein Gartenzimmer ein Gartenbüro, ein Kunstatelier, ein Fitnessstudio, ein Sommerhaus, ein Essbereich, ein Außenzimmer oder ein ruhiger Ort zum Entspannen abseits des Haupthauses sein. Mit dem richtigen…","Garden Room Design Ideas for a Stylish Outdoor Space. Garden room design ideas have moved far beyond glorified sheds at the bottom of the garden. Today, a garden room can be a garden office, art studio, gym, summer house, dining space, outdoor room or quiet place to relax away from the main house. With the right…","Garden Room Design Ideas for a Stylish Outdoor Space. Horti locus designationis notiones longe ultra moverunt, vineis glorificatis in fundo horti. Hodie hortus locus potest esse hortus officium, ars studiorum, gym, domus aestiva, spatium triclinii, locus vel locus quietis, ut relaxetur a summa domo. Cum iure…",2026-07-28 02:04:51+00:00
0bc69a80584073491d52e505d9cbfcab,2026-07-10T13:03:00Z,'insulation house',newatlas.com,en,0.3,48-sq-ft tiny house is about as small and simple as they come,"Tiny houses don't come much smaller or simpler than this 48-sq-ft (4.46-sq-m) model. Conceived as emergency accommodation, it provides a basic shelter for people experiencing homelessness.Continue ReadingCategory: Tiny Houses, OutdoorsTags: Building and Const…",https://newatlas.com/tiny-houses/48-sq-ft-tiny-house-homeless/,https://assets.newatlas.com/dims4/default/39687dd/2147483647/strip/true/crop/1400x735+0+0/resize/1200x630!/quality/85/?url=https%3A%2F%2Fnewatlas-brightspot.s3.amazonaws.com%2F92%2F5f%2F725e7e3e4e4dba40c9753935fd0c%2Fdownload-6.png&na.image_optimisation=0,http://web.archive.org/web/20260711033023/https://newatlas.com/tiny-houses/48-sq-ft-tiny-house-homeless/,"Tiny houses don't come much smaller or simpler than this 48-sq-ft (4.46-sq-m) model. Conceived as emergency accommodation, it provides a basic shelter for people experiencing homelessness.
Referred … [+1699 chars]",,"Das 48 Quadratmeter große Tiny House ist so klein und einfach wie es nur sein kann. Kleinere oder einfachere Tiny-Häuser als dieses 4,46 m² große Modell gibt es kaum. Als Notunterkunft konzipiert, bietet es Menschen, die von Obdachlosigkeit betroffen sind, eine Grundunterkunft.WeiterlesenKategorie: Tiny Houses, OutdoorTags: Bauen und Bauen…","48-sq-ft tiny house is about as small and simple as they come. Tiny houses don't come much smaller or simpler than this 48-sq-ft (4.46-sq-m) model. Conceived as emergency accommodation, it provides a basic shelter for people experiencing homelessness.Continue ReadingCategory: Tiny Houses, OutdoorsTags: Building and Const…","48-sq-ft parva domus est quasi parva et simplex ut veniunt. Aedes minimae non multo minores vel simpliciores quam haec 48-sq-ft veniunt. Ut subitis accommodatio concepta, basic suffugium praebet hominibus homelessness. Continue ReadingCategory: Domorum minimarum, OutdoorsTags: Aedificium et Const…",2026-07-28 02:04:51+00:00
cad185201eadcb262e44cf5212492eac,2026-07-16T04:31:56Z,'insulation house',www.lifesciencesworld.com,en,0.3,Do you put bedding in a hedgehog house?,"Do You Put Bedding in a Hedgehog House? Yes, you absolutely do put bedding in a hedgehog house. Providing appropriate nesting material is crucial for attracting hedgehogs and ensuring their comfort and safety, especially during hibernation and breeding. Why B…",https://www.lifesciencesworld.com/do-you-put-bedding-in-a-hedgehog-house/,,,"Do You Put Bedding in a Hedgehog House?
Yes, you absolutelydo put bedding in a hedgehog house. Providing appropriate nesting material is crucial for attracting hedgehogs and ensuring their comfort a… [+7415 chars]",,"Legt man Einstreu in ein Igelhaus? Legt man Bettwäsche in ein Igelhaus? Ja, in ein Igelhaus darf man auf jeden Fall Einstreu legen. Die Bereitstellung geeigneten Nistmaterials ist entscheidend, um Igel anzulocken und ihnen Komfort und Sicherheit zu gewährleisten, insbesondere während des Winterschlafs und der Brutzeit. Warum B…","Do you put bedding in a hedgehog house?. Do You Put Bedding in a Hedgehog House? Yes, you absolutely do put bedding in a hedgehog house. Providing appropriate nesting material is crucial for attracting hedgehogs and ensuring their comfort and safety, especially during hibernation and breeding. Why B…","Ponis stratum in domo erinacea? Lectisternia in domo ericius? Imo absolute in erinaceis aedibus stratum ponis. Apta nidificandi materia pendet ad erinaceos attrahendos et ad eorum consolationem ac salutem praestandam, praesertim in hiberna et fetura. Quare B…",2026-07-28 02:04:51+00:00
e2ece2730c571c80b05e7f698d359138,2026-07-17T16:46:42Z,'insulation house',ahouseinthehills.com,en,0.3,Redefining Home in the Age of Extreme Heat,"Homes have always been places of solace and safety. However, in an age of extreme heat and unpredictable temperatures, it’s become even more important for homeowners to integrate smart design, insulation improvements and efficiency upgrades without depending …",https://ahouseinthehills.com/redefining-home-in-the-age-of-extreme-heat/,https://ahouseinthehills.com/wp-content/uploads/2026/07/redefining-home-in-the-age-of-extreme-heat.webp,,"Homes have always been places of solace and safety. However, in an age of extreme heat and unpredictable temperatures, its become even more important for homeowners to integrate smart design, insulat… [+6239 chars]",,"Das Zuhause im Zeitalter extremer Hitze neu definieren. Häuser waren schon immer Orte des Trostes und der Sicherheit. Doch in Zeiten extremer Hitze und unvorhersehbarer Temperaturen ist es für Hausbesitzer noch wichtiger geworden, intelligentes Design, Isolierungsverbesserungen und Effizienzsteigerungen zu integrieren, ohne darauf angewiesen zu sein …","Redefining Home in the Age of Extreme Heat. Homes have always been places of solace and safety. However, in an age of extreme heat and unpredictable temperatures, it’s become even more important for homeowners to integrate smart design, insulation improvements and efficiency upgrades without depending …","Home Redefining in Aetate Extremi Caloris. Penates semper loca solatii et salutis fuerunt. Attamen, in aetate extrema caloris et temperaturae vagus, magis magisque fiet pro homeowners ad integrandum callidi consilium, insulationem emendationes et upgrades efficientiam sine freto …",2026-07-28 02:04:51+00:00
2fe3debf9b7f7522cebaa3e6ef3181eb,2026-07-19T13:20:38Z,'insulation house',www.yankodesign.com,en,0.3,A 35m² Summerhouse Designed Like a Space Habitat,A 35m² Summerhouse Designed Like a Space HabitatMost summerhouses don’t start as thought experiments about the moon. EcoNeo did. Designed by SAGA Space Architects and sitting quietly in Asnæs on the Danish...,https://www.yankodesign.com/2026/07/19/a-35m%c2%b2-summerhouse-designed-like-a-space-habitat/,https://www.yankodesign.com/images/design_news/2026/07/a-35mb2-summerhouse-designed-like-a-space-habitat/econeo-01.jpg,,"Most summerhouses don’t start as thought experiments about the moon. EcoNeo did. Designed by SAGA Space Architects and sitting quietly in Asnæs on the Danish island of Zealand, it measures just 35 sq… [+3990 chars]",,"Ein 35 m² großes Sommerhaus, das wie ein Weltraumlebensraum gestaltet ist. Ein 35 m² großes Sommerhaus, das wie ein Weltraumlebensraum gestaltet ist. Die meisten Sommerhäuser beginnen nicht als Gedankenexperimente über den Mond. EcoNeo hat es getan. Entworfen von SAGA Space Architects und ruhig in Asnæs an der dänischen Küste gelegen ...",A 35m² Summerhouse Designed Like a Space Habitat. A 35m² Summerhouse Designed Like a Space HabitatMost summerhouses don’t start as thought experiments about the moon. EcoNeo did. Designed by SAGA Space Architects and sitting quietly in Asnæs on the Danish...,A 35m² Summerhouse Designatur Sicut Spatium Habitat. A 35m² Summerhouse Designatur Sicut Spatium HabitatMost Aestivalis non committitur cum experimentis cogitationis de luna. EcoNeo Fecit. Designed by SAGA Space Architects and sitting quiet in Asnæs on the Danish...,2026-07-28 02:04:51+00:00
defc253d37ca13264b0a13ed5501b23b,2026-07-22T09:33:58Z,'insulation house',ahouseinthehills.com,en,0.3,How to Match Your Garage Door to Your Home’s Exterior Color Scheme,"If you’re shopping for a new garage door, you might think the hardest decision is picking the right size or insulation level. Color can feel like an afterthought. The truth is, matching your garage door to your home’s exterior color scheme has a bigger impact…",https://ahouseinthehills.com/how-to-match-your-garage-door-to-your-homes-exterior-color-scheme/,https://ahouseinthehills.com/wp-content/uploads/2026/07/how-to-match-your-garage-door-to-your-homes-exterior-color-scheme.webp,,"If you’re shopping for a new garage door, you might think the hardest decision is picking the right size or insulation level. Color can feel like an afterthought. The truth is, matching your garage d… [+6479 chars]",,"So passen Sie Ihr Garagentor an die Außenfarbgebung Ihres Hauses an. Wenn Sie ein neues Garagentor kaufen, denken Sie vielleicht, dass die Wahl der richtigen Größe oder des richtigen Isolationsgrads die schwierigste Entscheidung ist. Farbe kann sich wie ein nachträglicher Einfall anfühlen. Die Wahrheit ist, dass die Anpassung Ihres Garagentors an die Außenfarbe Ihres Hauses einen größeren Einfluss hat …","How to Match Your Garage Door to Your Home’s Exterior Color Scheme. If you’re shopping for a new garage door, you might think the hardest decision is picking the right size or insulation level. Color can feel like an afterthought. The truth is, matching your garage door to your home’s exterior color scheme has a bigger impact…","Quomodo congruit Your Garage Door to Your Home's Color externi Scheme. Si novam garagenam ianuam mercatus es, durissimum iudicium putes magnitudinem vel aequalem insulationis legere. Color retractu sentire potest. Veritas est, congruens garage portae tuae ad domum tuam in forma coloris exterioris maiorem ictum habet…",2026-07-28 02:04:51+00:00
84498e894e3546c0f2148f4a92e13324,2026-07-22T23:50:09Z,'insulation house',bringatrailer.com,en,0.3,Custom 1927 Studebaker House Car,"This 1927 Studebaker began life as a Model EQ Special Six and purported to have been modified with aluminum ""house car"" bodywork over a wooden frame in period by a company in California. It was purchased by the current owner in the 2000s and underwent a seven…",https://bringatrailer.com/listing/1927-studebaker-house-car-motorhome/,https://bringatrailer.com/wp-content/uploads/2026/06/1927_studebaker_house-car-motorhome_1927_studebaker_house-car-motorhome_6dde00c3-1e5c-4578-90fc-bd0b94dd7228-38vzTx-97063-97064-scaled-1-scaled-copy-2026-07-20-50s-53579.jpg,,This 1927 Studebaker began life as a Model EQ Special Six and purported to have been modified with aluminum “house car” bodywork over a wooden frame in period by a company in California. It was purch… [+4556 chars],,Maßgeschneidertes Studebaker-Hausauto von 1927. Dieser Studebaker aus dem Jahr 1927 begann als Model EQ Special Six und soll damals von einer Firma in Kalifornien mit einer „House Car“-Karosserie aus Aluminium über einem Holzrahmen modifiziert worden sein. Es wurde in den 2000er Jahren vom jetzigen Eigentümer gekauft und einer siebenjährigen Sanierung unterzogen.,"Custom 1927 Studebaker House Car. This 1927 Studebaker began life as a Model EQ Special Six and purported to have been modified with aluminum ""house car"" bodywork over a wooden frame in period by a company in California. It was purchased by the current owner in the 2000s and underwent a seven…","Custom 1927 Studebaker House Car. Hoc 1927 Studebaker vitam incepit ut Exemplar EQ Speciale Sex et allatum aluminium ""car domus"" in tempore societatis in California ad corpus ligneum mutatum fuisse. Emptus a domino currenti in 2000s et septem passus est…",2026-07-28 02:04:51+00:00
c61e63053eae29234afa60a15d581456,2026-07-25T00:18:41Z,'extreme cold',www.lifesciencesworld.com,en,0.3,Do ferrets shiver when they’re cold?,"Do Ferrets Shiver When They’re Cold? Understanding Thermoregulation in Ferrets Yes, ferrets do shiver when they are cold, just like many other mammals. Shivering is an involuntary muscle contraction that generates heat and helps to raise the ferret’s body tem…",https://www.lifesciencesworld.com/do-ferrets-shiver-when-theyre-cold/,,,"Do Ferrets Shiver When They’re Cold? Understanding Thermoregulation in Ferrets
Yes, ferrets do shiver when they are cold, just like many other mammals. Shivering is an involuntary muscle contraction… [+8837 chars]",,"Zittern Frettchen, wenn ihnen kalt ist? Zittern Frettchen, wenn ihnen kalt ist? Thermoregulation bei Frettchen verstehen Ja, Frettchen zittern, wenn ihnen kalt ist, genau wie viele andere Säugetiere. Zittern ist eine unwillkürliche Muskelkontraktion, die Wärme erzeugt und dabei hilft, die Körpertemperatur des Frettchens zu erhöhen …","Do ferrets shiver when they’re cold?. Do Ferrets Shiver When They’re Cold? Understanding Thermoregulation in Ferrets Yes, ferrets do shiver when they are cold, just like many other mammals. Shivering is an involuntary muscle contraction that generates heat and helps to raise the ferret’s body tem…",An horrent ferrets cum frigidi sunt?. Do Ferrets Shiver Cum Frigidum? Thermoregulation in Ferrets Intellectus Ita tremescunt ferrets cum sunt frigidae sicut multae aliae mammalia. Horror musculus contractio involuntaria est quae calorem generat et adiuvat ut corpus ferret tem…,2026-07-28 07:35:28+00:00
c0b1eb78f9748b16028f6c8841b98528,2026-07-25T03:43:18Z,'extreme cold',www.lifesciencesworld.com,en,0.3,What happens if a bear gives birth during hibernation?,"What Happens If a Bear Gives Birth During Hibernation? Bears giving birth during hibernation is a remarkable adaptation; the mother bear’s body sustains the cubs even while she’s largely inactive, and the newborns are remarkably resilient to the cold despite …",https://www.lifesciencesworld.com/what-happens-if-a-bear-gives-birth-during-hibernation/,,,"Bears giving birth during hibernation is a remarkable adaptation; the mother bear’s body sustains the cubs even while she’s largely inactive, and the newborns are remarkably resilient to the cold des… [+10128 chars]",,"Was passiert, wenn ein Bär im Winterschlaf ein Junges zur Welt bringt? Was passiert, wenn ein Bär im Winterschlaf ein Kind zur Welt bringt? Die Geburt von Bären im Winterschlaf ist eine bemerkenswerte Anpassung; Der Körper der Bärenmutter versorgt die Jungen auch dann, wenn sie weitgehend inaktiv ist, und die Neugeborenen sind trotz … bemerkenswert widerstandsfähig gegen die Kälte …","What happens if a bear gives birth during hibernation?. What Happens If a Bear Gives Birth During Hibernation? Bears giving birth during hibernation is a remarkable adaptation; the mother bear’s body sustains the cubs even while she’s largely inactive, and the newborns are remarkably resilient to the cold despite …","Quid si ursa in hiberna parit? Quid si urso tempore Hiberna parit? In hiberna partu parit mirabilis accommodatio est; corpus ursi matris catulos sustinet etiam dum multum iners est, et fœtus valde frigori obstante….",2026-07-28 07:35:28+00:00
336f1606574a36b3857a19c624d32d28,2026-07-25T04:41:59Z,'extreme cold',www.lifesciencesworld.com,en,0.3,Do bats like cold rooms?,"Do Bats Like Cold Rooms? Unveiling Bat Behavior and Temperature Preferences Do bats like cold rooms? The answer is nuanced: While some bat species can tolerate colder temperatures and even enter torpor, generally, bats do not prefer cold rooms and seek warmer…",https://www.lifesciencesworld.com/do-bats-like-cold-rooms/,,,"Do Bats Like Cold Rooms? Unveiling Bat Behavior and Temperature Preferences
Do bats like cold rooms?The answer is nuanced: While some bat species can tolerate colder temperatures and even enter torp… [+9268 chars]",,"Mögen Fledermäuse kalte Räume? Mögen Fledermäuse kalte Räume? Enthüllung des Verhaltens und der Temperaturpräferenzen von Fledermäusen Mögen Fledermäuse kalte Räume? Die Antwort ist differenziert: Während einige Fledermausarten kältere Temperaturen vertragen und sogar in Erstarrung geraten, bevorzugen Fledermäuse im Allgemeinen keine kalten Räume und suchen sich wärmere Räume auf …","Do bats like cold rooms?. Do Bats Like Cold Rooms? Unveiling Bat Behavior and Temperature Preferences Do bats like cold rooms? The answer is nuanced: While some bat species can tolerate colder temperatures and even enter torpor, generally, bats do not prefer cold rooms and seek warmer…","Fac vespertiliones sicut cubicula frigida ?. Facere Vespertiliones Sicut Frigidi Cella? Unveiling Bat Behavior and Temperature Preferences Facere vespertiliones sicut frigidae mansiones? Respondetur nuanced: Dum vespertiliones species frigidiores temperaturae tolerare possunt et etiam torporem ingredi, plerumque vespertiliones frigidae mansiones non praeferunt et calidiores quaerunt…",2026-07-28 07:35:28+00:00
f5bfa2112cd74c13746e057e067d8da5,2026-07-25T05:00:16Z,'extreme cold',spacedaily.com,en,0.3,"Deep inside polar craters on Mercury, sunlight has never once fallen — and NASA’s MESSENGER spacecraft confirmed in 2012 that those permanently shadowed floors hold ancient water ice, sitting metres from terrain hot enough to melt lead","The solar system's most extreme real estate: frozen water trapped in perpetual darkness, mere metres from surface temperatures that liquify metal.
The post Deep inside polar craters on Mercury, sunlight has never once fallen — and NASA’s MESSENGER spacecraft …",https://spacedaily.com/t-deep-inside-polar-craters-on-mercury-sunlight-has-never-once-fallen-and-nasas-messenger-spacecraft-confirmed-in-2012-that-those-permanently-shadowed-floors-hold-ancient-water-ice-sitting/,https://spacedaily.com/wp-content/uploads/2026/07/newimagesize-2026-07-25T074737.696.png,http://web.archive.org/web/20260725075440/https://spacedaily.com/t-deep-inside-polar-craters-on-mercury-sunlight-has-never-once-fallen-and-nasas-messenger-spacecraft-confirmed-in-2012-that-those-permanently-shadowed-floors-hold-ancient-water-ice-sitting/,"Mercury is the closest planet to the Sun. At its equator in daytime, the surface can reach about 430 degrees Celsius, well above the melting point of lead.
Near the poles, however, the floor of a de… [+11106 chars]",,"Tief in den Polarkratern auf dem Merkur ist noch nie Sonnenlicht gefallen – und die Raumsonde MESSENGER der NASA bestätigte 2012, dass sich auf diesen dauerhaft im Schatten liegenden Böden uraltes Wassereis befindet, das meterweit vom Gelände entfernt liegt, das heiß genug ist, um Blei zu schmelzen. Die extremste Realität des Sonnensystems: gefrorenes Wasser, eingeschlossen in ständiger Dunkelheit, nur wenige Meter von Oberflächentemperaturen entfernt, die Metall verflüssigen.
Der Beitrag Tief in den Polarkratern auf Merkur ist noch nie Sonnenlicht gefallen – und die NASA-Raumsonde MESSENGER …","Deep inside polar craters on Mercury, sunlight has never once fallen — and NASA’s MESSENGER spacecraft confirmed in 2012 that those permanently shadowed floors hold ancient water ice, sitting metres from terrain hot enough to melt lead. The solar system's most extreme real estate: frozen water trapped in perpetual darkness, mere metres from surface temperatures that liquify metal.
The post Deep inside polar craters on Mercury, sunlight has never once fallen — and NASA’s MESSENGER spacecraft …","Profunda intus in crateribus polaribus Mercurio, lux solis numquam semel incidit — et NUNTIUS spatii NASA anno 2012 confirmavit eos saepe obumbrata areae antiquam aquam glaciem tenere, metra e terra sedentes plumbi calefacere satis liquescere. Systema Solaris extremus verus praedium est: aqua congelata in tenebris perpetuis decepta, metra metra ex superficiebus temperaturis quae metallum liquefaciunt.
Post Interior crateres polares profundus in Mercurio, lux solis numquam semel cecidit — et navicularii NASA NUNTIUS.",2026-07-28 07:35:28+00:00
943a46d89e80fb44d39281d884b51c77,2026-07-25T07:44:49Z,'extreme cold',www.lifesciencesworld.com,en,0.3,How hot can chinchillas tolerate?,How Hot Can Chinchillas Tolerate? Understanding Temperature Sensitivity in These Fluffy Companions Chinchillas are extremely sensitive to heat and can suffer from heatstroke at temperatures as low as 80°F (27°C); their ideal temperature range is 60-75°F (15-2…,https://www.lifesciencesworld.com/how-hot-can-chinchillas-tolerate/,,,"How Hot Can Chinchillas Tolerate? Understanding Temperature Sensitivity in These Fluffy Companions
Chinchillas are extremely sensitive to heat and can suffer from heatstroke at temperatures as low a… [+7669 chars]",,Wie heiß vertragen Chinchillas? Wie heiß vertragen Chinchillas? Die Temperaturempfindlichkeit dieser flauschigen Begleiter verstehen Chinchillas sind äußerst hitzeempfindlich und können bereits bei Temperaturen von nur 27 °C einen Hitzschlag erleiden; Ihr idealer Temperaturbereich liegt bei 60-75°F (15-2…),How hot can chinchillas tolerate?. How Hot Can Chinchillas Tolerate? Understanding Temperature Sensitivity in These Fluffy Companions Chinchillas are extremely sensitive to heat and can suffer from heatstroke at temperatures as low as 80°F (27°C); their ideal temperature range is 60-75°F (15-2…,Quomodo calidum chinchillas tolerare potest? Quomodo Hot Can Chinchillas feret? Sensus temperatus intelligens in CRINCIPIIS His Comitum Chinchillas valde sensitivas calefacere et pati ab calore calorum ad temperaturas tam male quam 80°F (27°C); eorum specimen temperatus range est 60-75°F (15-2…,2026-07-28 07:35:28+00:00
7f919724dc7bf397ecf9d3f5ca0f02cd,2026-07-25T10:45:31Z,'extreme cold',www.salon.com,en,0.3,Andrew Tate’s arrest causes trouble for Trump’s youngest son,The manosphere influencer has lost the president's support — but he could pose a threat to Barron,https://www.salon.com/2026/07/25/andrew-tates-arrest-causes-trouble-for-trumps-youngest-son/,https://www.salon.com/app/uploads/2026/07/Barron-Trump-2263340688-e1784956204481.jpg,http://web.archive.org/web/20260725190843/https://www.salon.com/2026/07/25/andrew-tates-arrest-causes-trouble-for-trumps-youngest-son/,"The shift was as swift as it was cold. Standing before reporters in the briefing room on Thursday, White House press secretary Karoline Leavitt was asked a direct question: Would President Donald Tru… [+9140 chars]",,Die Verhaftung von Andrew Tate bereitet Trumps jüngstem Sohn Ärger. Der Manosphere-Influencer hat die Unterstützung des Präsidenten verloren – aber er könnte eine Bedrohung für Barron darstellen,Andrew Tate’s arrest causes trouble for Trump’s youngest son. The manosphere influencer has lost the president's support — but he could pose a threat to Barron,Comprehensio Andreae Tate molestiam causat pro filio minimo Trump. Manosphaerium influentis praesidis subsidium amisit — sed minas Barrono inponere potuit,2026-07-28 07:35:28+00:00
4650c10b56a0a268146db0a36a81f227,2026-07-25T16:43:18Z,'extreme cold',nypost.com,en,0.3,Frigid feat: Man buried in snow for over 2 hours earns Guinness World Record,Polish daredevil Damian Kasprzyk set a Guinness World Record for longest full-body contact with snow — burying himself for over two hours in freezing conditions.,https://nypost.com/2026/07/25/world-news/man-buried-in-snow-for-over-2-hours-earns-guinness-world-record/,https://nypost.com/wp-content/uploads/sites/2/2026/07/135466342.jpg?quality=75&strip=all&w=1200,http://web.archive.org/web/20260725210055/https://nypost.com/2026/07/25/world-news/man-buried-in-snow-for-over-2-hours-earns-guinness-world-record/,"He didn’t get cold feet.
A daredevil who was buried in snow for over two hours earned a Guinness World Record.
Damian Kasprzyk of Poland took home the title for longest time spent in direct full bo… [+2029 chars]",,"Kalte Leistung: Mann, der über zwei Stunden im Schnee begraben ist, stellt Guinness-Weltrekord auf. Der polnische Draufgänger Damian Kasprzyk stellte einen Guinness-Weltrekord für den längsten Ganzkörperkontakt mit Schnee auf – er vergrub sich über zwei Stunden lang bei eisigen Bedingungen.",Frigid feat: Man buried in snow for over 2 hours earns Guinness World Record. Polish daredevil Damian Kasprzyk set a Guinness World Record for longest full-body contact with snow — burying himself for over two hours in freezing conditions.,Frigidum facinus: Homo in nive sepultus per 2 horas plus quam meretur Guinness World Record. Polonus ausus est Damianus Kasprzyk Guinness World Record in longissima nivis contactu corporis constituit - se sepeliens per duas horas in torpore condi- tionis.,2026-07-28 07:35:28+00:00
b68116f397a6099bcbdb393424275db6,2026-07-26T02:06:45Z,'extreme cold',www.lifesciencesworld.com,en,0.3,Which animals thicken their fur?,"Which Animals Thicken Their Fur? Many animals, primarily those living in colder climates, thicken their fur to survive harsh winter conditions. This crucial adaptation involves complex biological processes, resulting in a denser, more insulating coat. Introdu…",https://www.lifesciencesworld.com/which-animals-thicken-their-fur/,,,"Many animals, primarily those living in colder climates, thicken their fur to survive harsh winter conditions. This crucial adaptation involves complex biological processes, resulting in a denser, mo… [+8115 chars]",,"Welche Tiere verdicken ihr Fell? Welche Tiere verdicken ihr Fell? Viele Tiere, vor allem solche, die in kälteren Klimazonen leben, verdicken ihr Fell, um den harten Winterbedingungen standzuhalten. Diese entscheidende Anpassung beinhaltet komplexe biologische Prozesse, die zu einer dichteren, isolierenderen Schicht führen. Einführung…","Which animals thicken their fur?. Which Animals Thicken Their Fur? Many animals, primarily those living in colder climates, thicken their fur to survive harsh winter conditions. This crucial adaptation involves complex biological processes, resulting in a denser, more insulating coat. Introdu…","Quae animalia pilum faciunt. Quae animalia crassitudine fur? Multa animalia, imprimis quae in climatibus frigidioribus habitant, pilum densant duram hiemem superesse. Haec aptatio crucialis implicat processus biologicos implicatos, unde densior, tunica magis insulata. Introdu…",2026-07-28 07:35:28+00:00
1e754a01263da815bd66557f83d41bcd,2026-07-01T09:00:00Z,'cold wave',www.npr.org,en,0.3,World Cup's knockout rounds collide with a massive heat wave,"A major heat wave is affecting much of the eastern half of the United States this week, bringing dangerous conditions to multiple World Cup matches.",https://www.npr.org/2026/07/01/nx-s1-5875173/world-cup-heat-wave-dome-philadelphia-new-york-new-jersey,https://npr.brightspotcdn.com/dims3/default/strip/false/crop/5502x3095+0+115/resize/1400/quality/85/format/jpeg/?url=http%3A%2F%2Fnpr-brightspot.s3.amazonaws.com%2F01%2Ff2%2Fb7f10b4441548b4b2e2a820178de%2Fgettyimages-2283627467.jpg,http://web.archive.org/web/20260701205420/https://www.npr.org/2026/07/01/nx-s1-5875173/world-cup-heat-wave-dome-philadelphia-new-york-new-jersey,"A massive heat wave is sending temperatures into the triple digits in much of the eastern United States, just as the World Cup enters the crucial knockout rounds.
Some areas are expected to set new … [+3245 chars]",,Die K.-o.-Runde der Weltmeisterschaft kollidiert mit einer massiven Hitzewelle. Eine große Hitzewelle erfasst diese Woche weite Teile der östlichen Hälfte der Vereinigten Staaten und bringt gefährliche Bedingungen für mehrere WM-Spiele mit sich.,"World Cup's knockout rounds collide with a massive heat wave. A major heat wave is affecting much of the eastern half of the United States this week, bringing dangerous conditions to multiple World Cup matches.","World Cup's knockout rounds impact with mass heat wave. Maior fluctus aestus multum afficit dimidiae partis orientalis Civitatum Americae Unitarum hac septimana, condiciones periculosas ad multiplex Trophaeum Mundi afferens.",2026-07-28 11:54:26+00:00
e83738ebb0e8cc1d4401bed5c41d69c2,2026-07-02T21:10:46Z,'cold wave',gizmodo.com,en,0.3,Energy Department Wants Data Centers to Stop Draining the Grid During Brutal Heat Wave,The department gave a major grid manager the green light to require data centers to rely on backup power.,https://gizmodo.com/energy-department-wants-data-centers-to-stop-draining-the-grid-during-brutal-heat-wave-2000780886,https://gizmodo.com/app/uploads/2026/06/DataCenterPhoto-1200x675.jpeg,,"As a brutal heat wave hits much of the central and eastern United States this week, the Department of Energy wants power-hungry data centers to help ease the strain on the grid.
The Energy Departmen… [+3447 chars]",,"Das Energieministerium möchte, dass Rechenzentren während der brutalen Hitzewelle das Netz nicht mehr entlasten. Die Abteilung gab einem großen Netzbetreiber grünes Licht, Rechenzentren auf Notstrom umzustellen.",Energy Department Wants Data Centers to Stop Draining the Grid During Brutal Heat Wave. The department gave a major grid manager the green light to require data centers to rely on backup power.,Energy Department vult Data Centra prohibere haurientes eget Per brutus calor unda. Dicasterii eget procuratori maius lumen viride dedit ut centra data requireret in tergum potentiae nitendum.,2026-07-28 11:54:26+00:00
6d44d3d5a1437ac902e0bc76ab9a8ea2,2026-07-03T11:30:00Z,'cold wave',www.scientificamerican.com,en,0.3,July 4 heat wave would've been 'virtually impossible' in 1776,"People in the U.S. experience more, and more intense, heat waves than the Founding Fathers would have",https://www.scientificamerican.com/article/july-4-heat-wave-wouldve-been-virtually-impossible-in-1776/,https://static.scientificamerican.com/dam/asset/ae9dff2a-f302-4858-ae1a-aa3304f65f5f/GettyImages-2269233038_web.jpeg?m=1783027960.543&w=1200,,"July is always the hottest month for the U.S., but Julys today are significantly hotter than they were when Benjamin Franklin, Thomas Jefferson and the other Founding Fathers declared the U.S. an ind… [+3649 chars]",,Eine Hitzewelle vom 4. Juli wäre 1776 „praktisch unmöglich“ gewesen. Die Menschen in den USA erleben mehr und intensivere Hitzewellen als die Gründerväter,"July 4 heat wave would've been 'virtually impossible' in 1776. People in the U.S. experience more, and more intense, heat waves than the Founding Fathers would have","Fluctus aestus ante diem 4 Iulii in 1776 'vire impossibilis fuisset' in US, homines in US plus et vehementiores aestus aestus experiri quam Patres Fundatores haberent.",2026-07-28 11:54:26+00:00
eb70e12c9262546c738734f76562a84c,2026-07-12T23:10:28Z,'cold wave',www.bbc.com,en,0.3,Thousands may have died in UK's exceptional May and June heatwaves,"An early estimate suggests more than 2,700 people will have died from heat-related causes during the UK's exceptionally hot weather in recent months.",https://www.bbc.com/news/articles/czx5zy82n7no?xtor=AL-72-%5Bpartner%5D-%5Byahoo.north.america%5D-%5Bheadline%5D-%5Bnews%5D-%5Bbizdev%5D-%5Bisapi%5D,https://s.yimg.com/lo/mysterio/api/e5bf6a0157547d0adbbc7c5c31ccea00775efb904a5340cff14484c0b2f08807/lightyear_networkapi/resizefill_w1200;quality_80;format_webp/https:%2F%2Fmedia.zenfs.com%2Fen%2Fbbc_us_articles_995%2F5a38ff7290b9f862967755019eed500c,http://web.archive.org/web/20260713050803/https://www.bbc.com/news/articles/czx5zy82n7no?xtor=AL-72-%5Bpartner%5D-%5Byahoo.north.america%5D-%5Bheadline%5D-%5Bnews%5D-%5Bbizdev%5D-%5Bisapi%5D,"More than 2,700 people may have died from heat-related causes during the UK's exceptionally hot weather in May and June, experts' estimates suggest.
The figure, from a team at Imperial College Londo… [+3274 chars]",,"Bei den außergewöhnlichen Hitzewellen im Mai und Juni in Großbritannien sind möglicherweise Tausende gestorben. Eine erste Schätzung geht davon aus, dass während des außergewöhnlich heißen Wetters in Großbritannien in den letzten Monaten mehr als 2.700 Menschen an hitzebedingten Ursachen gestorben sein werden.","Thousands may have died in UK's exceptional May and June heatwaves. An early estimate suggests more than 2,700 people will have died from heat-related causes during the UK's exceptionally hot weather in recent months.","Milia in UK eximiae Maii et Iunii aestus possunt mortui sunt. Prima aestimatio plus quam 2,700 homines ab aestu relatos causas obisse in recentibus mensibus eximie aestus in UK.",2026-07-28 11:54:26+00:00
049c641ba49c607cd9933cf0250c0422,2026-07-21T20:10:08Z,'cold wave',gizmodo.com,en,0.3,Tropical Storm Bertha Is Arriving at the Worst Possible Time,"Scorching heat will arrive in the wake of Tropical Storm Bertha, potentially creating a dangerous situation for anyone without power.",https://gizmodo.com/tropical-storm-bertha-is-arriving-at-the-worst-possible-time-2000788486,https://gizmodo.com/app/uploads/2026/07/NWS-hazard-map-1200x675.jpg,http://web.archive.org/web/20260721231003/https://gizmodo.com/tropical-storm-bertha-is-arriving-at-the-worst-possible-time-2000788486,"As Tropical Storm Bertha churns in the Gulf of Mexico, meteorologists say it isn’t the only weather threat the Southeast will face this week. A dangerous heatwave is expanding across the region, brin… [+4312 chars]",,"Der Tropensturm Bertha kommt zum ungünstigsten Zeitpunkt. Nach dem Tropensturm Bertha wird es zu sengender Hitze kommen, die möglicherweise zu einer gefährlichen Situation für jeden ohne Strom führen kann.","Tropical Storm Bertha Is Arriving at the Worst Possible Time. Scorching heat will arrive in the wake of Tropical Storm Bertha, potentially creating a dangerous situation for anyone without power.","Tropical Bertha venit ad pessimum tempus. Ardor aestuans in casum Tropical Bertha perveniet, potentialiter condicionem periculosam cuiquam sine potentia creans.",2026-07-28 11:54:26+00:00
7d387d52c5b3418871531e6805ad17ce,2026-07-23T15:20:05Z,'extreme cold',www.yankodesign.com,en,0.3,"This human refrigerator chills you the in peak summer heat – anytime, anywhere","This human refrigerator chills you the in peak summer heat – anytime, anywhereSummer temperatures are rising globally, leading to uncomfortable heatwaves even in regions where summers were earlier a pleasant affair. This has prompted manufacturers to develop.…",https://www.yankodesign.com/2026/07/23/this-human-refrigerator-chills-you-the-in-peak-summer-heat-anytime-anywhere/,https://www.yankodesign.com/images/design_news/2026/07/this-human-refrigerator-chills-you-the-in-peak-summer-heat-anytime-anywhere/Do-Hiemon-Box-Human-Refrigerator-1.jpg,,"Summer temperatures are rising globally, leading to uncomfortable heatwaves even in regions where summers were earlier a pleasant affair. This has prompted manufacturers to develop innovative ways to… [+2553 chars]",,"Dieser menschliche Kühlschrank kühlt Sie in der Hochsommerhitze – jederzeit und überall. Dieser menschliche Kühlschrank kühlt Sie in der Hochsommerhitze – jederzeit und überall. Die Sommertemperaturen steigen weltweit und führen zu unangenehmen Hitzewellen, selbst in Regionen, in denen die Sommer früher eine angenehme Angelegenheit waren. Dies hat die Hersteller dazu veranlasst, sich weiterzuentwickeln.…","This human refrigerator chills you the in peak summer heat – anytime, anywhere. This human refrigerator chills you the in peak summer heat – anytime, anywhereSummer temperatures are rising globally, leading to uncomfortable heatwaves even in regions where summers were earlier a pleasant affair. This has prompted manufacturers to develop.…","Hoc te friget humanus leo in summo calore aestivo – quolibet, usquam. Frigidum hoc humanum armarium te in summo calore aestivo – quolibet tempore, ubivis aestatis temperaturae globally ascendunt, incommoda aestus ducens etiam in regionibus ubi ante aestas res amoena erant. Hoc artifices ad explicandum suasit...",2026-07-28 11:54:26+00:00
e1ed847ab889e61980a4f31beb7a7884,2026-07-21T12:45:00Z,'cold spell',www.forbes.com,en,0.2,How Much Water Does AI Use? The $58 Billion Risk,"How much water does AI use? Peak data center demand could require up to $58 billion in new U.S. water infrastructure, shifting the debate beyond prompts.",https://www.forbes.com/sites/robertszczerba/2026/07/21/how-much-water-does-ai-use-the-58-billion-risk/,"https://imageio.forbes.com/specials-images/imageserve/6a5be2155440aba607b01c17/0x0.jpg?format=jpg&crop=1188,668,x0,y42,safe&height=900&width=1600&fit=bounds",http://web.archive.org/web/20260721223453/https://www.forbes.com/sites/robertszczerba/2026/07/21/how-much-water-does-ai-use-the-58-billion-risk/,"Cold water pipes form part of the cooling system at a data center in Noyal-sur-Vilaine, France, on October 31, 2025. Cooling design helps determine a facilitys peak water and power requirements. (Pho… [+6171 chars]",,"Wie viel Wasser verbraucht KI? Das 58-Milliarden-Dollar-Risiko. Wie viel Wasser verbraucht KI? Der Spitzenbedarf an Rechenzentren könnte bis zu 58 Milliarden US-Dollar an neuer Wasserinfrastruktur in den USA erfordern, was die Debatte über Aufforderungen hinaus verlagert.","How Much Water Does AI Use? The $58 Billion Risk. How much water does AI use? Peak data center demand could require up to $58 billion in new U.S. water infrastructure, shifting the debate beyond prompts.","Quam multa aqua AI usus est? $58 Billion indicem Periculum. Quam multa aqua est AI usus? Apicem data centri postulatio usque ad $58 miliarda in nova aqua infrastructura postulare potuit, altercatio disputatio ultra ferat.",2026-07-28 16:39:17+00:00
ba4a0a8681d028bdf40faad0c59e6e6e,2026-07-16T16:31:36Z,'cold snap',economictimes.indiatimes.com,en,0.3,One roll of aluminum foil could help you stay more comfortable this winter —here's how it works on drafty windows,"Drafty windows quietly let warm air escape all winter. Even small gaps can make rooms feel colder and push heating bills higher. A roll of aluminum foil, used as a temporary reflective barrier on older windows, may help bounce heat back indoors. Combined with…",https://economictimes.indiatimes.com/news/international/us/one-roll-of-aluminum-foil-could-help-you-stay-more-comfortable-this-winter-heres-how-it-works-on-drafty-windows/articleshow/132439873.cms,"https://img.etimg.com/thumb/msid-132439991,width-1200,height-630,imgsize-2417990,overlay-economictimes/articleshow.jpg",http://web.archive.org/web/20260717023054/https://economictimes.indiatimes.com/news/international/us/one-roll-of-aluminum-foil-could-help-you-stay-more-comfortable-this-winter-heres-how-it-works-on-drafty-windows/articleshow/132439873.cms,"A drafty window can make an entire room feel colder, even when your heating system is running. Many homeowners and renters notice certain spots near windows that always feel chilly, while the thermos… [+8001 chars]",,"Eine Rolle Aluminiumfolie könnte Ihnen helfen, sich diesen Winter wohler zu fühlen – so funktioniert es bei zugigen Fenstern. Zugige Fenster lassen warme Luft den ganzen Winter über leise entweichen. Selbst kleine Lücken können dazu führen, dass sich Räume kälter anfühlen und die Heizkosten steigen. Eine Rolle Aluminiumfolie, die als vorübergehende reflektierende Barriere an älteren Fenstern verwendet wird, kann dabei helfen, die Wärme zurück in den Innenbereich zu leiten. Kombiniert mit…","One roll of aluminum foil could help you stay more comfortable this winter —here's how it works on drafty windows. Drafty windows quietly let warm air escape all winter. Even small gaps can make rooms feel colder and push heating bills higher. A roll of aluminum foil, used as a temporary reflective barrier on older windows, may help bounce heat back indoors. Combined with…","Unum volumen aluminii ffoyle adiuvat ut commodius maneat hac hieme — hic quomodo laborat in fenestris haustis. Securae fenestrae quiete tepidus aer totam hiemem effugiat. Etiam parvae hiatus cameras frigidiores facere possunt et altiora rogationes calefacere et impellere. Volumen aluminii ffoyle, obice ad tempus repercussum in vetustioribus fenestris adhibitum, adiuvare potest caloris tergum intus repercutit. Composita cum…",2026-07-29 02:07:28+00:00
9d87cd8b180f4db3621807931ec23ba8,2026-07-20T04:34:01Z,'extreme cold',www.lifesciencesworld.com,en,0.8,Do ferrets love the cold?,"Do Ferrets Love the Cold? Exploring the Winter Adaptations of These Energetic Mustelids The answer is nuanced. While ferrets tolerate cold temperatures better than extreme heat due to their thick fur and faster metabolism, they don’t inherently love the cold,…",https://www.lifesciencesworld.com/do-ferrets-love-the-cold/,,,"Do Ferrets Love the Cold? Exploring the Winter Adaptations of These Energetic Mustelids
The answer is nuanced. While ferrets tolerate cold temperatures better than extreme heat due to their thick fu… [+8023 chars]",,"Lieben Frettchen die Kälte? Lieben Frettchen die Kälte? Erforschung der Winteranpassungen dieser energiegeladenen Marderarten Die Antwort ist differenziert. Während Frettchen aufgrund ihres dicken Fells und des schnelleren Stoffwechsels kalte Temperaturen besser vertragen als extreme Hitze, lieben sie die Kälte nicht von Natur aus, …","Do ferrets love the cold?. Do Ferrets Love the Cold? Exploring the Winter Adaptations of These Energetic Mustelids The answer is nuanced. While ferrets tolerate cold temperatures better than extreme heat due to their thick fur and faster metabolism, they don’t inherently love the cold,…","An ferrets frigus amant ?. Amantne Ferrets Frigidum? Explorans Hiemalia Aptationes Energetic Mustelids Respondetur nuanced. Dum ferrets calores algores meliores tolerant quam calor nimius propter crassitudinem eorum et metabolismi velociorem, in se frigus non amant,…",2026-07-29 02:07:28+00:00
130fcd32a4e2d3a5d6856ba4f97d59c8,2026-07-26T19:15:59Z,'cold snap',www.abc.net.au,en,0.9,More frost forecast for southern and central Qld as cold snap bites,"Parts of Queensland shiver through the coldest mornings of the season, with more on the way.",https://www.abc.net.au/news/2026-07-27/frost-forecast-southern-and-central-queensland/106959630,https://live-production.wcms.abc-cdn.net.au/befd57b06435b285eca90ab7cf8460c6?impolicy=wcms_watermark_news&cropH=2053&cropW=3649&xPos=88&yPos=430&width=862&height=485&imformat=generic,http://web.archive.org/web/20260726215353/https://www.abc.net.au/news/2026-07-27/frost-forecast-southern-and-central-queensland/106959630,"More morning frosts are forecast across parts of Queensland that shivered through an ""unusually cold"" winter weekend.
The Bureau of Meteorology has predicted temperatures to continue dipping below z… [+2808 chars]",,"Für Süd- und Zentral-Qld wird aufgrund des Kälteeinbruchs weiterer Frost vorhergesagt. Teile von Queensland zittern an den kältesten Morgen der Saison, und es kommen noch mehr.","More frost forecast for southern and central Qld as cold snap bites. Parts of Queensland shiver through the coldest mornings of the season, with more on the way.","Magis gelu meridionales et centrales Provident ut Qld frigus morsus frangeretur. Reginae partes per frigidissimas matutinas temporum tremunt, cum in via magis.",2026-07-29 07:39:52+00:00
76da56a6b3f0446972e8e6b3c7be5e10,2026-07-27T00:35:11Z,'cold impacts',skepticalscience.com,en,0.3,"Hot days, cold thermometers","This is a re-post from The Climate Brink
A graph has been making the rounds on social media showing the average number of days per weather station above 95F, 100F, and 105F across the contiguous US since 1895. It comes from CFACT analyst Chris Martz, drawing …",https://skepticalscience.com/hot-days-cold-thermometers.html,https://skepticalscience.com/public/assets/images/og/button_sks_200.jpg,http://web.archive.org/web/20260727014832/https://skepticalscience.com/hot-days-cold-thermometers.html,"Posted on 27 July 2026 by Zeke Hausfather
This is a re-post from The Climate Brink
A graph has been making the rounds on social media showing the average number of days per weather station above 95… [+14421 chars]",,"Heiße Tage, kalte Thermometer. Dies ist ein erneuter Beitrag von The Climate Brink
In den sozialen Medien macht eine Grafik die Runde, die seit 1895 die durchschnittliche Anzahl der Tage pro Wetterstation über 95 °F, 100 °F und 105 °F in den angrenzenden USA zeigt. Sie stammt von CFACT-Analyst Chris Martz und zeichnet …","Hot days, cold thermometers. This is a re-post from The Climate Brink
A graph has been making the rounds on social media showing the average number of days per weather station above 95F, 100F, and 105F across the contiguous US since 1895. It comes from CFACT analyst Chris Martz, drawing …","Diebus calidis, thermometris frigidis. Haec est repositio e Clima Brink
Graphium gyros in instrumentis socialibus faciendis ostendit mediocris numerus dierum in statione tempestatis supra 95F, 100F, et 105F per US contiguos ab 1895. Ex CFACT analysta Chris Martz venit, trahens ...",2026-07-29 20:50:37+00:00
cf5e8752256a5af6cc673f380bbd92be,2026-07-15T21:05:00Z,'cold spell',the4thofficial.net,en,0.3,Everton Handed Boost In The Race For £50m Winger: Why The Toffees Should Walk Away?,"Liverpool have backed away. That is the big catalyst here. For months, Anfield seemed the most likely destination if Jarrod Bowen were to leave East London, but that interest has gone cold. No bid, no...",https://the4thofficial.net/2026/07/everton-handed-boost-in-the-race-for-50m-winger-why-the-toffees-should-walk-away/,https://s.yimg.com/lo/mysterio/api/d0914dbb47025f4a61b279ebf59f266e8fa7e1b76812bffc79e8dc1217aa7fd5/lightyear_networkapi/resizefill_w1200;quality_80;format_webp/https:%2F%2Fmedia.zenfs.com%2Fen%2Fthe_4th_official_articles_868%2F2eb284d1d8d87f101c93ae6f2edb16be,http://web.archive.org/web/20260716102411/https://the4thofficial.net/2026/07/everton-handed-boost-in-the-race-for-50m-winger-why-the-toffees-should-walk-away/,"Liverpool have backed away. That is the big catalyst here. For months, Anfield seemed the most likely destination if Jarrod Bowen were to leave East London, but that interest has gone cold. No bid, n… [+3140 chars]",,"Everton gab Auftrieb im Rennen um 50-Millionen-Pfund-Flügelspieler: Warum sollten die Toffees aufgeben? Liverpool hat einen Rückzieher gemacht. Das ist hier der große Katalysator. Monatelang schien Anfield das wahrscheinlichste Ziel zu sein, wenn Jarrod Bowen East London verlassen würde, aber dieses Interesse ist erloschen. Kein Gebot, nein...","Everton Handed Boost In The Race For £50m Winger: Why The Toffees Should Walk Away?. Liverpool have backed away. That is the big catalyst here. For months, Anfield seemed the most likely destination if Jarrod Bowen were to leave East London, but that interest has gone cold. No bid, no...","Everton Handed boost in the race For £50m Winger: Why The Toffees should walk away?. Liverpool have backed away. Hic catalyst magnus est. Menses, Anfieldus maxime destinatum videbatur si Jarrod Bowen discederet Londini Orientalem, at usura illa frigida abiit. Nulla pretium, nulla.",2026-07-30 01:57:17+00:00
68c6dd75b3a7434f4a546b0596097e48,2026-07-28T07:24:45Z,'insulation house',www.lifesciencesworld.com,en,0.8,What should I put inside a hedgehog house?,"What Should I Put Inside a Hedgehog House? The ideal hedgehog house should offer a safe, warm, and dry refuge; therefore, the best materials to put inside are natural, dry nesting materials like hay or leaves, providing insulation and encouraging hedgehogs to…",https://www.lifesciencesworld.com/what-should-i-put-inside-a-hedgehog-house/,,,"The ideal hedgehog house should offer a safe, warm, and dry refuge; therefore, the best materials to put inside are natural, dry nesting materials like hay or leaves, providing insulation and encoura… [+8062 chars]",,"Was soll ich in ein Igelhaus stellen? Was sollte ich in ein Igelhaus stellen? Das ideale Igelhaus sollte einen sicheren, warmen und trockenen Unterschlupf bieten; Daher sind natürliche, trockene Nistmaterialien wie Heu oder Blätter die besten Materialien für den Innenbereich, da sie isolierend wirken und Igel dazu animieren, …","What should I put inside a hedgehog house?. What Should I Put Inside a Hedgehog House? The ideal hedgehog house should offer a safe, warm, and dry refuge; therefore, the best materials to put inside are natural, dry nesting materials like hay or leaves, providing insulation and encouraging hedgehogs to…","Quid erigam intus domum ericius? Quid ego intus in domo ericius? Idealis domus erinacei debet tutum, calidum, et siccum refugium offerre; optimae igitur materiae, quae intus inponuntur, naturales sunt, materias nidificantes aridas ut faenum vel folia, ut velit et erinacei ad ... fovendos.",2026-07-30 07:32:10+00:00
367ef2baeb156d1066987db269f81c9c,2026-07-29T09:00:00Z,'extreme cold',www.npr.org,en,0.8,"As extreme heat grips the South and West, here's how to stay safe",Experts say immersion in cold water before an ambulance arrives can greatly increase the chances of heat stroke survival and reduce the risk of long-term complications.,https://www.npr.org/2026/07/29/nx-s1-5910515/heat-dome-stroke-weather,https://npr.brightspotcdn.com/dims3/default/strip/false/crop/3826x2152+0+199/resize/1400/quality/85/format/jpeg/?url=http%3A%2F%2Fnpr-brightspot.s3.amazonaws.com%2F07%2Fc8%2Fb491846e47f39f1d5bf1026baf77%2Fap26204620552684.jpg,,"The U.S. is sweating out its third major heat dome in a month, with some 70 million people affected in an area stretching from roughly New Mexico to North Carolina, covering much of the South and par… [+5058 chars]",,"Während im Süden und Westen extreme Hitze herrscht, erfahren Sie hier, wie Sie auf der sicheren Seite bleiben. Experten sagen, dass das Eintauchen in kaltes Wasser vor dem Eintreffen eines Krankenwagens die Überlebenschancen bei einem Hitzschlag erheblich erhöhen und das Risiko langfristiger Komplikationen verringern kann.","As extreme heat grips the South and West, here's how to stay safe. Experts say immersion in cold water before an ambulance arrives can greatly increase the chances of heat stroke survival and reduce the risk of long-term complications.","Pro nimio calore Meridiem et Occidentem tenet, hic tuta est manere. Periti dicunt immersionem in aqua frigida antequam ambulance advenit multum augere casus caloris ictum superesse et periculum diuturnitatis inpedimenta reducere.",2026-07-30 16:23:35+00:00
06bfab5872d9646253b7a4c8acc6571b,2026-07-18T05:34:42Z,'cold impacts',www.lifesciencesworld.com,en,0.3,Is 68 too cold for a hedgehog?,"Is 68°F Too Cold for a Hedgehog? A Prickly Situation Addressed Yes, 68°F is too cold for a hedgehog. Maintaining an appropriate temperature is vital for a hedgehog’s well-being; anything below 70°F can lead to serious health issues, including torpor, which ca…",https://www.lifesciencesworld.com/is-68-too-cold-for-a-hedgehog/,,,"Yes, 68°F is too cold for a hedgehog.Maintaining an appropriate temperature is vital for a hedgehog’s well-being; anything below 70°F can lead to serious health issues, including torpor, which can be… [+11144 chars]",,"Ist 68 zu kalt für einen Igel? Sind 20 °C zu kalt für einen Igel? Eine heikle Situation gelöst Ja, 20 °C sind zu kalt für einen Igel. Die Aufrechterhaltung einer angemessenen Temperatur ist für das Wohlbefinden eines Igels von entscheidender Bedeutung. Alles unter 70 °F kann zu ernsthaften Gesundheitsproblemen führen, einschließlich Erstarrung, die …","Is 68 too cold for a hedgehog?. Is 68°F Too Cold for a Hedgehog? A Prickly Situation Addressed Yes, 68°F is too cold for a hedgehog. Maintaining an appropriate temperature is vital for a hedgehog’s well-being; anything below 70°F can lead to serious health issues, including torpor, which ca…","Estne 68 ericius nimium frigidus? Estne 68° F Nimis Frigidi pro ericius? Aspera Situs Alloquitur Ita, 68°F nimis frigidum est pro erinaceo. Temperamentum aptum servans vitalem est ad bene esse erinacei; quid infra 70°F ducere potest ad graves quaestiones sanitatis, inter torporem, quod ca…",2026-07-30 21:03:28+00:00
db158d8145c15c26ae88a8bc5036296d,2026-07-29T17:27:12Z,'colder than usual',www.foxnews.com,en,0.3,Coffee slushie is summer's hottest drink but expert warns one mistake can turn it 'into more of a dessert',"The viral coffee slushie trend works with cold brew or hot coffee, but a dietitian warns flavored syrups can quietly turn it into a dessert.",https://www.foxnews.com/food-drink/coffee-slushie-summers-hottest-drink-expert-warns-one-mistake-can-turn-more-dessert,https://static.foxnews.com/foxnews.com/content/uploads/2026/07/woman-drinking-iced-coffee-on-beach.jpg,,"Coffee lovers have found their latest summer obsession: the coffee slushie.
The icy drink has been making the rounds on social media, with home baristas freezing brewed coffee before blending it int… [+2265 chars]",,"Kaffee-Slushie ist das heißeste Getränk des Sommers, aber ein Experte warnt davor, dass ein Fehler es „eher zu einem Dessert“ machen kann. Der virale Kaffee-Slushie-Trend funktioniert mit kalt gebrühtem oder heißem Kaffee, aber ein Ernährungsberater warnt davor, dass aromatisierte Sirupe ihn ganz still in ein Dessert verwandeln können.","Coffee slushie is summer's hottest drink but expert warns one mistake can turn it 'into more of a dessert'. The viral coffee slushie trend works with cold brew or hot coffee, but a dietitian warns flavored syrups can quietly turn it into a dessert.","Capulus slushie potus calidissimus est aestatis sed peritus monet unum errorem converti posse 'in plus secundae mensae'. Coffeum virale inclinatio slushie cum celia frigida vel calida capulus operatur, sed dietitian admonet syrupos conditos in secunda mensa placide vertere posse.",2026-07-30 21:03:28+00:00
8373b1772d938ea554854f7416180a7b,2026-07-25T19:45:02Z,'cold wave',www.abc.net.au,en,0.8,Mandarin and orange supply down in SA amid extreme weather,"Shoppers may see fewer oranges and mandarins from South Australia's Riverland on their shelves amid record-breaking heatwaves and wetter, colder winter days.",https://www.abc.net.au/news/2026-07-26/citrus-season-challenges-extreme-weather/106926716,https://live-production.wcms.abc-cdn.net.au/fb6f1b0798db681d399b65041450a147?impolicy=wcms_watermark_news&cropH=3942&cropW=7008&xPos=0&yPos=365&width=862&height=485&imformat=generic,http://web.archive.org/web/20260725224030/https://www.abc.net.au/news/2026-07-26/citrus-season-challenges-extreme-weather/106926716,"The middle of winter is the peak of citrus season in South Australia but consumers may find supermarket shelves have fewer locally grown mandarins and oranges.
Extreme weather issues, from record-br… [+3476 chars]",,"Aufgrund des extremen Wetters sinkt das Angebot an Mandarinen und Orangen in Südafrika. Angesichts rekordverdächtiger Hitzewellen und nasserer, kälterer Wintertage sehen Käufer möglicherweise weniger Orangen und Mandarinen aus dem südaustralischen Riverland in ihren Regalen.","Mandarin and orange supply down in SA amid extreme weather. Shoppers may see fewer oranges and mandarins from South Australia's Riverland on their shelves amid record-breaking heatwaves and wetter, colder winter days.","Copia Mandarin et aurantiaca in SA inter extremam tempestatem descendunt. Shoppersi pauciores aurantia et mandarina e Riverland Australiae Australis videre possunt in cautes inter aestuosos aestuos et aquosos, dies hiemales frigidiores.",2026-07-30 21:03:28+00:00
50202e06b3e5f0eb950b21563631ab75,2026-07-29T13:37:37Z,'cold spell',www.fairobserver.com,en,0.2,"Summer in Europe: Hotter Than Yesterday, Colder Than Tomorrow","The average temperature of Earth continues to rise, but not all areas of the planet are warming at the same rate. Europe is the fastest-warming continent, with temperatures rising at more than twice the global average rate: 0.56°C per decade against the globa…",https://www.fairobserver.com/more/environment/summer-in-europe-hotter-than-yesterday-colder-than-tomorrow/,https://www.fairobserver.com/wp-content/uploads/2026/07/Eu-1.jpg,http://web.archive.org/web/20260729141107/https://www.fairobserver.com/more/environment/summer-in-europe-hotter-than-yesterday-colder-than-tomorrow/,"The average temperature of Earth continues to rise, but not all areas of the planet are warming at the same rate. Europe is the fastest-warming continent, with temperatures rising at more than twice … [+8854 chars]",,"Sommer in Europa: Heißer als gestern, kälter als morgen. Die Durchschnittstemperatur der Erde steigt weiter an, aber nicht alle Gebiete des Planeten erwärmen sich im gleichen Tempo. Europa ist der Kontinent, der sich am schnellsten erwärmt. Die Temperaturen steigen mehr als doppelt so schnell wie der globale Durchschnitt: 0,56 °C pro Jahrzehnt gegenüber dem globalen Durchschnitt.","Summer in Europe: Hotter Than Yesterday, Colder Than Tomorrow. The average temperature of Earth continues to rise, but not all areas of the planet are warming at the same rate. Europe is the fastest-warming continent, with temperatures rising at more than twice the global average rate: 0.56°C per decade against the globa…","Aestas in Europa: Heri calidior quam cras frigidior. Mediocris temperatura Terrae pergit oriri, sed non omnes regiones planetae eodem modo calefaciunt. Europa est continens quam celerrime calefaciens, cum temperaturis in rate mediocris globalis plusquam bis ascendentis: 0.56°C per decennium contra globam ...",2026-07-31 07:48:18+00:00
83b56e5eec4724b134e4d9d4057d6d59,2026-07-16T18:00:00Z,'cold snap',www.maizenbrew.com,en,0.2,Michigan Football 2026 position group breakdown: Running backs,"As we approach the 2026 season, we are diving into every position group on Michigan Football. Today, we evaluate the running backs:",https://www.maizenbrew.com/football/118559/michigan-football-position-breakdown-running-backs-savion-hiter-jordan-marshall-bryson-kuzdzal,https://s.yimg.com/lo/mysterio/api/754ad50cfce79517ab6952b8199eccba29ad5aff1946237d393e6c2edb12fa2e/lightyear_networkapi/resizefill_w1200;quality_80;format_webp/https:%2F%2Fmedia.zenfs.com%2Fen%2Fsb_nation_articles_115%2F9a25754d6bac10779c2a6ab93188ad23,,"Michigan football has an identity. I don't even need to say it you're probably already picturing it. October. Cold weather. Under the lights. Hand the ball off. Three-yard gain. Rinse and repeat. 
T… [+2632 chars]",,"Aufteilung der Positionsgruppen im Michigan Football 2026: Running Backs. Während wir uns der Saison 2026 nähern, tauchen wir in jede Positionsgruppe bei Michigan Football ein. Heute bewerten wir die Running Backs:","Michigan Football 2026 position group breakdown: Running backs. As we approach the 2026 season, we are diving into every position group on Michigan Football. Today, we evaluate the running backs:","Michigan Football 2026 positio coetus naufragii: Cursor terga. Cum appropinquamus 2026 tempore, tribuimus in omnem positionem coetus in Michigan Football. Hodie cursus terga aestimamus;",2026-07-31 16:42:31+00:00
60c4d160507b3adc1ffa3460fd8796b8,2026-07-28T20:03:07Z,'cold impacts',bringatrailer.com,en,0.2,2017 BMW 340i xDrive Sedan 6-Speed,"This 2017 BMW 340i xDrive sedan is equipped with a six-speed manual transmission and the Track Handling, Technology, Cold Weather, Lighting, and Driver Assistance Plus packages. It is finished in Mediterranean Blue Metallic over Coral Red leather and is power…",https://bringatrailer.com/listing/2017-bmw-340i-sedan-5/,https://bringatrailer.com/wp-content/uploads/2026/03/Ext_front_rt_with_side-scaled-copy-2026-07-21-12m-43547.jpeg,http://web.archive.org/web/20260728202359/https://bringatrailer.com/listing/2017-bmw-340i-sedan-5/,"This 2017 BMW 340i xDrive sedan is equipped with a six-speed manual transmission and the Track Handling, Technology, Cold Weather, Lighting, and Driver Assistance Plus packages. It is finished in Med… [+2771 chars]",,"2017 BMW 340i xDrive Limousine 6-Gang. Diese BMW 340i xDrive-Limousine aus dem Jahr 2017 ist mit einem Sechsgang-Schaltgetriebe und den Paketen „Track Handling“, „Technologie“, „Kaltwetter“, „Beleuchtung“ und „Fahrerassistenz Plus“ ausgestattet. Es ist in mediterranem Blau-Metallic über korallenrotem Leder gehalten und wirkt kraftvoll.","2017 BMW 340i xDrive Sedan 6-Speed. This 2017 BMW 340i xDrive sedan is equipped with a six-speed manual transmission and the Track Handling, Technology, Cold Weather, Lighting, and Driver Assistance Plus packages. It is finished in Mediterranean Blue Metallic over Coral Red leather and is power…","2017 BMW 340i xDrive Sedan 6-Speed. Hoc 2017 BMW 340i xDrive sella instructa est cum sex velocitate manuali transmissione et traitatione tractandi, Technologiae, frigoris, lucendi, Coegi auxilium Plus fasciculis. Consummatum est in Mediterraneis Blue Metallicis super Coral Red corium et est potestas…",2026-07-31 21:00:06+00:00
5f3b130849429815e2b4389168764abc,2026-07-29T04:05:03Z,'extreme cold',www.lifesciencesworld.com,en,0.3,How do you feed hummingbirds in cold weather?,How to Keep Hummingbirds Thriving: Feeding Hummingbirds in Cold Weather Ensuring hummingbirds have enough energy in cold weather is vital. Here’s how you feed hummingbirds in cold weather: provide a sugar-water solution that’s kept from freezing and ensure fe…,https://www.lifesciencesworld.com/how-do-you-feed-hummingbirds-in-cold-weather/,,,Ensuring hummingbirds have enough energy in cold weather is vital. Here’s how you feed hummingbirds in cold weather: provide a sugar-water solution that’s kept from freezing and ensure feeders are ma… [+7893 chars],,"Wie füttert man Kolibris bei kaltem Wetter? So sorgen Sie dafür, dass Kolibris gedeihen: Füttern Sie Kolibris bei kaltem Wetter. Es ist wichtig, sicherzustellen, dass Kolibris bei kaltem Wetter genügend Energie haben. So füttern Sie Kolibris bei kaltem Wetter: Stellen Sie eine Zucker-Wasser-Lösung bereit, die nicht gefriert, und sorgen Sie dafür, dass …",How do you feed hummingbirds in cold weather?. How to Keep Hummingbirds Thriving: Feeding Hummingbirds in Cold Weather Ensuring hummingbirds have enough energy in cold weather is vital. Here’s how you feed hummingbirds in cold weather: provide a sugar-water solution that’s kept from freezing and ensure fe…,Quomodo hummingales pascis frigoribus? Hummingaves quomodo conservare valentes sunt: ​​Hummingaves pascentes in Tempestatibus Frigidis Prospicientes hummingaves vim frigoris satis vitalis habent. Hic est quomodo hummingales alites frigoris pascis: solutionem saccharo-aquae praebent quae a frigore et cura fe… custodita est.,2026-08-01 11:13:42+00:00
74c565b288f56c5b16889950adf1533f,2026-07-29T13:00:45Z,'cold spell',www.foxnews.com,en,0.3,New York wants to govern Iowa and Missouri — we're suing to stop it cold,"Iowa and Missouri challenge New York's greenhouse gas reporting rule in federal court, saying it illegally targets out-of-state fuel suppliers.",https://www.foxnews.com/opinion/new-york-wants-govern-iowa-missouri-suing-stop-cold,https://static.foxnews.com/foxnews.com/content/uploads/2026/06/new-york-governor-kathy-hochul.jpeg,http://web.archive.org/web/20260730001514/https://www.foxnews.com/opinion/new-york-wants-govern-iowa-missouri-suing-stop-cold,"U.S. Supreme Court Justice Louis Brandeis famously called the states ""laboratories of democracy."" In those laboratories, Iowans shape Iowas laws, Missourians make Missouris laws, and New Yorkers esta… [+5806 chars]",,"New York will Iowa und Missouri regieren – wir klagen, um dies zu verhindern. Iowa und Missouri klagen vor einem Bundesgericht gegen die New Yorker Treibhausgas-Melderegel mit der Begründung, sie ziele illegal auf Treibstofflieferanten außerhalb des Bundesstaates.","New York wants to govern Iowa and Missouri — we're suing to stop it cold. Iowa and Missouri challenge New York's greenhouse gas reporting rule in federal court, saying it illegally targets out-of-state fuel suppliers.","Novi Eboraci Iowa et Missouri imperare cupit - petimus ut frigus prohibeamus. Iowa et Missouri provocant Gas CONSERVATORIUM Novi Eboraci nuntiantes regulam in aula foederati, dicentes contra legem scopos ex-statu cibus praebitorum esse.",2026-08-01 11:13:42+00:00
f724aeafbbece1a3d61881604bd0ed0b,2026-07-28T17:59:13Z,'extreme cold',economictimes.indiatimes.com,en,0.7,"Famous Japanese proverb of the day: ""Cold and heat last until the equinox"" — Inspiring life lessons on patience, resilience, hope, perseverance, emotional strength, personal growth, and why every difficult season eventually gives way to brighter days through timeless Japanese wisdom","Japanese proverb of the day: The Japanese proverb ""Cold and heat last until the equinox"" (Atsusa samusa mo higan made) offers a powerful, nature-inspired perspective on human resilience. At its core, the saying teaches that extreme hardship—whether physical d…",https://economictimes.indiatimes.com/news/international/us/famous-japanese-proverb-of-the-day-cold-and-heat-last-until-the-equinox-inspiring-life-lessons-on-patience-resilience-hope-perseverance-emotional-strength-personal-growth-and-why-every-difficult-season-eventually-gives-way-to-brighter-days-through-timeless-japanese-wisdom/articleshow/132687497.cms,"https://img.etimg.com/thumb/msid-132688406,width-1200,height-630,imgsize-1958538,overlay-economictimes/articleshow.jpg",http://web.archive.org/web/20260728201205/https://economictimes.indiatimes.com/news/international/us/famous-japanese-proverb-of-the-day-cold-and-heat-last-until-the-equinox-inspiring-life-lessons-on-patience-resilience-hope-perseverance-emotional-strength-personal-growth-and-why-every-difficult-season-eventually-gives-way-to-brighter-days-through-timeless-japanese-wisdom/articleshow/132687497.cms,"Japanese proverb of the day: For anyone facing uncertainty, disappointment or emotional exhaustion, one traditional Japanese proverb offers a timeless perspective that feels just as meaningful today … [+8844 chars]",,"Berühmtes japanisches Sprichwort des Tages: „Kälte und Hitze dauern bis zur Tagundnachtgleiche“ – Inspirierende Lektionen fürs Leben über Geduld, Belastbarkeit, Hoffnung, Ausdauer, emotionale Stärke, persönliches Wachstum und warum jede schwierige Jahreszeit schließlich zu besseren Tagen führt, durch zeitlose japanische Weisheit. Japanisches Sprichwort des Tages: Das japanische Sprichwort „Kälte und Hitze dauern bis zur Tagundnachtgleiche“ (Atsusa samusa mo higan made) bietet eine kraftvolle, von der Natur inspirierte Perspektive auf die menschliche Widerstandsfähigkeit. Im Kern lehrt das Sprichwort, dass extreme Härte – sei es körperlicher Schaden …","Famous Japanese proverb of the day: ""Cold and heat last until the equinox"" — Inspiring life lessons on patience, resilience, hope, perseverance, emotional strength, personal growth, and why every difficult season eventually gives way to brighter days through timeless Japanese wisdom. Japanese proverb of the day: The Japanese proverb ""Cold and heat last until the equinox"" (Atsusa samusa mo higan made) offers a powerful, nature-inspired perspective on human resilience. At its core, the saying teaches that extreme hardship—whether physical d…","Celebre Iaponica proverbium diei: ""Frigus et calor usque ad aequinoctium durant"" - Inspirans vitae documenta patientiam, mollitiam, spem, perseverantiam, motus vires, personale incrementum, et cur omne difficile tempus tandem cedit clarioribus diebus per intempestiva sapientia Iaponica. Proverbium diei Iaponica: Proverbium Iaponica ""Frigus et calor usque ad aequinoctium"" (Atsusa samusa mo higan facta) potentem praebet prospectum naturae inspiratae in mollitiam humanam. In suo nucleo sermo docet extremam illam aerumnam sive corporis d…",2026-08-01 11:13:42+00:00
311ec520cb876278a3bcbb5ad4249328,2026-07-26T04:48:35Z,'cold snap',www.online-tech-tips.com,en,0.2,How to Fix Snapchat Keeps Crashing on iPhone and Chromebook,"If Snapchat keeps crashing on your phone or Chromebook, follow these ordered fixes for cache, connection, updates, outages, and app errors today.
The post How to Fix Snapchat Keeps Crashing on iPhone and Chromebook first appeared on Online Tech Tips.",https://www.online-tech-tips.com/fix-snapchat-keeps-crashing/#article,https://www.online-tech-tips.com/wp-content/uploads/2026/07/fix-snapchat-keeps-crashing-featured.webp,http://web.archive.org/web/20260728003643/https://www.online-tech-tips.com/fix-snapchat-keeps-crashing/,"What’s more annoying than opening Snapchat for a quick Snap and getting dumped back on the Home Screen? Freezes, stuck messages, and blank camera screens usually come from a bad app session, shaky in… [+16499 chars]",,"So beheben Sie, dass Snapchat auf iPhone und Chromebook immer wieder abstürzt. Wenn Snapchat auf Ihrem Telefon oder Chromebook weiterhin abstürzt, befolgen Sie noch heute diese angeordneten Korrekturen für Cache, Verbindung, Updates, Ausfälle und App-Fehler.
Der Beitrag „So beheben Sie, dass Snapchat auf iPhone und Chromebook immer wieder abstürzt“ erschien zuerst auf Online Tech Tips.","How to Fix Snapchat Keeps Crashing on iPhone and Chromebook. If Snapchat keeps crashing on your phone or Chromebook, follow these ordered fixes for cache, connection, updates, outages, and app errors today.
The post How to Fix Snapchat Keeps Crashing on iPhone and Chromebook first appeared on Online Tech Tips.","Quomodo figere Snapchat servat Fragosus in iPhone et Chromebook. Si Snapchat fragorem in phone vel Chromebook custodit, haec ordinata figmenta sequere pro cache, nexu, updates, outages et errores hodie app.
Postes Quomodo figere Snapchat servat Fragorem in iPhone et Chromebook primum apparuit in Online Tech Tips.",2026-08-01 20:44:32+00:00
07d1f643234dd536c40ae141f66b6def,2026-07-25T22:25:00Z,'cold snap',www.jalopnik.com,en,0.3,Here's How The Temperature Affects The PSI In Your Tires,Driving on underinflated tires wastes fuel and wears down tread faster. Learn how seasonal temps affect your PSI and can impact both safety and fuel economy.,https://www.jalopnik.com/2220792/how-temperature-affects-psi-tires/,https://www.jalopnik.com/img/gallery/heres-how-the-temperature-affects-the-psi-in-your-tires/l-intro-1784734700.jpg,http://web.archive.org/web/20260726004258/https://www.jalopnik.com/2220792/how-temperature-affects-psi-tires/,"You're probably familiar with that first cold-temperature ping on your car's dash, warning of low tire pressure. Why did that happen, and why is it important to always check the pressure after that f… [+1326 chars]",,"So beeinflusst die Temperatur den PSI in Ihren Reifen. Das Fahren mit zu geringem Reifendruck verschwendet Kraftstoff und verschleißt das Profil schneller. Erfahren Sie, wie sich saisonale Temperaturen auf Ihren PSI auswirken und sich sowohl auf die Sicherheit als auch auf den Kraftstoffverbrauch auswirken können.",Here's How The Temperature Affects The PSI In Your Tires. Driving on underinflated tires wastes fuel and wears down tread faster. Learn how seasonal temps affect your PSI and can impact both safety and fuel economy.,Ecce quomodo Temperature afficit PSI in Tyres. Agitantem in underinflated languescit cibus et terit calcando citius. Disce quomodo temporis momenta tua PSI afficiunt ac salutem et cibus oeconomiam attingere possunt.,2026-08-01 20:44:32+00:00
5ba4178c76302005ba837eff1ba3b1ef,2026-07-27T05:00:00Z,'cold wave',wattsupwiththat.com,en,0.7,ECMWF Models Throwing Cold Water on Extreme Germany Heat Wave Forecast Next Week,"Recent Germany forecasts of “never seen before heat” coming next week are already fizzling out. Of course there’s going to be some hot weather next week, but probably nothing like the click-baiting media have been warning. 
The post ECMWF Models Throwing Cold…",https://wattsupwiththat.com/2026/07/26/ecmwf-models-throwing-cold-water-on-extreme-germany-heat-wave-forecast-next-week/,https://i0.wp.com/wattsupwiththat.com/wp-content/uploads/2026/07/Kachelmann-SWIss-1024x514-1.webp?fit=1024%2C514&quality=75&ssl=1,http://web.archive.org/web/20260728071611/https://wattsupwiththat.com/2026/07/26/ecmwf-models-throwing-cold-water-on-extreme-germany-heat-wave-forecast-next-week/,"From the NoTricksZone
By P Gosselin 
Recent Germany forecasts of never seen before heat coming next week are already fizzling out. Of course theres going to be some hot weather next week, but proba… [+1258 chars]",,"ECMWF-Modelle überschütten die Prognose einer extremen Hitzewelle in Deutschland nächste Woche mit kaltem Wasser. Die jüngsten Prognosen für Deutschland, dass nächste Woche eine „noch nie dagewesene Hitze“ erwartet wird, sind bereits im Sande verlaufen. Natürlich wird es nächste Woche heißes Wetter geben, aber wahrscheinlich warnen die Clickbaiting-Medien nicht so sehr. 
Der Beitrag EZMWK-Modelle, die kalt werden…","ECMWF Models Throwing Cold Water on Extreme Germany Heat Wave Forecast Next Week. Recent Germany forecasts of “never seen before heat” coming next week are already fizzling out. Of course there’s going to be some hot weather next week, but probably nothing like the click-baiting media have been warning. 
The post ECMWF Models Throwing Cold…","ECMWF exemplum Iactis Aquae Frigidae in Extremae Germaniae Caloris Undo Praedictio Proxima Hebdomadae. Recentes Germaniae praenuntiationes ""non visae ante calorem"" proximae hebdomadis venientes iam inexplicabiles sunt. Utique in altera septimana aliqua aestus erit futurum, sed probabiliter nihil simile de instrumentis strepitantibus monuerunt. 
Post ECMWF exemplum Iactis Frigidi…",2026-08-02 02:14:56+00:00
27eac63d96b733678e0250fb7cbd0785,2026-07-29T19:18:49Z,'extreme cold',www.forbes.com,en,0.9,How Old Extreme Weather Playbooks Can Save Us From Future Heat,"In the U.S., heat claims more lives than floods, tornadoes & hurricanes combined. Lessons from managing extreme cold, floods & hurricanes offer a blueprint for survival.",https://www.forbes.com/sites/nicoleroberts/2026/07/29/how-old-extreme-weather-playbooks-can-save-us-from-future-heat/,https://imageio.forbes.com/specials-images/imageserve/6a68d21db4e09049e7a50830/0x0.jpg?format=jpg&height=900&width=1600&fit=bounds,http://web.archive.org/web/20260730003215/https://www.forbes.com/sites/nicoleroberts/2026/07/29/how-old-extreme-weather-playbooks-can-save-us-from-future-heat/,"BATANGAS PROVINCE, PHILIPPINES - 2020 JANUARY 12: The evening sky with volcanic lightning, the eruption of Taal Volcano as seen from the nearby province of Quezon. The eruption has sent a kilometer p… [+6699 chars]",,"Wie alte Extremwetter-Lehrbücher uns vor zukünftiger Hitze bewahren können. In den USA fordert Hitze mehr Todesopfer als Überschwemmungen, Tornados und Hurrikane zusammen. Lehren aus dem Umgang mit extremer Kälte, Überschwemmungen und Hurrikanen bieten eine Blaupause für das Überleben.","How Old Extreme Weather Playbooks Can Save Us From Future Heat. In the U.S., heat claims more lives than floods, tornadoes & hurricanes combined. Lessons from managing extreme cold, floods & hurricanes offer a blueprint for survival.","Quam Vetus Extrema Tempestas Playbooks Ex Future Calore nos salvare potest. In US, calor plus vitae vindicat quam inundationes, turbines & turbinum mixtas. Lectiones de summa frigoris administratione, inundationibus & turbinibus quodammodo ad salutem praebent.",2026-08-02 02:14:56+00:00
7a3d366a786ee696bbb1631e7326619d,2026-07-30T01:40:07Z,'cold front',www.bbc.co.uk,en,0.9,Cooler conditions on way for parts of UK - but still no rain for drought-hit areas,"After another day of record-breaking temperatures for some parts of England, a cold front is moving in.",https://www.bbc.co.uk/weather/articles/c1k183p9ddpo,https://ichef.bbci.co.uk/ace/branded_weather/1200/cpsprodpb/8edf/live/75359650-8b40-11f1-b2d7-b96c6bc9d7f5.jpg,http://web.archive.org/web/20260730215515/https://www.bbc.co.uk/weather/articles/c1k183p9ddpo,"Cooler conditions and some rain are on the way for parts of UK on Thursday into the weekend, as a cold front moves into the UK.
However, with more than half of England and parts of Wales officially … [+1545 chars]",,"In Teilen des Vereinigten Königreichs wird es voraussichtlich kühler, in den von der Dürre betroffenen Gebieten jedoch immer noch kein Regen. Nach einem weiteren Tag mit rekordverdächtigen Temperaturen in einigen Teilen Englands zieht eine Kaltfront auf.","Cooler conditions on way for parts of UK - but still no rain for drought-hit areas. After another day of record-breaking temperatures for some parts of England, a cold front is moving in.","Conditiones frigidiores modo in partibus UK - sed pluviae siccitatis areas adhuc nullae sunt. Post alium diem temperaturarum recordum-fractionis in quibusdam partibus Angliae, fronte frigida movetur.",2026-08-02 02:14:56+00:00
0b7bc5705502ecf041491a998d130d76,2026-07-30T02:56:00Z,'extreme cold',www.lifesciencesworld.com,en,0.9,How do you treat hummingbirds in extreme cold?,"How To Help Hummingbirds Survive Extreme Cold: A Lifeline for Tiny Flyers The best way to treat hummingbirds in extreme cold is to prevent freezing of their nectar source – vital for their survival – by using heated feeders, insulating existing feeders, and b…",https://www.lifesciencesworld.com/how-do-you-treat-hummingbirds-in-extreme-cold/,,,"The best way to treat hummingbirds in extreme cold is to prevent freezing of their nectar sourcevital for their survival by using heated feeders, insulating existing feeders, and bringing feeders ind… [+7217 chars]",,"Wie behandelt man Kolibris bei extremer Kälte? So helfen Sie Kolibris, extreme Kälte zu überleben: Eine Lebensader für kleine Flieger Der beste Weg, Kolibris bei extremer Kälte zu behandeln, besteht darin, das Einfrieren ihrer überlebenswichtigen Nektarquelle zu verhindern, indem Sie beheizte Futtertröge verwenden, vorhandene Futtertröge isolieren und …","How do you treat hummingbirds in extreme cold?. How To Help Hummingbirds Survive Extreme Cold: A Lifeline for Tiny Flyers The best way to treat hummingbirds in extreme cold is to prevent freezing of their nectar source – vital for their survival – by using heated feeders, insulating existing feeders, and b…","Quid agis hummingbirds in summo frigore ?. Quomodo Auxiliare Hummingbirds Superesse Extremum Frigidi: Vitalis pro Vegrandis Volaces Optime tractandi hummingaves in summo frigore ne torpore nectaris sui fonti - vitalis ad superstitem - utendo feeders calefacti, insulating pascentes existentes, et b…",2026-08-02 02:14:56+00:00
c36f24ee8a18914b374e9b90e77c4fe4,2026-07-31T21:30:00Z,'heating system',cheezburger.com,en,0.2,"After a couple finally decided they finally had room to foster, a tiny kitten showed up on their porch at the perfect time","This little kitten wasn't about to wait for an application to be approved.
Just as one cat lover started thinking about fostering kittens, the Cat Distribution System made the decision a whole lot easier. Before they even had the chance to bring it up with t…",https://cheezburger.com/46272517/after-a-couple-finally-decided-they-finally-had-room-to-foster-a-tiny-kitten-showed-up-on-their,https://i.chzbgr.com/original/46272517/hB84971D5/pictures-of-a-cat-and-one-picture-of-text-including-i-found-this-little-muffin-sleeping-by-our-cats,,"Just as one cat lover started thinking about fostering kittens, the Cat Distribution System made the decision a whole lot easier. Before they even had the chance to bring it up with their partner, a … [+1312 chars]",,"Nachdem ein Paar endlich beschlossen hatte, endlich Platz für eine Pflegestelle zu haben, tauchte zur perfekten Zeit ein kleines Kätzchen auf ihrer Veranda auf. Dieses kleine Kätzchen wollte nicht auf die Genehmigung eines Antrags warten.
Gerade als ein Katzenliebhaber anfing, über die Unterbringung von Kätzchen nachzudenken, erleichterte ihm das Katzenverteilungssystem die Entscheidung erheblich. Bevor sie überhaupt die Gelegenheit hatten, es mit dem Thema anzusprechen …","After a couple finally decided they finally had room to foster, a tiny kitten showed up on their porch at the perfect time. This little kitten wasn't about to wait for an application to be approved.
Just as one cat lover started thinking about fostering kittens, the Cat Distribution System made the decision a whole lot easier. Before they even had the chance to bring it up with t…","Postquam duo tandem decreverunt ut spatium fovendi tandem haberent, in porticu suo perfecto tempore catulus parvus apparuit. Hoc CATULUS non erat exspectaturus applicationis approbandae.
Sicut unus cattus amans incepit cogitare de kittens fovendis, ratio Cat Distributionis consilium totam sortem faciliorem fecit. Priusquam etiam facultas est ut eam per t ... adducam.",2026-08-02 11:14:09+00:00
4368f4d763a6706c9479c389ab66a167,2026-07-01T15:00:00Z,'heating system',science.nasa.gov,en,0.3,NASA’s Webb Studies How Planet Survived Death of its Star,"NASA’s James Webb Space Telescope is giving us new insight into the far-future of solar systems like our own, as the agency continues to reveal the secrets of the universe and our place in it. Billions of years ago, a Sun-like star nearing the end of its life…",https://science.nasa.gov/missions/webb/nasas-webb-studies-how-planet-survived-death-of-its-star/,https://assets.science.nasa.gov/content/dam/science/missions/webb/science/2026/07/STScI-01KV8SMVYFK67J7RPRW1HB0SKS.jpg/jcr:content/renditions/cq5dam.web.1280.1280.jpeg,http://web.archive.org/web/20260702002501/https://science.nasa.gov/missions/webb/nasas-webb-studies-how-planet-survived-death-of-its-star/,"NASAs James Webb Space Telescope is giving us new insight into the far-future of solar systems like our own, as the agency continues to reveal the secrets of the universe and our place in it. Billion… [+6831 chars]",,"Webb der NASA untersucht, wie der Planet den Tod seines Sterns überlebte. Das James-Webb-Weltraumteleskop der NASA gewährt uns neue Einblicke in die ferne Zukunft von Sonnensystemen wie unserem eigenen, während die Agentur weiterhin die Geheimnisse des Universums und unseren Platz darin enthüllt. Vor Milliarden von Jahren näherte sich ein sonnenähnlicher Stern dem Ende seines Lebens ...","NASA’s Webb Studies How Planet Survived Death of its Star. NASA’s James Webb Space Telescope is giving us new insight into the far-future of solar systems like our own, as the agency continues to reveal the secrets of the universe and our place in it. Billions of years ago, a Sun-like star nearing the end of its life…","NASA Webb Studies How Planet Survived Death of its Star. NASA Spatium Telescopium James Webb perspectum nobis praebet novam in futurum systematis solaris nostri similem, cum propellens pergit arcana mundi et locum in eo detegere. Billions abhinc annis, Sole stellae appropinquante ad finem vitae.",2026-08-02 11:14:09+00:00
8877fdb5a2fbc71fab8dca47cd1e78ff,2026-07-02T09:00:00Z,'heating system',www.technologyreview.com,en,0.3,Why California’s carbon manure math doesn’t add up,"Something stinks in California’s climate policies. Years ago, the state set up a system that pays cattle farmers across the country to turn the methane emitted from cattle manure into natural gas, encouraging the dairy sector to produce a gas we burn instead …",https://www.technologyreview.com/2026/07/02/1139981/why-californias-carbon-manure-math-doesnt-add-up/,"https://wp.technologyreview.com/wp-content/uploads/2026/06/260624_spark_cows.jpg?resize=1200,600",http://web.archive.org/web/20260703002939/https://www.technologyreview.com/2026/07/02/1139981/why-californias-carbon-manure-math-doesnt-add-up/,Heres how the system works: The states climate regulations require the transportation fuels industry to lower the carbon dioxide levels in its products over timeor purchase credits from other parties… [+1698 chars],,"Warum die Kohlenstoffdünger-Rechnung Kaliforniens nicht aufgeht. Etwas stinkt in der Klimapolitik Kaliforniens. Vor Jahren hat der Staat ein System eingeführt, das Viehzüchter im ganzen Land dafür bezahlt, das aus Viehdung ausgestoßene Methan in Erdgas umzuwandeln, und so den Milchsektor dazu ermutigt, stattdessen ein Gas zu produzieren, das wir verbrennen …","Why California’s carbon manure math doesn’t add up. Something stinks in California’s climate policies. Years ago, the state set up a system that pays cattle farmers across the country to turn the methane emitted from cattle manure into natural gas, encouraging the dairy sector to produce a gas we burn instead …","Cur mathematicam carbo carbonis stercoris non addit. Putet aliquid in consiliis climatis in California. Ante annos, Civitas systema statuit quam agricolae pecudes per regionem reddit ut methanum ex fimo pecorum in gas naturale emissum convertat, hortans sectorem lacticiniis ad efficiendum gas, nos pro ... ardemus.",2026-08-02 11:14:09+00:00
ab62ee2a17bc3e5617dd504e9c8ccfb9,2026-07-02T12:00:00Z,'heating system',www.nybooks.com,en,0.3,Climate and Punishment,"Vigil finds George Saunders returning to the theme of his first novel, grief—this time not for a person but for a planet.",https://www.nybooks.com/articles/2026/07/23/climate-and-punishment-vigil-george-saunders/,https://www.nybooks.com/wp-content/uploads/2026/06/saunders_george-072326-1200.jpg,http://web.archive.org/web/20260703081226/https://www.nybooks.com/articles/2026/07/23/climate-and-punishment-vigil-george-saunders/,"Climate change is a strange kind of crime. In some sense we are all guilty of it, and all still in the process of committing it. Our car rides and plane trips, coffees and burgers, heating and coolin… [+19335 chars]",,"Klima und Bestrafung. In „Vigil“ kehrt George Saunders zum Thema seines ersten Romans zurück: Trauer – dieses Mal nicht um eine Person, sondern um einen Planeten.","Climate and Punishment. Vigil finds George Saunders returning to the theme of his first novel, grief—this time not for a person but for a planet.",Clima et poena. Vigilia Georges Saunders ad argumentum primae novae doloris reperit - hoc tempus non homini sed planetae.,2026-08-02 11:14:09+00:00
c75fc4480e72cc2d334a1bd93a1be076,2026-07-09T23:00:18Z,'heating system',www.makeuseof.com,en,0.3,I used a free app to finally find what was overheating my phone,My overheating mystery finally solved.,https://www.makeuseof.com/i-used-a-free-app-to-finally-find-what-was-overheating-my-phone/,https://static0.makeuseofimages.com/wordpress/wp-content/uploads/wm/2026/07/configure-battery-guru.png?w=1600&h=900&fit=crop,http://web.archive.org/web/20260710041841/https://www.makeuseof.com/i-used-a-free-app-to-finally-find-what-was-overheating-my-phone/,"The Google Pixel 10 Pro has been my primary phone for quite a while now, and despite everything I like about it, I've learned to live with the fact that it's far from perfect. Now and then, I'll noti… [+6027 chars]",,"Ich habe eine kostenlose App verwendet, um endlich herauszufinden, was mein Telefon überhitzt hat. Mein Überhitzungsrätsel ist endlich gelöst.",I used a free app to finally find what was overheating my phone. My overheating mystery finally solved.,App liberam usus sum ut tandem invenirem quid mea phone overheating erat. Mysterium meum exustum tandem solvitur.,2026-08-02 11:14:09+00:00
31ffe33fd9715979fd4e286605c6879d,2026-07-26T23:30:05Z,'heating system',www.yankodesign.com,en,0.3,5 Tiny Homes and Fold-Out Cabins Built to Move Wherever You Go,"5 Tiny Homes and Fold-Out Cabins Built to Move Wherever You GoPortable architecture is shifting how space, ownership, and mobility are defined. What once existed as temporary or emergency structures now evolves into refined, design-led systems...",https://www.yankodesign.com/2026/07/26/5-tiny-homes-and-fold-out-cabins-built-to-move-wherever-you-go/,https://www.yankodesign.com/images/design_news/2026/07/638137/Portable-Architecture_Tiny-Homes_Folding_26.jpg,http://web.archive.org/web/20260727090126/https://www.yankodesign.com/2026/07/26/5-tiny-homes-and-fold-out-cabins-built-to-move-wherever-you-go/,"Portable architecture is shifting how space, ownership, and mobility are defined. What once existed as temporary or emergency structures now evolves into refined, design-led systems that move with th… [+9929 chars]",,"5 kleine Häuser und ausklappbare Hütten, die Sie überall hin mitnehmen können. 5 kleine Häuser und ausklappbare Hütten, die sich überall hin bewegen lassen. Tragbare Architektur verändert die Definition von Raum, Eigentum und Mobilität. Was einst als temporäre oder Notfallstrukturen existierte, entwickelt sich heute zu raffinierten, designorientierten Systemen ...","5 Tiny Homes and Fold-Out Cabins Built to Move Wherever You Go. 5 Tiny Homes and Fold-Out Cabins Built to Move Wherever You GoPortable architecture is shifting how space, ownership, and mobility are defined. What once existed as temporary or emergency structures now evolves into refined, design-led systems...","5 Vegrandis Domos et Ovile Ex Cabins aedificatum est quocunque ieris. 5 Minima Domos et Ovile-Ex Cabins aedificatum est ad Movendum Quocunque Architectura Goportabilium vagatur quomodo spatium, dominium, mobilitas definiuntur. Quae olim structurae temporariae vel subitis extiterunt, nunc in systemata exquisita, designata evolvit...",2026-08-02 11:14:09+00:00
99fa226f2aede37cd57b45cab73b1aaf,2026-07-24T14:00:04Z,'cold impacts',spacedaily.com,en,0.3,"Titan may have volcanoes, but they would erupt something stranger than fire: a cold slush of water and ammonia welling up from below and freezing at the surface — ‘cryovolcanism’ that scientists suspect but have yet to confirm","Beneath Titan's frozen crust may lurk volcanoes that erupt not fire but icy slush, a phenomenon scientists have long suspected but never definitively proven.
The post Titan may have volcanoes, but they would erupt something stranger than fire: a cold slush of…",https://spacedaily.com/m-titan-may-have-volcanoes-but-they-would-erupt-something-stranger-than-fire-a-cold-slush-of-water-and-ammonia-welling-up-from-below-and-freezing-at-the-surface-cryovolcanism-that-scientis/,https://spacedaily.com/wp-content/uploads/2026/07/Untitled-design-2026-07-23T225518.836.png,http://web.archive.org/web/20260724174857/https://spacedaily.com/m-titan-may-have-volcanoes-but-they-would-erupt-something-stranger-than-fire-a-cold-slush-of-water-and-ammonia-welling-up-from-below-and-freezing-at-the-surface-cryovolcanism-that-scientis/,"On Earth, a volcano erupts rock heated until it flows like liquid. On Titan, Saturn’s largest moon, proposed volcanism is almost the opposite.
Instead of glowing lava, an eruption could bring a chil… [+5337 chars]",,"Auf Titan gibt es zwar Vulkane, aber sie würden etwas Seltsameres als Feuer ausbrechen: einen kalten Matsch aus Wasser und Ammoniak, der von unten aufsteigt und an der Oberfläche gefriert – „Kryovulkanismus“, den Wissenschaftler vermuten, aber noch nicht bestätigt haben. Unter der gefrorenen Kruste des Titanen könnten Vulkane lauern, die kein Feuer, sondern eisigen Matsch ausbrechen – ein Phänomen, das Wissenschaftler schon lange vermutet, aber nie endgültig bewiesen haben.
Der Post-Titan mag Vulkane haben, aber sie würden etwas Seltsameres als Feuer ausbrechen: einen kalten Matsch aus…","Titan may have volcanoes, but they would erupt something stranger than fire: a cold slush of water and ammonia welling up from below and freezing at the surface — ‘cryovolcanism’ that scientists suspect but have yet to confirm. Beneath Titan's frozen crust may lurk volcanoes that erupt not fire but icy slush, a phenomenon scientists have long suspected but never definitively proven.
The post Titan may have volcanoes, but they would erupt something stranger than fire: a cold slush of…","Potest Titan vulcanos habere, sed aliquid extraneo igne erupturum: frigus tabem et aquae et ammoniam ex inferiore profluentem et in superficie torgentem — 'cryovolcanismum' autem docti suspicantur sed tamen confirmant. Sub gelida Titanis crusta latent vulcanae quae non ignem sed glacialem tabem erumpunt, phaenomenon phisici diu suspectum sed numquam definitive probatum est.
Post Titanas vulcanos habere potest, sed aliquid extra ignem erumperent: frigus tabem…",2026-08-02 15:57:32+00:00
0297195e9be4ffaf6e7dbb2146a775c7,2026-07-30T17:01:35Z,'cold impacts',www.cbssports.com,en,0.3,"Ultimate WNBA trade deadline guide: Buyers, sellers, trade candidates and how the new CBA impacts it all","The WNBA trade deadline is Sunday, August 2 at 3 p.m. ET",https://www.cbssports.com/wnba/news/wnba-trade-deadline-buyers-sellers-candidates-new-cba/,https://sportshub.cbsistatic.com/i/r/2026/07/30/b915fac7-4ec9-42c6-96d9-11ac19460a28/thumbnail/1200x675/9e5a139cccd4714a83a769fe551f2191/sparks-kelsey-plum-atkins-ogwumike-wnba-trade-deadline.png,http://web.archive.org/web/20260731123134/https://www.cbssports.com/wnba/news/wnba-trade-deadline-buyers-sellers-candidates-new-cba/,"The WNBA trade deadline has historically been an afterthought, and you can count on one hand the number of truly meaningful in-season deals. That could change this season, however, as the Los Angeles… [+17310 chars]",,"Ultimativer Leitfaden zur WNBA-Handelsfrist: Käufer, Verkäufer, Handelskandidaten und wie sich die neue CBA auf alles auswirkt. Der WNBA-Handelsschluss ist Sonntag, der 2. August um 15:00 Uhr. UND","Ultimate WNBA trade deadline guide: Buyers, sellers, trade candidates and how the new CBA impacts it all. The WNBA trade deadline is Sunday, August 2 at 3 p.m. ET","Ultimus WNBA dux artis fatalis: emptores, venditores, candidati commercii et quomodo novus CBA omnes impactus est. Commercium WNBA notificata est Dominica, Augusti 2 ad 3 a.m. ET",2026-08-02 15:57:32+00:00
d88014e3cfe57f1615b2fbdfbbdbd820,2026-07-14T09:32:00Z,'colder than usual',www.notebookcheck.net,en,0.3,"This new $39.99 aluminum unibody portable fan has semiconductor cooling, 6,000 mAh battery","Rogbid's new Breeze handheld fan comes with semiconductor cooling instead of the typical blades. It packs a 13,000 RPM turbo motor, 6,000 mAh battery, and aluminum unibody design. Priced at $39.99 in two finishes.",https://www.notebookcheck.net/This-new-39-99-aluminum-unibody-portable-fan-has-semiconductor-cooling-6-000-mAh-battery.1342441.0.html,https://www.notebookcheck.net/fileadmin/Notebooks/News/_nc5/Rogbid-Breeze.png,,"Rogbid, which is better known for its budget Android smartwatches and smart rings, has now added a new handheld fan to its lineup that skips the usual spinning blades for semiconductor cooling. The B… [+2006 chars]",,"Dieser neue tragbare Aluminium-Unibody-Lüfter für 39,99 US-Dollar verfügt über eine Halbleiterkühlung und einen 6.000-mAh-Akku. Der neue Breeze-Handventilator von Rogbid verfügt über eine Halbleiterkühlung anstelle der typischen Flügel. Es verfügt über einen Turbomotor mit 13.000 U/min, einen 6.000-mAh-Akku und ein Aluminium-Unibody-Design. Der Preis beträgt 39,99 $ in zwei Ausführungen.","This new $39.99 aluminum unibody portable fan has semiconductor cooling, 6,000 mAh battery. Rogbid's new Breeze handheld fan comes with semiconductor cooling instead of the typical blades. It packs a 13,000 RPM turbo motor, 6,000 mAh battery, and aluminum unibody design. Priced at $39.99 in two finishes.","Hoc novum $39.99 aluminium unicorporum ventilabrum portatile habet semiconductor refrigerationem, 6.000 mAh altilium. Rogbid's nova Aura manubrii ventilabrum venit cum semiconductore refrigerationis loco foliorum typicorum. Comprimit 13,000 RPM turbo motoris, 6000 mAh altilium, et aluminium unicorporis designationis. Pretium in $39.99 in duabus finitionibus.",2026-08-03 02:22:53+00:00
c1e4975dd8ca347d19107f65b32872fb,2026-07-16T17:00:04Z,'cold front',slickdeals.net,en,0.2,23-Qt BougeRV Portable 12V Car Refrigerator $152 + Free S&H,"BougeRV via Amazon [amazon.com] has *23-Quart BougeRV Portable 12V Car Refrigerator* for *$151.99*. 
*Shipping is free*. 
 
****Deal history:*[list][*]*Frontpage Deal* at *$160* with *26* Deal Score...",https://slickdeals.net/f/19753284-23-qt-bougerv-portable-12v-car-refrigerator-152-free-s-h,https://slickdeals.net/attachment/2/8/9/1/1/450x450/21005367.thumb,http://web.archive.org/web/20260720035532/https://slickdeals.net/f/19753284-23-qt-bougerv-portable-12v-car-refrigerator-152-free-s-h,"I have this in my model y subtrunk. You NEED risers for air circulation. I 3d printed some, but you can DIY anything to keep the subtrunk open so all the heat doesn't get trapped. Even with risers, w… [+223 chars]",,"23-Qt BougeRV tragbarer 12-V-Autokühlschrank 152 $ + kostenloser Versand und Versand. BougeRV über Amazon [amazon.com] bietet *tragbaren 12-V-Autokühlschrank von BougeRV mit 23 Quart Fassungsvermögen* für *151,99 $*. 
*Der Versand ist kostenlos*. 
 
****Deal-Historie:*[list][*]*Frontpage-Deal* für *160 $* mit *26* Deal-Score...","23-Qt BougeRV Portable 12V Car Refrigerator $152 + Free S&H. BougeRV via Amazon [amazon.com] has *23-Quart BougeRV Portable 12V Car Refrigerator* for *$151.99*. 
*Shipping is free*. 
 
****Deal history:*[list][*]*Frontpage Deal* at *$160* with *26* Deal Score...","23-Qt BougeRV Portable 12V Car Refrigerator $152 + Free S&H. BougeRV per Amazon [amazon.com] habet *23-Quart BougeRV Portable 12V Car Refrigerator* pro *$15.99*. 
*Navis libera est*. 
 
****Deal history:*[list][*]*Frontpage Deal* at *$160* with *26* Fac Score...",2026-08-03 08:24:43+00:00
39972f8df2913577630f170d0c4bca29,2026-07-31T14:00:00Z,'cold spell',journals.plos.org,en,0.3,Response of PIP aquaporins to long-term cold stress in two citrus rootstocks,"Cold is one of the most impactful abiotic stresses causing significant crop losses. Additionally, it is a major limiting factor, reducing cultivation areas, especially for tropical and subtropical species such as citrus. In this study, we conducted a physiolo…",https://journals.plos.org/plosone/article?id=10.1371/journal.pone.0355050,https://journals.plos.org/plosone/article/figure/image?id=10.1371/journal.pone.0355050.g004&size=inline,,"Abstract
Cold is one of the most impactful abiotic stresses causing significant crop losses. Additionally, it is a major limiting factor, reducing cultivation areas, especially for tropical and subt… [+34010 chars]",,"Reaktion von PIP-Aquaporinen auf langfristigen Kältestress in zwei Zitruswurzelstöcken. Kälte ist einer der einflussreichsten abiotischen Stressfaktoren, der zu erheblichen Ernteverlusten führt. Darüber hinaus ist es ein wesentlicher limitierender Faktor, der die Anbauflächen verringert, insbesondere für tropische und subtropische Arten wie Zitrusfrüchte. In dieser Studie führten wir eine physiotherapeutische Untersuchung durch.","Response of PIP aquaporins to long-term cold stress in two citrus rootstocks. Cold is one of the most impactful abiotic stresses causing significant crop losses. Additionally, it is a major limiting factor, reducing cultivation areas, especially for tropical and subtropical species such as citrus. In this study, we conducted a physiolo…","Responsio ACINUS aquaporins ad diuturnum tempus frigoris vis in duobus caudice citri. Frigus est unum e maximis momentis abioticis extollit causando detrimenta segetum significantium. Accedit, est maior limitatio, locis colendis reducendis, praesertim speciebus tropicis et subtropicis sicut citri. In hoc studio physiolo deduximus…",2026-08-04 07:34:37+00:00
1bec1e5899def71c15e365a0238ac698,2026-07-07T18:00:38Z,'colder than usual',spacedaily.com,en,0.3,"NASA’s Nancy Grace Roman Space Telescope, due to launch in August 2026, is expected to discover around 100,000 exoplanets in a single mission — more than every telescope in the history of astronomy combined","NASA’s Nancy Grace Roman Space Telescope is now listed by NASA for launch on August 30, 2026, a little earlier than the September 2026 timing that has appeared in some recent coverage. If the mission performs as forecast, the date matters because Roman will n…",https://spacedaily.com/t-nasas-nancy-grace-roman-space-telescope-due-to-launch-in-september-2026-is-expected-to-discover-around-100000-exoplanets-in-a-single-mission-more-than-every-telescope-in-the-history-of-a/,https://spacedaily.com/wp-content/uploads/2026/07/spacedaily_roman_telescope_nasa-1024x576.png,http://web.archive.org/web/20260707202957/https://spacedaily.com/t-nasas-nancy-grace-roman-space-telescope-due-to-launch-in-september-2026-is-expected-to-discover-around-100000-exoplanets-in-a-single-mission-more-than-every-telescope-in-the-history-of-a/,"NASA’s Nancy Grace Roman Space Telescope is now listed by NASA for launch on August 30, 2026, a little earlier than the September 2026 timing that has appeared in some recent coverage. If the mission… [+9157 chars]",,"Das römische Weltraumteleskop Nancy Grace der NASA, das im August 2026 starten soll, wird voraussichtlich in einer einzigen Mission rund 100.000 Exoplaneten entdecken – mehr als jedes andere Teleskop in der Geschichte der Astronomie zusammen. Der Start des römischen Weltraumteleskops Nancy Grace der NASA ist nun für den 30. August 2026 geplant, etwas früher als der in einigen aktuellen Berichten erwähnte Zeitpunkt für September 2026. Wenn die Mission wie vorhergesagt verläuft, ist das Datum wichtig, denn Roman wird n…","NASA’s Nancy Grace Roman Space Telescope, due to launch in August 2026, is expected to discover around 100,000 exoplanets in a single mission — more than every telescope in the history of astronomy combined. NASA’s Nancy Grace Roman Space Telescope is now listed by NASA for launch on August 30, 2026, a little earlier than the September 2026 timing that has appeared in some recent coverage. If the mission performs as forecast, the date matters because Roman will n…","NASA's Nancy Gratia Spatii Romani Telescopium, ob launch in Augusto 2026, expectatur ut circiter 100,000 exoplaneta in una missione detegat — plus quam omnia telescopia in historia astronomiae compositae. NASA's Nancy Gratia Spatii Romani Telescopium nunc ab NASA ad launchendum die 30 Augusti 2026 recensetur, paulo ante quam mense Septembri 2026 leo in recenti quodam coverage apparuit. Si missio ut praesagio fungitur, res tempus habet quod Romana voluntas n…",2026-08-04 21:07:22+00:00
779c36b7b6b179b8f2223faea72ca548,2026-07-09T16:20:40Z,'colder than usual',www.yankodesign.com,en,0.3,"ASUS Zenbook A16 (UX3607OA ) Review: Big screen, Surprisingly Light","ASUS Zenbook A16 (UX3607OA ) Review: Big screen, Surprisingly LightBig laptops usually ask for a compromise. You get the roomy screen, but you also get the extra weight, the larger footprint, and the feeling...",https://www.yankodesign.com/2026/07/09/asus-zenbook-a16-ux3607oa-review-big-screen-surprisingly-light/,https://www.yankodesign.com/images/design_news/2026/07/asus-zenbook-a16-ux3607oa-review-big-screen-surprisingly-light/asus-zenbook-a16-review-03.jpg,,"PROS:
<ul><li>Exceptionally light for a 16-inch laptop</li><li>Beautiful 3K OLED display</li><li>Great battery life</li><li>Strong everyday performance</li></ul>
CONS:
<ul><li>Touchpad clicks feel… [+10628 chars]",,"ASUS Zenbook A16 (UX3607OA) Test: Großer Bildschirm, überraschend leicht. ASUS Zenbook A16 (UX3607OA) Test: Großer Bildschirm, überraschend leicht. Große Laptops erfordern normalerweise einen Kompromiss. Sie erhalten den geräumigen Bildschirm, aber auch das zusätzliche Gewicht, die größere Stellfläche und das Gefühl...","ASUS Zenbook A16 (UX3607OA ) Review: Big screen, Surprisingly Light. ASUS Zenbook A16 (UX3607OA ) Review: Big screen, Surprisingly LightBig laptops usually ask for a compromise. You get the roomy screen, but you also get the extra weight, the larger footprint, and the feeling...","ASUS Zenbook A16 (UX3607OA) Recensio: Magnum velum, mire lumen. ASUS Zenbook A16 (UX3607OA ) Recensio: Magnum velum, Mire LightBig Laptops solere transactionem petere. Capis capax umbilicus, sed etiam extra pondus obtines, vestigium maius, et affectum...",2026-08-04 21:07:22+00:00
d6fd9f84bf1c1580f4382bdcc5359d28,2026-07-13T09:00:00Z,'colder than usual',wattsupwiththat.com,en,0.3,Weekly Climate and Energy News Roundup #697,"“The formulation of a problem is often more essential than its solution, which may be merely a matter of mathematical or experimental skill. To raise new questions, new possibilities, to regard old problems from a new angle requires creative imagination and m…",https://wattsupwiththat.com/2026/07/13/weekly-climate-and-energy-news-roundup-697/,https://i0.wp.com/wattsupwiththat.com/wp-content/uploads/2026/07/ChatGPTnowy-sunrise-at-the-north-side-of-the-grand-canyon.webp?fit=1024%2C512&quality=75&ssl=1,http://web.archive.org/web/20260714081425/https://wattsupwiththat.com/2026/07/13/weekly-climate-and-energy-news-roundup-697/,"Quote of the Week: The formulation of a problem is often more essential than its solution, which may be merely a matter of mathematical or experimental skill. To raise new questions, new possibilitie… [+93609 chars]",,"Wöchentliche Zusammenfassung der Klima- und Energienachrichten Nr. 697. „Die Formulierung eines Problems ist oft wichtiger als seine Lösung, die möglicherweise nur eine Frage mathematischer oder experimenteller Fähigkeiten ist. Neue Fragen und neue Möglichkeiten aufzuwerfen und alte Probleme aus einem neuen Blickwinkel zu betrachten, erfordert kreative Vorstellungskraft und …","Weekly Climate and Energy News Roundup #697. “The formulation of a problem is often more essential than its solution, which may be merely a matter of mathematical or experimental skill. To raise new questions, new possibilities, to regard old problems from a new angle requires creative imagination and m…","Weekly Climate and Energy News Rotundus #697. « Formula quaestionis saepe magis essentialis est quam eius solutio, quae mere mathematicae vel experimentalis sollertiae potest esse, ut novas quaestiones, novas possibilitates moveat, ut problemata vetera ex novo angulo spectantes requirit creatrix imaginationis et m...",2026-08-04 21:07:22+00:00
6a7bdddbaecfc112f571a38b3bf48b1c,2026-07-15T23:45:33Z,'colder than usual',www.dailymail.com,en,0.3,Coming to a Mediterranean beach near you this summer... the DEADLY pufferfish with razor-sharp teeth that carries the world's most lethal poison,"Tetrodotoxin is one of the most deadly poisons in the natural world. Lethal in far smaller amounts than cyanide, it kills by blocking the body's superhighways that transmit nerve signals.",https://www.dailymail.com/news/article-15980937/Coming-Mediterranean-beach-summer-DEADLY-pufferfish-razor-sharp-teeth-lethal-poison.html,https://i.dailymail.com/1s/2026/07/16/00/110048365-0-image-m-62_1784158797838.jpg,http://web.archive.org/web/20260716001517/https://www.dailymail.com/news/article-15980937/Coming-Mediterranean-beach-summer-DEADLY-pufferfish-razor-sharp-teeth-lethal-poison.html,"Tetrodotoxin is one of the most deadly poisons in the natural world. Lethal in far smaller amounts than cyanide, it kills by blocking the body's superhighways that transmit nerve signals.
Cut off fr… [+7327 chars]",,"Diesen Sommer kommt er an einen Mittelmeerstrand in Ihrer Nähe ... der TÖDLICHE Kugelfisch mit messerscharfen Zähnen, der das tödlichste Gift der Welt in sich trägt. Tetrodotoxin ist eines der tödlichsten Gifte der Natur. Es ist in viel geringeren Mengen tödlich als Zyanid und tötet, indem es die Autobahnen des Körpers blockiert, die Nervensignale übertragen.","Coming to a Mediterranean beach near you this summer... the DEADLY pufferfish with razor-sharp teeth that carries the world's most lethal poison. Tetrodotoxin is one of the most deadly poisons in the natural world. Lethal in far smaller amounts than cyanide, it kills by blocking the body's superhighways that transmit nerve signals.","Veniens ad litus Mediterraneum prope te hac aestate... FATALIS pufferfish with novacula-acutis dentibus, qui mundi maximum venenum lethale portat. Tetrodotoxin est inter venena funestissima in mundo naturali. Letalis in multo minore quam cyanide, interclusio corporis super vias quae nervi signa transmittunt, necat.",2026-08-04 21:07:22+00:00
d80744d785d7d306f803c7a112fda027,2026-07-28T05:56:04Z,'heating system',www.universetoday.com,en,0.8,"JWST Could Spot Volcanic ""Exo-Ios"" Around Super-Jupiters","Jupiter’s moon, Io, is the most volcanically active planetary body in the solar system, boasting hundreds of active volcanoes spewing molten lava into space. This occurs from a process called tidal heating where Jupiter’s massive gravity constantly stretches …",https://www.universetoday.com/articles/jwst-could-spot-volcanic-exo-ios-around-super-jupiters,https://www.universetoday.com/article_images/STScI-01JNCRZW5BQBZAS3X7RAT0EFGS.jpg_750_20260728_055108.jpg,http://web.archive.org/web/20260729082305/https://www.universetoday.com/articles/jwst-could-spot-volcanic-exo-ios-around-super-jupiters,"Jupiters moon, Io, is the most volcanically active planetary body in the solar system, boasting hundreds of active volcanoes spewing molten lava into space. This occurs from a process called tidal he… [+3837 chars]",,"JWST könnte vulkanische „Exo-Ios“ in der Nähe von Superjupitern entdecken. Der Jupitermond Io ist der vulkanisch aktivste Planetenkörper im Sonnensystem und verfügt über Hunderte aktiver Vulkane, die geschmolzene Lava in den Weltraum spucken. Dies geschieht durch einen Prozess namens Gezeitenerwärmung, bei dem sich die massive Schwerkraft des Jupiter ständig ausdehnt …","JWST Could Spot Volcanic ""Exo-Ios"" Around Super-Jupiters. Jupiter’s moon, Io, is the most volcanically active planetary body in the solar system, boasting hundreds of active volcanoes spewing molten lava into space. This occurs from a process called tidal heating where Jupiter’s massive gravity constantly stretches …","JWST Potuit macula ""Exo-Ios"" circa Super-Iuppiter. Luna Iovis, Io, est corpus planetarium in systemate solari volcanice activum, iactantia centum vulcanorum activarum lavam fusilem in spatium vomentes. Hoc fit ex processu calefactionis tidali vocato ubi gravitas ingens Iovis continue extenditur...",2026-08-05 02:02:33+00:00
57a71c3a0b70b8c0b2dc4c29717cfb11,2026-07-27T11:44:37Z,'cold impacts',www.dailymail.com,en,0.3,"Cooling down with cottage pie! Britons are reaching for winter comfort foods like stews, pies and curries despite heatwaves amid 'feta fatigue'","Move over, salads! Waitrose reports a massive surge in winter comfort classics, with 'Feta fatigued' shoppers swapping sushi and sandwiches for hot gravy, rich pies, and cozy curries.",https://www.dailymail.com/lifestyle/article-16007467/Cooling-cottage-pie-Britons-reaching-winter-comfort-foods-like-stews-pies-curries-despite-heatwaves-amid-feta-fatigue.html,https://i.dailymail.com/1s/2026/07/27/12/110273591-0-image-a-5_1785152288771.jpg,,"When temperatures soar above 25 degrees in the UK, dinner becomes a loop of salad, sushi, sandwiches, or a platter of cold picky-bits.
But after experiencing a third heatwave already this summer, it… [+6470 chars]",,"Abkühlung mit Cottage Pie! Die Briten greifen trotz Hitzewellen und „Feta-Müdigkeit“ zu winterlichen Wohlfühlspeisen wie Eintöpfen, Kuchen und Currys. Gehen Sie rüber, Salate! Waitrose berichtet von einem massiven Anstieg der Winter-Komfortklassiker, wobei „Feta-müde“ Käufer Sushi und Sandwiches gegen heiße Soße, reichhaltige Kuchen und gemütliche Currys eintauschen.","Cooling down with cottage pie! Britons are reaching for winter comfort foods like stews, pies and curries despite heatwaves amid 'feta fatigue'. Move over, salads! Waitrose reports a massive surge in winter comfort classics, with 'Feta fatigued' shoppers swapping sushi and sandwiches for hot gravy, rich pies, and cozy curries.","Defervefactum cum pica casa! Britanni ad solatium hiemale cibos perveniunt sicut lupanaria, pastilli et aestuosi inter feta lassitudine. Superi, potenti! Famula refert ingens impetus in classica solatii hiemalis, cum 'Feta lassata' shoppers permutando sushi et farti pro liquamine calido, pingue pastillo, et fovere curries.",2026-08-06 02:06:12+00:00
9a786b2f3b73421d8a95d6d8005768e1,2026-07-08T02:22:01Z,'cold wave',cleantechnica.com,en,0.2,Floating Solar PV … To Survive 3.5 Meter Waves,"Floating solar PV power has become more and more popular. It was quite niche for several years, but it is getting more or less “mainstream.” As it has gotten bigger and bigger, innovative designs for certain climates and geographies have been getting develope…",https://cleantechnica.com/2026/07/07/floating-solar-pv-to-survive-3-5-meter-waves/,https://cleantechnica.com/wp-content/uploads/2026/07/BRIZO-Wave-Ocean-Floating-Solar-PV.jpg,,"Support CleanTechnica's work through a Substack subscription or on Stripe.
Floating solar PV power has become more and more popular. It was quite niche for several years, but it is getting more or l… [+3592 chars]",,"Schwimmende Solar-PV … um 3,5-Meter-Wellen zu überleben. Schwimmende Solarenergie erfreut sich immer größerer Beliebtheit. Es war mehrere Jahre lang eine eher Nische, aber es wird mehr oder weniger zum „Mainstream“. Da es immer größer wurde, wurden innovative Designs für bestimmte Klimazonen und Regionen entwickelt …","Floating Solar PV … To Survive 3.5 Meter Waves. Floating solar PV power has become more and more popular. It was quite niche for several years, but it is getting more or less “mainstream.” As it has gotten bigger and bigger, innovative designs for certain climates and geographies have been getting develope…","Fluitans Solaris PV ... Ad 3.5 Meter undas superesse. Fluitans potentia solaris PV magis ac magis popularis facta est. Per aliquot annos satis angulus erat, sed plus minusve ""amet"". Cum maiora et maiora acquisiverit, consilia nova pro quibusdam climatibus et geographias enucleanda sunt.",2026-08-07 15:51:58+00:00
6a732379230ebe5a3415a76d22ffdfa0,2026-07-10T19:17:38Z,'cold wave',247wallst.com,en,0.2,You Didn’t Need SanDisk: This Semiconductor ETF Caught the AI Wave Too,"SanDisk went vertical and you watched from the sidelines. Before you spiral into regret, consider what most people overlook: missing the stock does not mean...",https://247wallst.com/investing/etf/2026/07/10/you-didnt-need-sandisk-this-semiconductor-etf-caught-the-ai-wave-too/,https://s.yimg.com/lo/mysterio/api/AF1DE1A41929E56151B282AADD2EC295F26840109E501CDB9A16AC5EF9C354D0/subgraphmysterio/resizefill_w1200_h674;quality_80;format_webp/https:%2F%2Fmedia.zenfs.com%2Fen%2F24_7_wall_st__718%2F7988387abe247447186e7611e1e75107,,"Quick Read
<ul><li>SNDK surged 683% year-to-date while XSD, a broad semiconductor ETF, returned 77% over the same period without single-stock earnings-night anxiety.
</li><li>Analysts expect the NA… [+5590 chars]",,"Sie brauchten SanDisk nicht: Auch dieser Halbleiter-ETF hat die KI-Welle erfasst. SanDisk ging in die Vertikale und Sie sahen von der Seitenlinie aus zu. Bevor Sie ins Bedauern verfallen, bedenken Sie, was die meisten Menschen übersehen: Das Verpassen der Aktie bedeutet nicht...","You Didn’t Need SanDisk: This Semiconductor ETF Caught the AI Wave Too. SanDisk went vertical and you watched from the sidelines. Before you spiral into regret, consider what most people overlook: missing the stock does not mean...","Non SanDisk opus erat: Hoc Semiconductor ETF Captum AI Wave Nimis. SanDisk verticalem abiit et a sidelines observasti. Ante te spiram in paeniteat, considera quid plerique neglecturi sint: deest stirps non significata...",2026-08-07 15:51:58+00:00
14eab566ac0ecf458722cf26f59c11c9,2026-07-29T22:00:51Z,'cold snap',spacedaily.com,en,0.3,"Of all the worlds beyond Earth, Titan is the only one you could step onto without a pressure suit: the air is thick enough that you would need no suit at all, only heavy protection from the deadly cold and a supply of oxygen","A moon where the air is thick enough to breathe—if only it weren't toxic and brutally cold.
The post Of all the worlds beyond Earth, Titan is the only one you could step onto without a pressure suit: the air is thick enough that you would need no suit at all,…",https://spacedaily.com/m-of-all-the-worlds-beyond-earth-titan-is-the-only-one-you-could-step-onto-without-a-pressure-suit-the-air-is-thick-enough-that-you-would-need-no-suit-at-all-only-heavy-protection-from-the-deadly-col/,https://spacedaily.com/wp-content/uploads/2026/07/blog-images-30.png,http://web.archive.org/web/20260730125912/https://spacedaily.com/m-of-all-the-worlds-beyond-earth-titan-is-the-only-one-you-could-step-onto-without-a-pressure-suit-the-air-is-thick-enough-that-you-would-need-no-suit-at-all-only-heavy-protection-from-the-deadly-col/,"Most of us get this wrong about space suits. We think of them as an air supply, and they are that. But much of the engineering goes into a different problem: pressure.
Out in the vacuum of space, or… [+3432 chars]",,"Von allen Welten außerhalb der Erde ist Titan die einzige, die man ohne Druckanzug betreten kann: Die Luft ist so dick, dass man überhaupt keinen Anzug bräuchte, sondern nur starken Schutz vor der tödlichen Kälte und eine Sauerstoffversorgung. Ein Mond, auf dem die Luft dick genug zum Atmen ist – wenn sie nur nicht giftig und brutal kalt wäre.
Der Beitrag Von allen Welten jenseits der Erde ist Titan der einzige, den man ohne Druckanzug betreten kann: Die Luft ist so dick, dass man überhaupt keinen Anzug bräuchte, …","Of all the worlds beyond Earth, Titan is the only one you could step onto without a pressure suit: the air is thick enough that you would need no suit at all, only heavy protection from the deadly cold and a supply of oxygen. A moon where the air is thick enough to breathe—if only it weren't toxic and brutally cold.
The post Of all the worlds beyond Earth, Titan is the only one you could step onto without a pressure suit: the air is thick enough that you would need no suit at all,…","Omnium terrarum ultra Terram, Titan solus est, quem posses sine pressione litem incedere: aer satis crassus est ut nulla prorsus causa opus sit, nisi grave praesidium a letali frigore et copia oxygenii. Luna ubi aer spissus est ad respirandum—si modo toxici et immaniter friget non esset.
Postes omnium terrarum ultra Terram, Titan solus est quem posses incedere sine pressione: aer est satis crassus ut nulla re indigeas,…",2026-08-07 20:36:00+00:00
195f64b079104b730db263694a4273a9,2026-07-30T20:08:57Z,'cold wave',theconversation.com,en,0.8,"Falls in whale sightings, rare seabirds appearing – is something unusual happening in the Southern Ocean?",Could marine heatwaves in the cold Southern Ocean be making animals and birds migrate? It’s possible – but we need better monitoring to know.,https://theconversation.com/falls-in-whale-sightings-rare-seabirds-appearing-is-something-unusual-happening-in-the-southern-ocean-287961,https://images.theconversation.com/files/751088/original/file-20260730-50-w7ug9e.jpg?ixlib=rb-4.1.1&rect=0%2C459%2C5500%2C2750&q=45&auto=format&w=1356&h=668&fit=crop,http://web.archive.org/web/20260731062223/https://theconversation.com/falls-in-whale-sightings-rare-seabirds-appearing-is-something-unusual-happening-in-the-southern-ocean-287961,"In late June, whale watchers in southwest Western Australia sounded the alarm. They had seen far fewer humpback whales at a time when they normally migrate up from the Southern Ocean to calve and fee… [+6206 chars]",,"Rückläufige Walsichtungen, seltene Seevögel tauchen auf – passiert im Südpolarmeer etwas Ungewöhnliches? Könnten Meereshitzewellen im kalten Südpolarmeer dazu führen, dass Tiere und Vögel wandern? Es ist möglich – aber wir brauchen eine bessere Überwachung, um das zu wissen.","Falls in whale sightings, rare seabirds appearing – is something unusual happening in the Southern Ocean?. Could marine heatwaves in the cold Southern Ocean be making animals and birds migrate? It’s possible – but we need better monitoring to know.","In aspectibus ceti cadit, aves marinae rarae apparentes — insolitum in Oceano Australi accidit. Poterantne aestus marini in Oceano Australi frigore animalia et aves migrare? Fieri potest – sed melius vigilantia cognoscendi opus est.",2026-08-07 20:36:00+00:00
