topic,sentiment_mean,sentiment_std,subjectivity_mean,subjectivity_std,counting
Adaptation,0.1717504726873231,0.7599010716752183,-0.15895851289201132,0.8041560732552926,62.0
Causes,-0.08387246130173122,0.6099012494244603,0.25536031308738566,0.7196851361266403,62.0
Hazard,-0.10744625018635168,0.7877484286207482,0.1728071011769657,0.8328490196247696,320.0
Impacts,0.08473822252915661,0.7939582542620865,0.2608507842025452,0.7833944621589732,66.0
Mitigation,0.3804857545638546,0.7741683648066809,-0.03382883305329152,0.8195415827381154,60.0
