keyword,sentiment_mean,sentiment_std,subjectivity_mean,subjectivity_std,counting
'cold front',-0.053465378208322485,0.25348606323363165,0.5073184253806656,0.35710230124778486,15.0
'cold impacts',-0.17636904761904762,0.17484056958624514,0.8760119047619048,0.17534564585852128,2.0
'cold spell',0.09126485853367629,0.29306668615973575,0.42076151378761323,0.44754347560094254,12.0
'cold wave',-0.16702733573616657,0.6966699655731454,0.27259146960589814,0.74152426170098,16.0
'heating system',0.11286676286676287,0.017720184367397366,0.44668109668109673,0.288250599834343,2.0
'insulation house',0.2537878787878788,1.0,0.5126262626262627,1.0,1.0
