topic,sentiment_mean,sentiment_std,subjectivity_mean,subjectivity_std,counting
Adaptation,0.331309362835761,0.8814823143500798,-0.26099015296014105,0.9047412820898589,127.0
Causes,-0.16610034029896784,0.7359338840424506,0.11023839337451692,0.8083016389374436,134.0
Hazard,-0.08199216507436241,0.8259017418879676,0.18863170962375256,0.8448061953867233,672.0
Impacts,-0.09042712309001638,0.8280579395897121,0.2070956524829822,0.8697622095764117,135.0
Mitigation,0.35630706892966163,0.8779906501794001,-0.23226132271731886,0.8943711695912863,128.0
