topic,sentiment_mean,sentiment_std,subjectivity_mean,subjectivity_std,counting
Adaptation,0.3107862812283009,0.8256236001376948,-0.2438763751595606,0.8699543389602231,98.0
Causes,-0.17383975294830456,0.6940720928162801,0.1296959259196574,0.7913423793202894,102.0
Hazard,-0.08845894789661635,0.8053602293552402,0.20283389100254864,0.8263591965459746,526.0
Impacts,-0.04221697592811123,0.8248805787690828,0.19798022519889824,0.8661260542656577,99.0
Mitigation,0.3755433393002262,0.8863308539590444,-0.20315007894174986,0.9063023480709107,99.0
