topic,sentiment_mean,sentiment_std,subjectivity_mean,subjectivity_std,counting
Adaptation,0.3159865003985828,0.5795832102214746,0.4435627259734533,0.4443950414792002,14.0
Causes,-0.0840615516148105,0.34866396704204183,0.4477745305992194,0.45350617804971505,17.0
Hazard,-0.08352308675140796,0.6821613112203073,0.20189497612749682,0.7455263610174225,112.0
Impacts,0.2638597782756135,0.7250986607581983,0.22624266664611634,0.7292792210152731,13.0
Mitigation,0.029974860932842264,0.6730428839126802,-0.22802556558830894,0.7841337691872883,14.0
