week,sentiment_mean,sentiment_std,subjectivity_mean,subjectivity_std,counting
2025-41,-0.08012566137566138,0.15257489277267716,0.7501818783068783,0.16761793710237688,4.0
2025-42,-0.054574514991181655,0.224658042671018,0.6302876984126984,0.11073572767704547,6.0
2025-43,-0.061348331802877264,0.06525194605223414,0.6650061218243036,0.031071423698183737,3.0
2025-44,-0.08146141133081232,0.44406396184787267,0.21199024738925917,0.5756847710017747,9.0
2025-45,-0.06272058126708789,0.4738048775139621,0.45465305383576987,0.5653924462086564,12.0
2025-46,0.01006091887979969,0.7300279375688384,0.1840254752724116,0.6954228429793656,11.0
2025-47,-0.015110710951047074,0.11429531394689156,0.6709630518874216,0.00714901418931949,3.0
