topic,sentiment_mean,sentiment_std,subjectivity_mean,subjectivity_std,counting
Adaptation,0.13710666846128014,0.646599895697807,0.03528313700062094,0.7498884413578658,32.0
Causes,-0.09353578159156148,0.4940488150848444,0.33772151155871993,0.5583703673910347,27.0
Hazard,-0.09152943556480615,0.7149038543940447,0.22636585036221887,0.7504040217910112,157.0
Impacts,0.24520837956535751,0.7679630108268171,0.27482928890846764,0.7618917618869077,28.0
Mitigation,0.13643319036029952,0.5945001021104921,0.03786845821408784,0.759603908482676,26.0
