topic,sentiment_mean,sentiment_std,subjectivity_mean,subjectivity_std,counting
Adaptation,0.2527770169321415,0.8759959274454057,-0.2624554927798431,0.9262416839704728,225.0
Causes,-0.09471856869978221,0.8224153359880665,0.10597971529029353,0.8112239722448594,232.0
Hazard,-0.06545885745452855,0.8278833545718643,0.16305703362449608,0.8595126648823402,1127.0
Impacts,-0.14074221542879092,0.9049808925316277,0.21659081264508645,0.8963959011533315,224.0
Mitigation,0.33624711117569994,0.8830392803700624,-0.17929476336997094,0.8806438842933062,226.0
