topic,sentiment_mean,sentiment_std,subjectivity_mean,subjectivity_std,counting
Adaptation,0.12066196485595927,0.7550159198689558,-0.06122515868008664,0.7915689247636506,50.0
Causes,-0.06258546510108784,0.5893285284546769,0.31024273838097677,0.6646781753354563,57.0
Hazard,-0.11040407565699563,0.7760602442820761,0.15437080354178284,0.8181634585155839,269.0
Impacts,0.11963941666114777,0.7240363199544285,0.2524037062791089,0.7795737165029991,50.0
Mitigation,0.38937440052669986,0.7858266586429489,0.02889309913829532,0.8540093931662873,54.0
