topic,sentiment_mean,sentiment_std,subjectivity_mean,subjectivity_std,counting
Adaptation,0.2537878787878788,1.0,0.5126262626262627,1.0,1.0
Causes,-0.03689033380568255,0.3113524314982346,0.4461338779573348,0.4525588144937096,17.0
Hazard,-0.07219912113468255,0.6728565605764251,0.2337669533774277,0.7296917162326902,68.0
Impacts,0.38152767545889127,0.5904155785531628,0.929598737225605,0.1969652092122375,3.0
Mitigation,-0.04991582491582491,0.6027993295523666,0.2876262626262627,0.6688899642749349,4.0
