topic,sentiment_mean,sentiment_std,subjectivity_mean,subjectivity_std,counting
Adaptation,0.28897304537887986,0.8623638727032533,-0.26908450867587563,0.9212887824810706,206.0
Causes,-0.09360557612574562,0.8262618999441981,0.11764979851276601,0.8083051750808987,220.0
Hazard,-0.06362664893666067,0.8225426278759115,0.16246538772291588,0.8589671187749073,1029.0
Impacts,-0.16341868131164086,0.8972679465371639,0.2284337114899791,0.8851084482976957,211.0
Mitigation,0.3234370348661931,0.8850661393999751,-0.1804994097140697,0.8753014062609876,206.0
