week,sentiment_mean,sentiment_std,subjectivity_mean,subjectivity_std,counting
2025-41,-0.08012566137566138,0.15257489277267716,0.7501818783068783,0.16761793710237688,4.0
2025-42,-0.054574514991181655,0.224658042671018,0.6302876984126984,0.11073572767704547,6.0
2025-43,-0.061348331802877264,0.06525194605223414,0.6650061218243036,0.031071423698183737,3.0
2025-44,-0.08146141133081232,0.44406396184787267,0.21199024738925917,0.5756847710017747,9.0
2025-45,-0.0585441684811773,0.5520212687204296,0.4110086653356201,0.6524362109956058,9.0
2025-46,0.0742750225975496,0.8393349379216923,0.116453813234713,0.7759172174304327,7.0
