topic,sentiment_mean,sentiment_std,subjectivity_mean,subjectivity_std,counting
Adaptation,0.22981040557844143,0.899540272357641,-0.27658186872550733,0.930382834117056,280.0
Causes,-0.09312652752797208,0.870107442787389,0.1334040884649165,0.8358990974397359,301.0
Hazard,-0.06769714723731349,0.85397428487052,0.14115816827960112,0.8799701542239307,1411.0
Impacts,-0.12349816822722254,0.8864933632839206,0.181325954821959,0.9042409280863848,282.0
Mitigation,0.3547620503017158,0.8616692655128179,-0.1732355908021872,0.8810459576880002,285.0
