topic,sentiment_mean,sentiment_std,subjectivity_mean,subjectivity_std,counting
Adaptation,0.2415433584416828,0.867649663928818,-0.2756897952487107,0.9180112132238561,237.0
Causes,-0.08694109593949337,0.8696029885162797,0.10315456124775196,0.8183492151095472,249.0
Hazard,-0.06569551840811706,0.8309545577832816,0.1628653552098617,0.8618601380409191,1193.0
Impacts,-0.1562729709516826,0.8906149958530558,0.2010214321721492,0.9034621911920477,240.0
Mitigation,0.3537132854714024,0.880284849320227,-0.1809525549463399,0.8953066291063174,242.0
