keyword,sentiment_mean,sentiment_std,subjectivity_mean,subjectivity_std,counting
'cold front',-0.046693855113344285,0.27753970043792703,0.4979633912029562,0.39872595479596634,12.0
'cold impacts',-0.3,1.0,1.0,1.0,1.0
'cold spell',0.10429164076732167,0.29909512977793185,0.48010307166310506,0.5269536864552176,7.0
'cold wave',-0.1280904279677301,0.6992001902667108,0.2304912216185236,0.7197125427915619,15.0
'heating system',0.11286676286676287,0.017720184367397366,0.44668109668109673,0.288250599834343,2.0
'insulation house',0.2537878787878788,1.0,0.5126262626262627,1.0,1.0
