topic,sentiment_mean,sentiment_std,subjectivity_mean,subjectivity_std,counting
Adaptation,0.23667928547729553,0.8019903626577711,-0.19823814090501715,0.8306575099525962,70.0
Causes,-0.11577733133568346,0.66095579917887,0.24495239295194415,0.6901371491112992,81.0
Hazard,-0.10656390531742135,0.7892837534067104,0.21007168192614525,0.8308126698561868,402.0
Impacts,0.05546419120566008,0.8167184111298232,0.21541288188150182,0.827249797858085,77.0
Mitigation,0.3826112108879078,0.7884070356592379,-0.18951061129962166,0.8640688840396398,79.0
