topic,sentiment_mean,sentiment_std,subjectivity_mean,subjectivity_std,counting
Causes,-0.01930996315395134,0.27355571706391874,0.4856570328274673,0.41579025061369557,11.0
Hazard,-0.0705173584044035,0.5944237476126463,0.3329081783687527,0.6498778893732923,17.0
Impacts,-0.3,1.0,1.0,1.0,1.0
Mitigation,0.11286676286676287,0.017720184367397366,0.44668109668109673,0.288250599834343,2.0
