week,sentiment_mean,sentiment_std,subjectivity_mean,subjectivity_std,counting
2025-41,-0.08012566137566138,0.15257489277267716,0.7501818783068783,0.16761793710237688,4.0
2025-42,-0.054574514991181655,0.224658042671018,0.6302876984126984,0.11073572767704547,6.0
2025-43,-0.061348331802877264,0.06525194605223414,0.6650061218243036,0.031071423698183737,3.0
2025-44,-0.07855654761904761,0.40048570258856325,0.3165674603174603,0.43748322246099025,8.0
2025-45,-0.07037838704505371,0.1848333275385005,0.6820426487093155,0.08275165718260584,3.0
