topic,sentiment_mean,sentiment_std,subjectivity_mean,subjectivity_std,counting
Adaptation,0.3117031859482398,0.8596984390493807,-0.2487151533032327,0.9026283434476002,109.0
Causes,-0.1581449221692174,0.7257493029638412,0.12652084682332027,0.7839967188283092,115.0
Hazard,-0.08043549417493635,0.8170214827617713,0.19283859678814907,0.8342577337487151,588.0
Impacts,-0.06891090440621211,0.8253733099989465,0.21185255410177026,0.8692003478150573,110.0
Mitigation,0.3585189406284528,0.8737582045051969,-0.22174136873560443,0.9094027002780669,106.0
