topic,sentiment_mean,sentiment_std,subjectivity_mean,subjectivity_std,counting
Adaptation,0.10687164571937086,0.756097150226948,-0.03685503174282622,0.8116498793101834,39.0
Causes,-0.05013925693445596,0.5541581521291715,0.2940365909617592,0.6359378382568982,46.0
Hazard,-0.13095013716887727,0.7138173915758992,0.19506801039535748,0.7827308703884301,209.0
Impacts,0.2971268019509121,0.7991422833050174,0.21853294272063684,0.7560028813990624,39.0
Mitigation,0.3146110552141516,0.7132443217109002,0.1411204241403269,0.8195288749051943,38.0
