topic,sentiment_mean,sentiment_std,subjectivity_mean,subjectivity_std,counting
Adaptation,0.23729313039180813,0.8986473259591681,-0.26278059919889063,0.9354269532402826,263.0
Causes,-0.08673265328517052,0.872663698268851,0.11013225125878151,0.8332232169388987,267.0
Hazard,-0.06254995567480745,0.8450209019199248,0.14924099649617315,0.8693043202284935,1296.0
Impacts,-0.15886170863092083,0.8775809940099812,0.19642552119289192,0.9038365122415369,256.0
Mitigation,0.3372774879457957,0.8617606959099159,-0.1745479962787296,0.8851158869509775,260.0
