topic,sentiment_mean,sentiment_std,subjectivity_mean,subjectivity_std,counting
Adaptation,0.3074469193489164,0.8757702714511788,-0.2538629058990289,0.9206926180156667,185.0
Causes,-0.14350228649849806,0.7762770608330398,0.11022787821138805,0.7977959670075038,189.0
Hazard,-0.06623698414065991,0.8160001927038827,0.1700681759985664,0.8553656679921661,904.0
Impacts,-0.16468494118843283,0.9134153837079517,0.23495791729729254,0.8878246233722236,179.0
Mitigation,0.3381727143857726,0.8679498210423595,-0.19514358455697203,0.8573261224859411,180.0
