keyword,sentiment_mean,sentiment_std,subjectivity_mean,subjectivity_std,counting
'cold front',-0.03689033380568255,0.3113524314982346,0.4461338779573348,0.4525588144937096,17.0
'cold impacts',0.20355339059327374,0.7121320343559642,0.8535533905932737,0.20710678118654757,2.0
'cold snap',-0.10020028034547988,0.48816230935646837,0.15153025162423947,0.7193669777205295,12.0
'cold spell',0.15051005236799625,0.29266602744918196,0.36140966251875517,0.500202890559658,15.0
'cold wave',-0.19767355163766537,0.9310155340468618,0.2851818245798166,0.8317398783509083,20.0
'colder than usual',0.2359287591536027,0.45941192990383967,-0.26416138292963093,0.7654752702428359,6.0
'extreme cold',-0.3800706036310816,0.3480076872016313,0.7302576784610137,0.08151757455518541,5.0
'heating system',-0.024755491422158087,0.2386978363825289,0.4644540644540645,0.20613548773271945,3.0
'insulation house',0.2537878787878788,1.0,0.5126262626262627,1.0,1.0
