topic,sentiment_mean,sentiment_std,subjectivity_mean,subjectivity_std,counting
Adaptation,0.2537878787878788,1.0,0.5126262626262627,1.0,1.0
Causes,-0.053465378208322485,0.25348606323363165,0.5073184253806656,0.35710230124778486,15.0
Hazard,-0.056330681049091044,0.5670742923200512,0.3360929171123475,0.6266212881020623,28.0
Impacts,-0.17636904761904762,0.17484056958624514,0.8760119047619048,0.17534564585852128,2.0
Mitigation,0.11286676286676287,0.017720184367397366,0.44668109668109673,0.288250599834343,2.0
