topic,sentiment_mean,sentiment_std,subjectivity_mean,subjectivity_std,counting
Causes,-0.01930996315395134,0.27355571706391874,0.4856570328274673,0.41579025061369557,11.0
Hazard,-0.138490620398597,0.2540363397291015,0.612055014337991,0.10956678703447606,10.0
Impacts,-0.3,1.0,1.0,1.0,1.0
Mitigation,0.11286676286676287,0.017720184367397366,0.44668109668109673,0.288250599834343,2.0
