topic,sentiment_mean,sentiment_std,subjectivity_mean,subjectivity_std,counting
Causes,-0.08587962962962963,0.15400576225692345,0.6294725529100529,0.1096393064357033,8.0
Hazard,-0.10402994227994226,0.18128879281498692,0.6100943362193363,0.1078386615289417,10.0
Impacts,-0.3,1.0,1.0,1.0,1.0
Mitigation,0.11286676286676287,0.017720184367397366,0.44668109668109673,0.288250599834343,2.0
