week,sentiment_mean,sentiment_std,subjectivity_mean,subjectivity_std,counting
2025-41,-0.08012566137566138,0.15257489277267716,0.7501818783068783,0.16761793710237688,4.0
2025-42,-0.054574514991181655,0.224658042671018,0.6302876984126984,0.11073572767704547,6.0
2025-43,-0.061348331802877264,0.06525194605223414,0.6650061218243036,0.031071423698183737,3.0
2025-44,0.03309568891815968,0.48235889018104444,0.17054022378025296,0.5601231299318375,8.0
2025-45,-0.15304032372028478,0.5371513801379723,0.45887245455241543,0.573734890036581,6.0
2025-46,5.551115123125783e-17,0.9999999999999999,-3.3306690738754696e-16,1.0,4.0
