week,sentiment_mean,sentiment_std,subjectivity_mean,subjectivity_std,counting
2025-41,0.08682960534954694,0.4335192772913947,0.4006373258673852,0.756253470245498,4.0
2025-42,-0.054574514991181655,0.224658042671018,0.6302876984126984,0.11073572767704547,6.0
2025-43,-0.061348331802877264,0.06525194605223414,0.6650061218243036,0.031071423698183737,3.0
2025-44,-0.18035555283295746,0.6959546135151806,0.11554800668337455,0.7741232830205601,11.0
2025-45,-0.08368637006486186,0.4893136179858786,0.5021229657393471,0.5317822747431454,17.0
2025-46,0.03476652133001658,1.001943804863776,0.1820543981229876,0.62435439460155,18.0
2025-47,0.011924826606746616,0.4654713163281987,0.201874258306316,0.7118818578549335,14.0
2025-48,0.01764276188981145,0.5595262720673576,0.19535171728206766,0.6718702897613166,12.0
2025-49,-0.2214591711554418,0.3335246485454365,0.2873130674195285,1.1407405166166356,8.0
