topic,sentiment_mean,sentiment_std,subjectivity_mean,subjectivity_std,counting
Adaptation,0.29872282325191163,0.8804012635314932,-0.26549025488448014,0.9370317545297528,171.0
Causes,-0.15680890912043285,0.764925766680292,0.1016585276885482,0.8040289635439005,174.0
Hazard,-0.07154768470053843,0.8250749923352572,0.18440623792072033,0.8505154251975853,829.0
Impacts,-0.1430792377690661,0.8480120542696464,0.22365381044902652,0.8524393469436665,164.0
Mitigation,0.35486416361861134,0.8769034770321683,-0.1958393123340561,0.8780973016249295,167.0
