keyword,sentiment_mean,sentiment_std,subjectivity_mean,subjectivity_std,counting
'cold front',-0.08587962962962963,0.15400576225692345,0.6294725529100529,0.1096393064357033,8.0
'cold impacts',-0.3,1.0,1.0,1.0,1.0
'cold spell',0.027435064935064937,0.18312868387875997,0.7051515151515152,0.0646144175617264,4.0
'cold wave',-0.19167328042328044,0.1264610392268893,0.5467228835978836,0.07987290942787066,6.0
'heating system',0.11286676286676287,0.017720184367397366,0.44668109668109673,0.288250599834343,2.0
