topic,sentiment_mean,sentiment_std,subjectivity_mean,subjectivity_std,counting
Adaptation,0.2382721547191935,0.9055345991718001,-0.2668280918298368,0.9339839447404364,263.0
Causes,-0.09696112325426516,0.872107636819467,0.11742779038918368,0.8367503645067934,274.0
Hazard,-0.060557580991006714,0.8462220302510524,0.14223277541620274,0.8713692747657947,1336.0
Impacts,-0.14779252586345515,0.8767826550086047,0.19107997241172195,0.9038544621117215,265.0
Mitigation,0.3413240748117656,0.8615061831916577,-0.16479347577482914,0.8855281539100881,264.0
