topic,sentiment_mean,sentiment_std,subjectivity_mean,subjectivity_std,counting
Adaptation,0.2979157179531345,0.8834433054657588,-0.2682735615960554,0.9351119859760268,171.0
Causes,-0.1555749554729137,0.7614701906557124,0.10691431261184525,0.8076067731682733,172.0
Hazard,-0.06981613353867867,0.8270816980257312,0.18263545373603973,0.8492282851106001,826.0
Impacts,-0.14593149955826837,0.8536557044530718,0.23446450264808508,0.8480439158215326,161.0
Mitigation,0.3552528280747027,0.8722955874213132,-0.21169519493578345,0.8878112812469848,161.0
