topic,sentiment_mean,sentiment_std,subjectivity_mean,subjectivity_std,counting
Adaptation,0.3147714399879203,0.8749444817681107,-0.26360849997550306,0.9219471092538176,188.0
Causes,-0.12057039864576784,0.7893491115643578,0.08550801638786014,0.789273249478415,197.0
Hazard,-0.07248350193681581,0.8188224574369537,0.1674258388274716,0.8605420120701187,941.0
Impacts,-0.15384835581993858,0.9044763517303733,0.2505685213280845,0.8837715075046182,191.0
Mitigation,0.3387682814462107,0.867150568179536,-0.1843619499503182,0.8521296881096803,188.0
