topic,sentiment_mean,sentiment_std,subjectivity_mean,subjectivity_std,counting
Adaptation,0.2414087141037054,0.8854348353687282,-0.2566344580549482,0.9305607576656897,251.0
Causes,-0.08182595214226887,0.8664240371024279,0.10508080531806022,0.8343030035808933,261.0
Hazard,-0.06594485937852997,0.8441817307111604,0.15468257206056307,0.865049488239695,1253.0
Impacts,-0.15646443370413118,0.8809425865074468,0.18898695011850636,0.9123080248579895,250.0
Mitigation,0.3355301012565236,0.8597635479210801,-0.1796588588362881,0.8855661352600472,259.0
