topic,sentiment_mean,sentiment_std,subjectivity_mean,subjectivity_std,counting
Adaptation,0.2537878787878788,1.0,0.5126262626262627,1.0,1.0
Causes,-0.046693855113344285,0.27753970043792703,0.4979633912029562,0.39872595479596634,12.0
Hazard,-0.05415067882475906,0.6031194362850705,0.3099131739054359,0.6624362342071207,22.0
Impacts,-0.3,1.0,1.0,1.0,1.0
Mitigation,0.11286676286676287,0.017720184367397366,0.44668109668109673,0.288250599834343,2.0
