topic,sentiment_mean,sentiment_std,subjectivity_mean,subjectivity_std,counting
Adaptation,0.23256479055339868,0.8725804871383145,-0.2718287670523326,0.9134287640971182,244.0
Causes,-0.08532930641331403,0.8653924713471325,0.10656135906816071,0.8326513628893166,254.0
Hazard,-0.06282860261210937,0.8397234296584534,0.15886073440744355,0.8630628408678447,1222.0
Impacts,-0.14841016922901337,0.8873784298255428,0.1836831412007787,0.9131520853251578,249.0
Mitigation,0.34236442875610296,0.8721984518490454,-0.17397246469480018,0.8933843392903027,244.0
