topic,sentiment_mean,sentiment_std,subjectivity_mean,subjectivity_std,counting
Adaptation,0.31733112674100383,0.815306372257158,-0.2425336531001461,0.857640655046712,87.0
Causes,-0.1514047241290559,0.6664312622179334,0.1608853818114972,0.7361782690318884,91.0
Hazard,-0.09444232324344441,0.7966414984332808,0.2079106836352383,0.8310515205579457,488.0
Impacts,-0.0024943509934463033,0.8246332433195546,0.18367832470740322,0.8673358136032202,92.0
Mitigation,0.3592159026317592,0.8882905710887735,-0.17426258481443996,0.8910089368723225,91.0
