keyword,sentiment_mean,sentiment_std,subjectivity_mean,subjectivity_std,counting
'cold front',-0.01930996315395134,0.27355571706391874,0.4856570328274673,0.41579025061369557,11.0
'cold impacts',-0.3,1.0,1.0,1.0,1.0
'cold spell',0.027435064935064937,0.18312868387875997,0.7051515151515152,0.0646144175617264,4.0
'cold wave',-0.10065656558577837,0.6771655127908924,0.21837176705097963,0.7082921476943191,13.0
'heating system',0.11286676286676287,0.017720184367397366,0.44668109668109673,0.288250599834343,2.0
