topic,sentiment_mean,sentiment_std,subjectivity_mean,subjectivity_std,counting
Adaptation,0.23171308903748228,0.8934982068162014,-0.2818123482521387,0.927183523868001,280.0
Causes,-0.09011635458487471,0.8756568464534068,0.135929524998654,0.8270594042984498,281.0
Hazard,-0.06656787931154597,0.8503771625162332,0.14117757968892392,0.8754218943385659,1357.0
Impacts,-0.1346027013801761,0.8907536069269755,0.19962937599772243,0.9078281538482537,270.0
Mitigation,0.34413961118966124,0.8575690306060867,-0.17100563392650694,0.8844284810586649,270.0
