keyword,sentiment_mean,sentiment_std,subjectivity_mean,subjectivity_std,counting
'cold front',-0.03689033380568255,0.3113524314982346,0.4461338779573348,0.4525588144937096,17.0
'cold impacts',0.38152767545889127,0.5904155785531628,0.929598737225605,0.1969652092122375,3.0
'cold snap',-0.13919819838714262,0.49690926947279823,0.1019015943882881,0.7076175166945661,13.0
'cold spell',0.2044370740508457,0.36159148229944166,0.28858500298786943,0.5327056682948466,15.0
'cold wave',-0.17690385581966922,0.934284632864069,0.2048377830308352,0.907509101624709,25.0
'colder than usual',0.24992767337841837,0.45488146832780013,-0.21116887832926587,0.6861944290411156,6.0
'extreme cold',-0.3603877126296694,0.2969635282502633,0.7098584168893348,0.081195330500075,9.0
'heating system',-0.04991582491582491,0.6027993295523666,0.2876262626262627,0.6688899642749349,4.0
'insulation house',0.2537878787878788,1.0,0.5126262626262627,1.0,1.0
