topic,sentiment_mean,sentiment_std,subjectivity_mean,subjectivity_std,counting
Adaptation,0.29265549434329846,0.8668066577271898,-0.27271115080881625,0.9190450963906758,199.0
Causes,-0.09410666543881614,0.8085211765184238,0.10532841901696191,0.7981859019730994,208.0
Hazard,-0.06973048968896525,0.8213497256568437,0.1671905094722978,0.8576425781291814,991.0
Impacts,-0.15823627753755773,0.8925758922335513,0.2324916522015253,0.8944389738230507,198.0
Mitigation,0.3359619336407019,0.8814217171076794,-0.18319682641500878,0.8587398178416593,197.0
