topic,sentiment_mean,sentiment_std,subjectivity_mean,subjectivity_std,counting
Adaptation,0.2506527069593838,0.8793922270210175,-0.28032840484383065,0.9164990399244182,234.0
Causes,-0.08269580690304063,0.8346120918232885,0.09842918015727901,0.8108780920861112,241.0
Hazard,-0.06558259377666335,0.8312870671190115,0.16665580692463655,0.8591553931019067,1168.0
Impacts,-0.16432785258961627,0.899068239452237,0.22781051504813996,0.9005496291455846,233.0
Mitigation,0.3427920247808498,0.875029156679429,-0.1971325680913197,0.8904346054422877,238.0
