topic,sentiment_mean,sentiment_std,subjectivity_mean,subjectivity_std,counting
Adaptation,0.2999837507462152,0.8810464875623784,-0.240722183075476,0.9089665057136622,118.0
Causes,-0.17030335853159762,0.7276046808124982,0.16060361282568056,0.7958757505038202,125.0
Hazard,-0.0779015916313194,0.8218003144822624,0.18516349755847686,0.840767344013632,631.0
Impacts,-0.06261172023598521,0.8111363769624238,0.22524943170935036,0.8419285558416018,120.0
Mitigation,0.3461280101601853,0.8776404720883912,-0.24070339240441332,0.9021720142701314,120.0
