week,sentiment_mean,sentiment_std,subjectivity_mean,subjectivity_std,counting
2025-41,0.08682960534954694,0.4335192772913947,0.4006373258673852,0.756253470245498,4.0
2025-42,-0.054574514991181655,0.224658042671018,0.6302876984126984,0.11073572767704547,6.0
2025-43,-0.061348331802877264,0.06525194605223414,0.6650061218243036,0.031071423698183737,3.0
2025-44,-0.23323827608656858,0.6417679453365186,0.20190836341461915,0.7245740863383868,11.0
2025-45,-0.08522477655214246,0.4895114925088218,0.5156714779827452,0.5527315381451885,17.0
2025-46,0.02999953357022608,0.8666426892477492,0.19270276584934945,0.6433402728646522,17.0
2025-47,-0.007833708249758712,0.4447916883944247,0.32616980798513107,0.6888921848183763,13.0
2025-48,0.0346950475247664,0.5263928838614309,0.03239802001137463,0.80395029171538,10.0
