topic,sentiment_mean,sentiment_std,subjectivity_mean,subjectivity_std,counting
Adaptation,0.2537878787878788,1.0,0.5126262626262627,1.0,1.0
Causes,-0.03689033380568255,0.3113524314982346,0.4461338779573348,0.4525588144937096,17.0
Hazard,-0.05832765645884335,0.6479375364909722,0.2587838714413072,0.7053407805749646,58.0
Impacts,0.20355339059327374,0.7121320343559642,0.8535533905932737,0.20710678118654757,2.0
Mitigation,-0.024755491422158087,0.2386978363825289,0.4644540644540645,0.20613548773271945,3.0
