week,sentiment_mean,sentiment_std,subjectivity_mean,subjectivity_std,counting
2025-41,-0.08012566137566138,0.15257489277267716,0.7501818783068783,0.16761793710237688,4.0
2025-42,-0.054574514991181655,0.224658042671018,0.6302876984126984,0.11073572767704547,6.0
2025-43,-0.04078282828282828,0.07731748390246844,0.6607323232323232,0.042676394117066904,2.0
2025-44,-0.14349206349206348,0.18058629600515838,0.48000661375661374,0.15236718773948302,6.0
2025-45,-0.07037838704505371,0.1848333275385005,0.6820426487093155,0.08275165718260584,3.0
